"id","repository_name","url","namespace_identifier"
1, Bollettino della società italiana di fotogrammetria e topografia,https://www.sifet.org/bollettino/index.php/bollettinosifet/oai,bollettino.sifet.cirgeo.unipd.it
2, International Journal of Advances in Health Sciences (IJHS) ,https://www.ijhsonline.com/index.php/IJHS/oai,ojs2.www.ijhsonline.com
3," International Journal of Analytical, Experimental and Finite Element Analysis",https://www.rame.org.in/rameojs/index.php/ijaefea/oai,ojs2.www.rame.org.in
4," International Journal of Environmental, Sustainability, and Social Science",https://journalkeberlanjutan.com/index.php/ijesss/oai,ojs2.journalkeberlanjutan.com
5, Journal of Environmental and Life Sciences,https://www.jelsciences.com/oai.php,jelsciences.com
6, Journal of Livestock and Animal Health ,https://jlah.org/index.php/jlah/oai,ojs2.jlah.org
7, Journal of Visualization and Interaction,https://journals.aau.dk/index.php/jovi/oai,dk.aau.aub.ojs
8, Malaysian Journal of Medical and Biological Research,https://i-proclaim.my/journals/index.php/mjmbr/oai,ojs2.i-proclaim.my
9," The Contrarian : Finance, Accounting, and Business Research",https://jurnal.ywnr.org/index.php/cfabr/oai,ojs.pkp.sfu.ca
10, سامانه اطلاعات زیست پزشکی و سلامت ,http://eprints.arums.ac.ir/cgi/oai2,eprints.arums.ac.ir
11,"""Carácter""  Revista Cientifica de la Universidad Del Pacifico ISSN 2602-8476",http://www.upacifico.edu.ec/ojs/index.php/caracter/oai,ojs.www.upacifico.edu.ec
12,"""CiteSeerX Scientific Literature Digital Library and Search Engine""",http://citeseerx.ist.psu.edu/oai2,CiteSeerX.psu
13,"""Fondo Xavier Clavigero, S.J."" de la Biblioteca ""Dr Jorge Villalobos Padilla, S.J."" del Iteso",http://srb2.bib.iteso.mx/oai/fxc/default.aspx,fcx.iteso.mx
14,"""Hydrosphere. Hazard processes and phenomena""",http://hydro-sphere.ru/index.php/hydrosphere/oai,ojs2.hydro-sphere.ru
15,${dspace.name},http://repository.ied.edu.hk/dspace-oai/request,""
16,'Anil Islam: Jurnal Kebudayaan dan Ilmu Keislaman,http://jurnal.instika.ac.id/index.php/AnilIslam/oai,ojs2.ejournal.annuqayah.com
17,(JIML) JOURNAL OF INNOVATIVE MATHEMATICS LEARNING,https://journal.ikipsiliwangi.ac.id/index.php/jiml/oai,ojs.pkp.sfu.ca
18,(JISA) JURNAL INFORMATIKA DAN SAINS,http://trilogi.ac.id/journal/ks/index.php/JISA/oai,ojs.localhost
19,"14-18 en 14x9 : l'album de cartes postales de Simon Jeanjean",http://epublications.unilim.fr/jeanjean/oai.php,jeanjean.unilim.fr
20,"1st. International Conference Health Polytechnic of Ministry of Health in Kupang",http://econf.poltekeskupang.ac.id/index.php/spk/2018/oai,ocs.econf.poltekeskupang.ac.id
21,['archive_name' not defined],https://vignanir.mosys.org/cgi/oai2,vignanir.mosys.org
22,[Con]textos,http://revistas.usc.edu.co/index.php/Contextos/oai,ojs.revistas.usc.edu.co
23,[re]Design,https://periodicos.ifma.edu.br/redesign/oai,ojs.periodicos.ifma.edu.br
24,A Celebration of Women Writers,http://digital.library.upenn.edu/webbin/OAI-celebration,celebration
25,A&M-Commerce Digital Commons,https://digitalcommons.tamuc.edu/do/oai/,digitalcommons.tamuc.edu
26,A+BE | Architecture and the Built Environment,http://abe.tudelft.nl/index.php/faculty-architecture/oai,ojs.ojs-lib.tudelft.nl
27,A-plus,http://a-plus.auhw.ac.jp/modules/xoonips/oai.php,""
28,AAB College Digital Library,https://dspace.aab-edu.net/oai/request,dspace.aab-edu.net
29,ABACUS. Repositorio de Producción Científica,http://abacus.universidadeuropea.es/oai/request,""
30,ABANNA: Journal Of Contemporary Islamic Education,https://journal.enliinstitute.com/index.php/ABANNA/oai,ojs2.journal.enliinstitute.com
31,Abasyn Journal of Life Sciences,http://ajlifesciences.com/oai2.php,""
32,ABC Journal of Advanced Research,http://journals.abc.us.org/index.php/abcjar/oai,journals.abc.us.org
33,ABC Journal of Advanced Research,https://i-proclaim.my/journals/index.php/abcjar/oai,ojs2.i-proclaim.my
34,ABC Research Alert,https://abcresearchalert.com/oai,ojs.pkp.sfu.ca
35,ABC Research Alert,https://abc.us.org/ojs/index.php/abcra/oai,ojs2.abc.us.org
36,ABDI KAMI: Jurnal Pengabdian Kepada Masyarakat,http://ejournal.iaiibrahimy.ac.id/index.php/Abdi_Kami/oai,ojs2.ejournal.iaiibrahimy.ac.id
37,Abdi Masya,https://jurnal.sttw.ac.id/index.php/abma/oai,ojs2.jurnal.sttw.ac.id
38,Abdi Widya: Jurnal Pengabdian Masyarakat,https://jurnal2.isi-dps.ac.id/index.php/abdiwidya/oai,ojs.pkp.sfu.ca
39,ABDIMAS: JURNAL PENGABDIAN KEPADA MASYARAKAT,http://ejournal.unima.ac.id/index.php/abdimas/oai,ojs.ejournal.unima.ac.id
40,Abdullah Gül University Institutional Repository,http://acikerisim.agu.edu.tr/oai/request,acikerisim.agu.edu.tr
41,Aberdeen University Research Archive,http://aura.abdn.ac.uk/dspace-oai/request,""
42,Abertay Research Collections,http://repository.abertay.ac.uk:8080/oai/request,""
43,Abrahamic Religions: Jurnal Studi Agama-Agama,https://jurnal.ar-raniry.ac.id/index.php/abrahamic/oai,ojs.jurnal.ar-raniry.ac.id
44,ABSYARA: Jurnal Pengabdian Pada Masyarakat,http://e-journal.hamzanwadi.ac.id/index.php/ab/oai,ojs2.e-journal.hamzanwadi.ac.id
45,Academic Commons,https://commons.library.stonybrook.edu/do/oai/,commons.library.stonybrook.edu
46,Academic Commons,http://academiccommons.columbia.edu:8080/ac-oai/request,""
47,Academic Journals,http://academicjournals.org/oai-pmh/handler,""
48,Academic Research Repository Institute of Developing Economies (ARRIDE),http://ir.ide.go.jp/oai,""
49,Academica-e,http://academica-e.unavarra.es/oai/request,""
50,Academicus International Scientific Journal Repository,https://academicus.edu.al/oai/request.php,academicus.edu.al
51,Academos Public Archive,http://pub.academos.ro/oai-pmh-repository/request,pub.academos.ro
52,Academy of Business & Scientific Research (ABSR),http://absronline.org/journals/index.php/index/oai,ojs.absronline.org
53,Academy of Education and Social Sciences Review,https://journals.irapa.org/index.php/aessr/oai,ojs2.journals.irapa.org
54,acceda,http://acceda.ulpgc.es/oai/request,""
55,AccessATE,https://accessate.net/OAI,accessate.net
56,AccessLex Resource Collections,https://arc.accesslex.org/do/oai/,arc.accesslex.org
57,"Acervo General de la biblioteca ""Dr Jorge Villalobos Padilla, S.J."" del ITESO",http://docu.gdl.iteso.mx/oai/default.aspx,acervo.iteso.mx
58,Acikerisim@COMU,http://acikerisim.lib.comu.edu.tr:8080/oai/request,""
59,Acitya Wisesa (Journal Of Multidisciplinary Research),https://journal.jfpublisher.com/index.php/jmr/oai,ojs2.journal.jfpublisher.com
60,Acta Biomedica Scientifica,https://www.actabiomedica.ru/jour/oai,oai.actabiomedica.elpub.ru
61,Acta Chimica Slovenica,https://journals.matheo.si/index.php/index/oai,ojs.abelium.eu
62,Acta Interna The Journal of Internal Medicine,http://jurnal.ugm.ac.id/jain/oai,jurnal.ugm.ac.id
63,Acta Medica Anatolia,http://dergipark.ulakbim.gov.tr/ibuama/oai,dergipark.ulakbim.gov.tr
64,Acta Medica Indonesiana,http://www.actamedindones.org/index.php/ijim/oai,ojs.www.actamedindones.org
65,Acta medica Lituanica,https://www.journals.vu.lt/AML/oai,ojs.www4063.vu.lt
66,Acta Medica Marisiensis,http://www.ammjournal.ro/index.php/AMM/oai,ojs.ammjournal.ro
67,Acta Medica Scientia,http://asdpub.com/index.php/ams/oai,ojs.asdpub.com
68,Acta Monographica,http://www.actamonographica.org/ojs-2.2.4/index.php/actamonographica/oai,ojs.www.actamonographica.org
69,Acta Museologica Lithuanica,https://www.journals.vu.lt/acta-museologica-lithuanica/oai,ojs.www4063.vu.lt
70,Acta Orientalia Vilnensia,https://www.journals.vu.lt/acta-orientalia-vilnensia/oai,ojs.www4063.vu.lt
71,Acta Paedagogica Vilnensia,https://www.journals.vu.lt/acta-paedagogica-vilnensia/oai,ojs.www4063.vu.lt
72,Acta Pediátrica de México,http://www.ojs.actapediatrica.org.mx/index.php/APM/oai,ojs.ojs.escire.net
73,Acta Reumatológica,http://imed.pub/ojs/index.php/ar/oai,www.imed.pub
74,Acta Tecnológica,https://periodicos.ifma.edu.br/actatecnologica/oai,ojs.pkp.sfu.ca
75,Acta Universitatis Bohemiae Meridionalis,http://ojs.ef.jcu.cz/acta/oai,ojs.ojs.ef.jcu.cz
76,Actes Sémiotiques,http://epublications.unilim.fr/revues/as/oai.php,as.unilim.fr
77,Actual Problems of Mind. Philosophy Journal,http://journal.kdpu.edu.ua/apd/oai,journal.kdpu.edu.ua
78,Actual Problems of Mind. Philosophy Journal,https://journal.kdpu.edu.ua/apd/oai,journal.kdpu.edu.ua
79,ACU Research Bank,https://researchbank.acu.edu.au/do/oai/,researchbank.acu.edu.au
80,Adaara: Jurnal Manajemen Pendidikan Islam,https://jurnal.iain-bone.ac.id/index.php/adara/oai,ojs.pkp.sfu.ca
81,ADBU Journal of Electrical and Electronics Engineering (AJEEE),http://journals.dbuniversity.ac.in/ojs/index.php/AJEEE/oai,journals.dbuniversity.ac.in
82,ADDI: Repositorio Institucional de la Universidad del País Vasco,http://addi.ehu.es/oai/request,addi.ehu.es
83,Adelphi Digital Commons,https://digitalcommons.adelphi.edu/do/oai/,digitalcommons.adelphi.edu
84,ADHAPER: Jurnal Hukum Acara Perdata,http://jhaper.org/index.php/JHAPER/oai,ojs.www.jhaper.org
85,adihusada.ac.id,https://adihusada.ac.id/repository/oai2.php,""
86,ADRI International Journal,http://journal.p-adri.com/index.php/index/oai,ojs.journal.p-adri.com
87,Advanced Electromagnetics,http://aemjournal.org/index.php/AEM/oai,ojs.aemjournal.org
88,Advanced Journal of Graduate Research,https://journals.aijr.in/index.php/ajgr/oai,article.journals.aijr.in
89,Advanced Journal of Graduate Research,https://journals.aijr.org/index.php/ajgr/oai,ojs2.journals.aijr.org
90,Advanced Journal of Social Science,https://journals.aijr.org/index.php/ajss/oai,ojs2.journals.aijr.org
91,Advanced Nano Research,https://journals.aijr.org/index.php/anr/oai,ojs2.journals.aijr.org
92,Advancements in Life Sciences,http://submission.als-journal.com/index.php/ALS/oai,ojs.submission.als-journal.com
93,Advances in Agricultural Science,http://aaasjournal.org/submission/index.php/aaas/oai,ojs2.aaasjournal.org
94,Advances in Applied Economics and Finance,http://www.worldsciencepublisher.org/journals/index.php/AAEF/oai,ojs.worldsciencepublisher.org
95,Advances in Asian Social Science,http://www.worldsciencepublisher.org/journals/index.php/AASS/oai,ojs.worldsciencepublisher.org
96,Advances in BioScience,https://e-journal.sospublication.co.in/index.php/ab/oai,ojs2.e-journal.sospublication.co.in
97,Advances in BioScience,https://journals.sospublication.co.in/ab/oai,ojs2.journals.sospublication.co.in
98,Advances in Clinical Medical Research,https://www.acmrjournal.com/index.php/ACMR/oai,ojs2.www.acmrjournal.com
99,Advances in Computational Mathematics and its Applications,http://www.worldsciencepublisher.org/journals/index.php/ACMA/oai,ojs.worldsciencepublisher.org
100,Advances in Computer Science and its Applications,http://www.worldsciencepublisher.org/journals/index.php/ACSA/oai,ojs.worldsciencepublisher.org
101,Advances in Digital Multimedia,http://www.worldsciencepublisher.org/journals/index.php/ADMM/oai,ojs.worldsciencepublisher.org
102,Advances in Electrical Engineering Systems,http://www.worldsciencepublisher.org/journals/index.php/AEES/oai,ojs.worldsciencepublisher.org
103,Advances in English Linguistics,http://worldsciencepublisher.org/journals/index.php/AEL/oai,ojs.worldsciencepublisher.org
104,Advances in Geo-Energy Research,http://www.yandy-ager.com/index.php/astp/oai,ojs.localhost
105,Advances in Information Technology and Management,http://www.worldsciencepublisher.org/journals/index.php/AITM/oai,ojs.worldsciencepublisher.org
106,Advances in Intelligent Transportation Systems,http://www.worldsciencepublisher.org/journals/index.php/AITS/oai,ojs.worldsciencepublisher.org
107,Advances in Life Science and its Applications,http://worldsciencepublisher.org/journals/index.php/ALSA/oai,ojs.worldsciencepublisher.org
108,Advances in Mechanical Engineering and its Applications,http://www.worldsciencepublisher.org/journals/index.php/AMEA/oai,ojs.worldsciencepublisher.org
109,Advances in Modern Oncology Research,http://ojs.bilpublishing.com/index.php/amor/oai,ojs.bbwpublisher.com
110,Advances in Pure and Applied Chemistry,http://worldsciencepublisher.org/journals/index.php/APAC/oai,ojs.worldsciencepublisher.org
111,Advances in Technology Innovation,https://ojs.imeti.org/index.php/AITI/oai,ojs.imeti.org
112,Advocatus,http://revistas.unilibre.edu.co/index.php/advocatus/oai,revistas.unilibre.edu.co
113,AES,http://mysymposia.org/index.php/aes/index/oai,ocs.mysymposia.org
114,AESOP Eprints,https://api.aesop-planning.eu/server/oai/request,eprints.aesop-planning.eu
115,AESOP Eprints,https://eprints.aesop-planning.eu/index.php/ae/oai,eprints.aesop-planning.eu
116,Aesthetic Investigations,http://www.aestheticinvestigations.eu/index.php/journal/oai,ojs.esthetica-tijdschrift.nl
117,Affectio Societatis,http://aprendeenlinea.udea.edu.co/revistas/index.php/affectiosocietatis/oai,ojs.aprendeenlinea.udea.edu.co
118,AFIT Scholar,https://scholar.afit.edu/do/oai/,scholar.afit.edu
119,Africa Spectrum,http://hup.sub.uni-hamburg.de/giga/afsp/oai,hup.sub.uni-hamburg.de.giga
120,African Higher Education Research Online,http://ahero.uwc.ac.za/lib/oai/oai2.php,""
121,African Journal of Empirical Research,https://ajernet.net/ajernet/oai,index.ajernet.net
122,African Journal of Political Sciences,https://www.maspolitiques.com/ojs/index.php/ajps/oai,ojs2.www.maspolitiques.com
123,African Journal of Tropical Medicine and Biomedical Research,http://ajtmbr.org.ng/index.php/ajtmbr/oai,ojs.ajtmbr.org.ng
124,AFRIScholar.net,https://publications.afrischolar.net/oai-pmh-repository/request,publications.afrischolar.net
125,Afro-Ásia,https://periodicos.ufba.br/index.php/afroasia/oai,ojs.periodicos.ufba.br
126,Afyonkarahisar Health Sciences University Institutional Repository,http://acikerisim.afsu.edu.tr/oai/request,acikerisim.afsu.edu.tr
127,AGENTS,http://tin.fst.uin-alauddin.ac.id/jurnal/index.php/agents/oai,tin.fst.uin-alauddin.ac.id
128,"AGPE THE ROYAL GONDWANA RESEARCH JOURNAL OF HISTORY, SCIENCE, ECONOMIC, POLITICAL AND SOCIAL SCIENCE",https://agpegondwanajournal.co.in/index.php/agpe/oai,ojs2.agpegondwanajournal.co.in
129,Agri Ibrahim Cecen University Institutional Repository,http://acikerisim.agri.edu.tr/oai/request,acikerisim.agri.edu.tr
130,Agribusiness and and Economic-Social Scientific Research,http://jurnal.unmuhjember.ac.id/index.php/AGRIBEST/oai,ojs.localhost
131,Agribusiness Journal,http://usnsj.id/index.php/AJ/oai,ojs.usnsj.com
132,AGRICULTURAL SCIENCE,http://agriscience.scientific-work.org/index.php/agriscience/oai,ojs2.agriscience.scientific-work.org
133,Agriculture,http://jjss.co.in/ij/index.php/ag/oai,ojs.jjss.co.in
134,Agriekonomika,http://journal.trunojoyo.ac.id/agriekonomika/oai,ojs.journal.trunojoyo.ac.id
135,"Agriprima, Journal of Applied Agricultural Sciences",http://agriprima.polije.ac.id/index.php/journal/oai,ojs.agriprima.polije.ac.id
136,"Agriprima, Journal of Applied Agricultural Sciences",https://agriprima.polije.ac.id/index.php/journal/oai,ojs.agriprima.polije.ac.id
137,AGRISCIENCE,https://journal.trunojoyo.ac.id/agriscience/oai,ojs.journal.trunojoyo.ac.id
138,Agritrop,http://agritrop.cirad.fr/cgi/oai2,agritrop.cirad.fr
139,"AGRIVITA, Journal of Agricultural Science",http://agrivita.ub.ac.id/index.php/index/oai,agrivita.ub.ac.id
140,Agro Ekonomi,https://jurnal.ugm.ac.id/jae/oai,jurnal.ugm.ac.id
141,AGROINTEK,http://journal.trunojoyo.ac.id/agrointek/oai,ojs.journal.trunojoyo.ac.id
142,AGROMIX,https://jurnal.yudharta.ac.id/v2/index.php/AGROMIX/oai,ojs.jurnal.yudharta.ac.id
143,AgroProductividad,http://revista-agroproductividad.org/index.php/agroproductividad/oai,ojs.pkp.sfu.ca
144,"AGROPROSS, National Conference Proceedings of Agriculture",https://jpp.polije.ac.id/conference/index.php/agropross/index/oai,ocs.jpp.polije.ac.id
145,Agrosavia - Corporación colombiana de investigación agropecuaria,http://repository.agrosavia.co/oai/request,repository.agrosavia.co
146,Agroteknika,https://agroteknika.id/index.php/agtk/oai,ojs2.agroteknika.id
147,Agrovigor: Jurnal Agroekoteknologi,https://journal.trunojoyo.ac.id/agrovigor/oai,ojs.journal.trunojoyo.ac.id
148,AgSpace,http://agspace.nal.usda.gov:8080/dspace-oai/request,""
149,"Aibi revista de investigación, administración e ingeniería",http://revistas.udes.edu.co/site/index.php/aibi/oai,ojs.revistas.udes.edu.co
150,Aichi University of Education Academic Information Repository,http://aue.repo.nii.ac.jp/oai,""
151,Aichi University of the Arts Repository,http://ai-arts.repo.nii.ac.jp/oai,""
152,AICLL: ANNUAL INTERNATIONAL CONFERENCE ON LANGUAGE AND LITERATURE,http://aicll.sastra.uisu.ac.id/index.php/aicll/oai,aicll.sastra.uisu.ac.id
153,AIJR Books,http://books.aijr.org/index.php/press/oai,omp.books.aijr.org
154,AIJR Journals,https://journals.aijr.org/index.php/index/oai,ojs2.journals.aijr.org
155,AIJR Publisher,https://journals.aijr.in/index.php/index/oai,article.journals.aijr.in
156,AIM25 - Archives in London,http://www.aim25.ac.uk/cgi-bin/oai/OAI2.0,aim25.ac.uk
157,Aircraft Design and Systems Group (AERO) @ Hamburg University of Applied Sciences - Prof. Dr. Scholz,http://oaigateway.library.ucla.edu/gatewaynet/oai.aspx/www.fzt.haw-hamburg.de/pers/Scholz/Repository1.xml,""
158,Aisberg,http://dspace-unibg.cilea.it/dspace-oai/request,""
159,"Aisthema, International Journal",http://www.aisthema.eu/ojs/index.php/Aisthema/oai,ojs.www.aisthema.eu
160,AITEL: Artikel Ilmiah Teknik Elektro,http://student-research.umm.ac.id/index.php/aitel/oai,ojs.student-research.umm.ac.id
161,AIUB Journal of Science and Engineering,http://ajse.aiub.edu/index.php/AJSE/oai,ojs.ajse.aiub.edu
162,AIWADTHU: Jurnal Pengabdian Hukum,https://fhukum.unpatti.ac.id/jurnal/aiwadthu/oai,ojs.fhukum.unpatti.ac.id
163,Akdeniz Üniversitesi DSpace,http://acikerisim.akdeniz.edu.tr/oai/request,acikerisim.akdeniz.edu.tr
164,AKF OAI-PMH Repository,http://akf.nul.nagoya-u.ac.jp/infolib/oai_repository/oai/G0000002AKF-repository,""
165,Akita University Institutional Repository,http://air.repo.nii.ac.jp/oai,""
166,Akita University of Art Repository,http://akibi.repo.nii.ac.jp/oai,""
167,"Akronos Publishing, Canada",http://www.aetherometry.com/OAI/oai2.php,""
168,Aksaray University Institutional Repository,http://acikerisim.aksaray.edu.tr/oai/request,acikerisim.aksaray.edu.tr
169,AKSARAY ÜNİVERSİTESİİKTİSADİ VE İDARİ BİLİMLER FAKÜLTESİ  DERGİSİ,http://iibfdergi.aksaray.edu.tr/index.php/index/oai,ojs.iibfdergi.aksaray.edu.tr
170,"Akuatikisle: Jurnal Akuakultur, Pesisir dan Pulau-Pulau Kecil",http://ejournal.stipwunaraha.ac.id/index.php/ISLE/oai,ojs.ejournal.stipwunaraha.ac.id
171,Akubis: Jurnal Akuntansi dan Bisnis,https://akubis.journalwidyakarya.ac.id/index.php/akubis/oai,ojs2.akubis.journalwidyakarya.ac.id
172,Akuntansi dan Humaniora: Jurnal Pengabdian Masyarakat,https://journalkeberlanjutan.com/index.php/ahjpm/oai,ojs2.journalkeberlanjutan.com
173,Akuntansi dan Manajemen,http://ejournal.polinpdg.ac.id/index.php/JAM/oai,ojs.ojs.polinpdg.ac.id
174,AKURASI: Jurnal Riset Akuntansi dan Keuangan,https://ejournal.imperiuminstitute.org/index.php/AKURASI/oai,ojs2.ejournal.imperiuminstitute.org
175,AKWABA ,http://akwaba.bnci.ci/oai-pmh-repository/request,akwaba.bnci.ci
176,Al Athfal: Jurnal Pendidikan Anak,http://ejournal.uin-suka.ac.id/tarbiyah/index.php/alathfal/oai,ojs.pkp.sfu.ca
177,Al Fitrah: Journal Of Early Childhood Islamic Education,https://ejournal.iainbengkulu.ac.id/index.php/alfitrah/oai,ojs.ejournal.iainbengkulu.ac.id
178,AL IMARAH : JURNAL PEMERINTAHAN DAN POLITIK ISLAM,http://ejournal.iainbengkulu.ac.id/index.php/alimarah/oai,ojs.ejournal.iainbengkulu.ac.id
179,AL IMARAH : JURNAL PEMERINTAHAN DAN POLITIK ISLAM,https://ejournal.iainbengkulu.ac.id/index.php/alimarah/oai,ojs.ejournal.iainbengkulu.ac.id
180,AL LUGHAH,http://ejournal.iainbengkulu.ac.id/index.php/alughah/oai,ojs.ejournal.iainbengkulu.ac.id
181,AL Maktabah,http://ejournal.iainbengkulu.ac.id/index.php/almaktabah/oai,ojs.ejournal.iainbengkulu.ac.id
182,Al Mi'yar,https://jurnal.stiq-amuntai.ac.id/index.php/al-miyar/oai,ojs.jurnal.stiq-amuntai.ac.id
183,AL MISBAH RESEARCH JOURNAL,https://reinci.com/ojs3308/index.php/almisbah/oai,ojs2.reinci.com
184,Al Qalam: Jurnal Ilmiah Keagamaan dan Kemasyarakatan,https://jurnal.stiq-amuntai.ac.id/index.php/al-qalam/oai,ojs.jurnal.stiq-amuntai.ac.id
185,Al-Albab,http://jurnaliainpontianak.or.id/index.php/alalbab/oai,ojs.jurnaliainpontianak.or.id
186,Al-Anwar : Jurnal Ekonomi dan Bisnis Islam,http://ejournal.kopertais4.or.id/madura/index.php/alanwar/oai,oai.ejournal.kopertais4.or.id
187,Al-Astar,http://jurnal.staimempawah.ac.id/index.php/Ats/oai,jurnal.staimempawah.ac.id
188,AL-FIKRAH: Jurnal Studi Ilmu Pendidikan dan Keislaman,http://jurnal.alhamidiyah.ac.id/index.php/al-fikrah/oai,ojs2.jurnal.alhamidiyah.ac.id
189,AL-FIKRAH: Jurnal Studi Ilmu Pendidikan dan Keislaman,https://jurnal.alhamidiyah.ac.id/index.php/al-fikrah/oai,ojs2.jurnal.alhamidiyah.ac.id
190,Al-Fikru,http://jurnal.staiserdanglubukpakam.ac.id/index.php/alfikru/oai,ojs2.jurnal.staiserdanglubukpakam.ac.id
191,Al-Fitrah,http://ejournal.iainbengkulu.ac.id/index.php/alfitrah/oai,ojs.ejournal.iainbengkulu.ac.id
192,Al-Hayat: Journal of Islamic Education,https://alhayat.or.id/index.php/alhayat/oai,ojs2.alhayat.or.id
193,Al-Hikmah,http://jurnaliainpontianak.or.id/index.php/alhikmah/oai,ojs.jurnaliainpontianak.or.id
194,Al-Hikmah,https://jurnaliainpontianak.or.id/index.php/alhikmah/oai,ojs.jurnaliainpontianak.or.id
195,Al-idaroh : Jurnal Studi Manajemen Pendidikan Islam,http://jurnal.stituwjombang.ac.id/index.php/al-idaroh/oai,ojs2.jurnal.stituwjombang.ac.id
196,Al-Ihkam: Jurnal Hukum & Pranata Sosial,http://ejournal.stainpamekasan.ac.id/index.php/alihkam/oai,ojs.www.ejournal.stainpamekasan.ac.id
197,Al-Ijtima`i: International Journal of Government and Social Science,https://journal.ar-raniry.ac.id/index.php/jai/oai,ojs.journal.ar-raniry.ac.id
198,Al-Insyirah Midwifery: Jurnal Ilmu Kebidanan (Journal of Midwifery Sciences),https://jurnal.stikes-alinsyirah.ac.id/index.php/kebidanan/oai,jurnal.stikes-alinsyirah.ac.id
199,Al-Intaj : Jurnal Ekonomi dan Perbankan Syariah,http://ejournal.iainbengkulu.ac.id/index.php/Al-Intaj/oai,ojs.ejournal.iainbengkulu.ac.id
200,Al-Izzah: Jurnal Hasil-Hasil Penelitian,http://ejournal.iainkendari.ac.id/al-izzah/oai,ejournal.iainkendari.ac.id
201,Al-Jami'ah: Journal of Islamic Studies,http://www.aljamiah.or.id/index.php/AJIS/oai,ojs.localhost
202,Al-Jami'ah: Journal of Islamic Studies,http://aljamiah.or.id/index.php/AJIS/oai,ojs.pkp.sfu.ca
203,"Al-Kuttab : Jurnal Kajian Perpustakaan, informasi dan kearsipan",http://jurnal.iain-padangsidimpuan.ac.id/index.php/Kuttab/oai,jurnal.iain-padangsidimpuan.ac.id
204,Al-Kuttab : Jurnal Perpustakaan dan Informasi,http://e-journal.perpustakaanstainpsp.net/index.php/alkuttab/oai,ojs.e-journal.perpustakaanstainpsp.net
205,Al-Ma'mun: Jurnal Kajian Kepustakawanan dan Informasi,http://ejournal.uinsaizu.ac.id/index.php/jkki/oai,ejournal.uinsaizu.ac.id
206,AL-MAFAZI: JOURNAL OF ISLAMIC EDUCATION MANAGEMENT,https://ejournal.stai-mas.ac.id/index.php/mpi/oai,ojs2.jurnal.stai-mas.ac.id
207,AL-MAKTABAH,http://journal.uinjkt.ac.id/index.php/al-maktabah/oai,ojs.localhost
208,Al-MASHARIF: Jurnal Ilmu Ekonomi dan Keislaman,http://e-journal.perpustakaanstainpsp.net/index.php/Al-masharif/oai,ojs.e-journal.perpustakaanstainpsp.net
209,Al-Maslahah,http://jurnaliainpontianak.or.id/index.php/Almaslahah/oai,ojs.jurnaliainpontianak.or.id
210,Al-Masraf : Jurnal Lembaga Keuangan dan Perbankan,http://journal.febi.iainimambonjol.ac.id/index.php/almasraf/oai,ojs.febi.iainimambonjol.ac.id
211,Al-Masraf : Jurnal Lembaga Keuangan dan Perbankan,http://journal.febi.uinib.ac.id/index.php/almasraf/oai,ojs.journal.febi.uinib.ac.id
212,Al-Qanṭara,http://al-qantara.revistas.csic.es/index.php/al-qantara/oai,alqantara.revistas.csic.es
213,Al-Rafidain Engineering Journal,http://uom-arej.org/index.php/Arej/oai,ojs.uom-arej.org
214,Al-Risalah,http://e-journal.lp2m.uinjambi.ac.id/ojp/index.php/al-risalah/oai,e-journal.lp2m.uinjambi.ac.id
215,AL-Ta lim,http://journal.tarbiyahiainib.ac.id/index.php/attalim/oai,ojs.journal.tarbiyahiainib.ac.id
216,Al-Tahrir: Jurnal Pemikiran Islam,http://jurnal.stainponorogo.ac.id/index.php/tahrir/oai,ojs.localhost
217,AL-THARIQAH,http://journal.uir.ac.id/index.php/althariqah/oai,ojs2.localhost
218,Al-Ubudiyah: Jurnal Pendidikan dan Studi Islam,https://jurnal.staiddimakassar.ac.id/index.php/aujpsi/oai,ojs2.jurnal.staiddimakassar.ac.id
219,Alabama Law Scholarly Commons,https://scholarship.law.ua.edu/do/oai/,scholarship.law.ua.edu
220,ALADIN : DSpace de la MSH-Alpes,http://dspace.msh-alpes.prd.fr/oai/,""
221,ALAM CIPTA Journal,http://frsb.upm.edu.my/alamcipta/index.php/alamcipta/oai,ojs.frsb.upm.edu.my
222,Alanya Alaaddin Keykubat University Institutional Repository,http://acikerisim.alanya.edu.tr/oai/request,acikerisim.alanya.edu.tr
223,Albanian Journal of Pharmaceutical Sciences,http://www.ajphsci.com/index.php/ajphsci/oai,ojs.www.ajphsci.com
224,Albanian Journal of Pharmaceutical Sciences,http://www.ajphsci.com/index.php/index/oai,ojs.www.ajphsci.com
225,Alexandria teste,http://suporte.alexandria.com.br:8084/pesLivre42/oai/pesquisa,""
226,Alexandria teste,http://suporte.alexandria.com.br:8087/pesquisa/oai/pes,""
227,Alexandria teste,http://suporte.alexandria.com.br:8087/pesquisa/oai/pesquisa,""
228,Alfinge. Revista de Filología,http://www.uco.es/ucopress/ojs/index.php/alfinge/oai,ojs.www.uco.es
284,Annales Canonici,http://czasopisma.upjp2.edu.pl/annalescanonici/oai,ojs.czasopisma.upjp2.edu.pl
229,Allegheny Health Sciences Journal,http://www.allegheny-online.org/ojs/index.php/AHSJ/oai,ojs2.allegheny-online.org
230,Allen Newell Collection; Carnegie Mellon University Archives,http://diva.library.cmu.edu/webapp/newell/oai2/OAIHandler,archive.library.cmu.edu
231,Alsuna: Journal of Arabic and English Language,http://e-journal.ikhac.ac.id/index.php/alsuna/oai,ojs2.e-journal.ikhac.ac.id
232,ALSYS,https://ejournal.yasin-alsys.org/index.php/alsys/oai,ojs2.ejournal.yasin-alsys.org
233,ALT Open Access Repository,http://repository.alt.ac.uk/cgi/oai2,repository.alt.ac.uk
234,Altinbas University Institutional Repository,http://openaccess.altinbas.edu.tr/oai/request,openaccess.altinbas.edu.tr
235,ALTRALANG Journal,http://www.univ-oran2.dz/revuealtralang/index.php/altralang/oai,altralangojs3.www.univ-oran2.dz
236,ALVEOLI: Jurnal Pendidikan Biologi,https://alveoli.iain-jember.ac.id/index.php/alv/oai,ojs2.alveoli.iain-jember.ac.id
237,AMARASI: JURNAL DESAIN KOMUNIKASI VISUAL,https://jurnal2.isi-dps.ac.id/index.php/amarasi/oai,ojs.pkp.sfu.ca
238,Amasya University Institutional Repository,http://openaccess.amasya.edu.tr/oai/request,openaccess.amasya.edu.tr
239,Amazônia: Revista de Educação em Ciências e Matemáticas,http://www.periodicos.ufpa.br/index.php/revistaamazonia/oai,ojs.periodicos.ufpa.br
240,AMCoR,http://amcor.asahikawa-med.ac.jp/modules/xoonips/oai.php,""
241,American Academic & Scholarly Research Journal,http://aasrc.org/aasrj/index.php/aasrj/oai,ojs.aasrc.org
242,"American Journal of Agricultural Science, Engineering, and Technology",https://journals.e-palli.com/home/index.php/ajaset/oai,ojs2.journals.e-palli.com
243,American Journal of Business Education (AJBE),https://www.cluteinstitute.com/ojs/index.php/AJBE/oai,ojs.localhost
244,American Journal of Engineering Education (AJEE),https://www.cluteinstitute.com/ojs/index.php/AJEE/oai,ojs.localhost
245,American Journal of Experimental and Clinical Research,http://journals.sfu.ca/ajecr/index.php/ajecr/oai,ajecr.journals.sfu.ca
246,American Journal of Health Sciences (AJHS),https://www.cluteinstitute.com/ojs/index.php/AJHS/oai,ojs.localhost
247,American Journal of Trade and Policy,http://journals.abc.us.org/index.php/ajtp/oai,journals.abc.us.org
248,American Journal of Trade and Policy,https://abc.us.org/ojs/index.php/ajtp/oai,ojs2.abc.us.org
249,American Numismatic Society,http://numismatics.org/archives/oai/,numismatics.org
250,American Review of Politics,https://journals.shareok.org/arp/oai,journals.shareok.org
251,"American Scientific Research Journal for Engineering, Technology, and Sciences (ASRJETS)",http://asrjetsjournal.org/index.php/American_Scientific_Journal/oai,ojs.asrjetsjournal.org
252,"American Scientific Research Journal for Engineering, Technology, and Sciences (ASRJETS)",https://asrjetsjournal.org/index.php/American_Scientific_Journal/oai,ojs.asrjetsjournal.org
253,Americanae. Sistema de Difusión y Recolección de colecciones americanistas,http://americanae.aecid.es/americanae/i18n/oai/oai_americanae.aecid.es.do,americanae.aecid.es
254,AMINA (Ar-Raniry Chemistry Journal),http://journal.ar-raniry.ac.id/index.php/amina/oai,ojs.journal.ar-raniry.ac.id
255,Amity Journal of Professional Practices,https://jconsortium.com/index.php/ajpp/oai,ojs2.jconsortium.com
256,AMS Tesi di Dottorato - Alm@DL - Università di Bologna,http://amsdottorato.cib.unibo.it/cgi/oai2,amsdottorato.cib.unibo.it
257,"An OAI Repository, coming from phpland",http://www.myjurnal.my/oai/oai2.php,""
258,"An OAI Repository, T.S. Dye & Colleagues",http://www.tsdye2.com/oai/oai2.php,""
259,Anakes : Jurnal Ilmiah Analis Kesehatan,http://journal.thamrin.ac.id/index.php/anakes/oai,ojs.journal.thamrin.ac.id
260,anaktisis,http://anaktisis.teiwm.gr/cgi/oai2,anaktisis.teiwm.gr
261,Analecta Cracoviensia,http://czasopisma.upjp2.edu.pl/analectacracoviensia/oai,ojs.czasopisma.upjp2.edu.pl
262,"Analele stiintifice ale Universitatii ""Alexandru Ioan Cuza"" din Iasi - seria Geografie",http://www.analegeo.uaic.ro/index.php/SciGeo/oai,ojs.www.analegeo.uaic.ro
263,"Analele Ştiinţifice ale Universităţii ""Alexandru Ioan Cuza""  din Iaşi  Secţiunea II a. Genetică şi Biologie Moleculară",http://www.gbm.bio.uaic.ro/index.php/gbm/oai,gbm.bio.uaic.ro
264,Anales Cervantinos,http://analescervantinos.revistas.csic.es/index.php/analescervantinos/oai,analescervantinos.revistas.csic.es
265,Anales de Filología Clásica,http://revistascientificas.filo.uba.ar/index.php/afc/oai,ojs.revistascienificas.filo.uba.ar
266,Anales del Instituto de Actuarios Españoles,https://revistas.actuarios.org/index.php/aiae/oai,ojs2.revistas.actuarios.org
267,Anales del Jardín Botánico de Madrid,http://rjb.revistas.csic.es/index.php/rjb/oai,jardinbotanico.revistas.csic.es
268,Analytical Sciences Digital Library,http://www.asdlib.org/oai/oai.php,asdlib.org
269,Ancient Asia,https://www.ancient-asia-journal.com/jms/index.php/up/oai/,ojs.www.ancient-asia-journal.com
270,Andalas Journal of International Studies (AJIS),http://ajis.fisip.unand.ac.id/index.php/ajis/oai,ojs.ajis.fisip.unand.ac.id
271,ANDHARUPA: Jurnal Desain Komunikasi Visual & Multimedia,http://publikasi.dinus.ac.id/index.php/andharupa/oai,publikasi.dinus.ac.id
272,Anemi,http://anemi.lib.uoc.gr/index.tkl,Anemi.tkl
273,Anesthesia eJournal,http://anesthesiaejournal.com/index.php/aej/oai,aej.journals.sfu.ca
274,Anglo Saxonica,https://www.revista-anglo-saxonica.org/jms/index.php/up/oai/,ojs.www.revista-anglo-saxonica.org
275,ANIMAL PRODUCTION,http://www.animalproduction.net/index.php/JAP/oai,ojs.animalproduction.net
276,ANIMAL PRODUCTION,http://animalproduction.net/index.php/JAP/oai,ojs.pkp.sfu.ca
277,Animal Studies Repository,https://animalstudiesrepository.org/do/oai/,animalstudiesrepository.org
278,AnimalPhysiology-LivestockSystems,http://phy043.tours.inra.fr:8080/perl/oai2,PHASE.inra.fr
279,Animo Repository,https://animorepository.dlsu.edu.ph/do/oai/,animorepository.dlsu.edu.ph
280,Ankara Sosyal Bilimler University Institutional Repository,http://openaccess.asbu.edu.tr/oai/request,openaccess.asbu.edu.tr
281,Ankara Üniversitesi Akademik Arşivi,https://dspace.ankara.edu.tr/oai/request,dspace.ankara.edu.tr
282,Ankara Üniversitesi Açık Erişim Sistemi,http://acikarsiv.ankara.edu.tr/services_oai2/,""
283,Ankulegi. Revista de Antropología Social,http://aldizkaria.ankulegi.org/index.php/index/oai,ojs.aldizkaria.ankulegi.org
285,Annales Scientifiques du Limousin,http://www.unilim.fr/asl/oai.php,asl.unilim.fr
286,Annales Scientifiques du Limousin,https://www.unilim.fr/asl/oai.php,asl.unilim.fr
287,Annals of Applied Bio-Sciences,http://www.pacificejournals.com/journal/index.php/aabs/oai,ojs.localhost
288,Annals of Cardiovascular & Thoracic Academy,http://journals.ctaegypt.org/index.php/ACTA/oai,ojs.pkp.sfu.ca
289,Annals of Genealogical Research,http://www.genlit.org/agr/oai/,agr.www.genlit.org
290,Annals of Global Health,https://www.annalsofglobalhealth.org/jms/index.php/up/oai/,ojs.annalsofglobalhealth.org
291,Annals of Gulf Medicine,http://publie.frontierscienceassociates.com/index.php/gulf/oai,ojs2.publie.frontierscienceassociates.com
292,Annals of Human and Social Sciences,https://ojs.ahss.org.pk/journal/oai,ojs2.ojs.ahss.org.pk
293,Annals of King Edward Medical University,http://annalskemu.org/journal/index.php/annals/oai,ojs.pkp.sfu.ca
294,Annals of Medical Physiology,http://amphysiol.com/index.php/amp/oai,ojs.amphysiol.com
295,Annals of Medical Physiology,https://amphysiol.com/index.php/amp/oai,ojs.amphysiol.com
296,Annals of National Academy of Medical Sciences (India),http://www.annals-nams.in/index.php/annals/oai.,ojs.annals-nams.in
297,Annals of Pathology and Laboratory Medicine,http://www.pacificejournals.com/journal/index.php/apalm/oai,ojs.localhost
298,Annals of Pathology and Laboratory Medicine,https://www.pacificejournals.com/journal/index.php/apalm/oai,ojs.localhost
299,Annals of the National Academy of Medical Sciences (India),http://annals-nams.in/index.php/annals/oai,ojs.annals-nams.in
300,"ANNUAL JOURNAL OF TECHNICAL UNIVERSITY OF VARNA, BULGARIA",https://aj-tuv.org/index.php/ajtuv/oai,ojs2.aj-tuv.org
301,Antec: Revista Peruana de Investigación Musical,http://revistas.unm.edu.pe/index.php/Antec/oai,ojs.pkp.sfu.ca
302,ANTERIOR JURNAL,http://journal.umpalangkaraya.ac.id/index.php/anterior/oai,journal.umpalangkaraya.ac.id
303,"Anthropocenes – Human, Inhuman, Posthuman",https://www.anthropocenes.net/jms/index.php/up/oai/,ojs.www.anthropocenes.net
304,Anthropology & Aging,http://anthro-age.pitt.edu/ojs/index.php/anthro-age/oai,ojs.anthro-age.pitt.edu
305,Anthurium A Caribbean Studies Journal,https://anthurium.miami.edu/jms/index.php/up/oai/,ojs.anthurium.miami.edu
306,Anti-Trafficking Review,http://www.antitraffickingreview.org/index.php/atrjournal/oai,ojs.www.antitraffickingreview.org
307,Anuario de Estudios Americanos,http://estudiosamericanos.revistas.csic.es/index.php/estudiosamericanos/oai,estudiosamericanos.revistas.csic.es
308,Anuario de Estudios Medievales,http://estudiosmedievales.revistas.csic.es/index.php/estudiosmedievales/oai,estudiosmedievales.revistas.csic.es
309,Anuario de Psicología Jurídica,https://journals.copmadrid.org/apj/oai,journals.copmadrid.org
310,Anuario Musical,http://anuariomusical.revistas.csic.es/index.php/anuariomusical/oai,anuariomusical.revistas.csic.es
311,"Anuario sobre Bibliotecas, Archivos y Museos Escolares",https://cendie.abc.gob.ar/revistas/index.php/abame/oai,ojs.cendie.abc.gob.ar
312,Anuário Internacional de Comunicação Lusófona,http://revcom2.portcom.intercom.org.br/index.php/anuariolusofono/oai,ojs.portcom.intercom.org.br
313,ANWARUL,https://ejournal.yasin-alsys.org/index.php/anwarul/oai,ojs2.ejournal.yasin-alsys.org
314,Análisis Filosófico,https://analisisfilosofico.org/index.php/af/oai,ojs2.analisisfilosofico.org
315,Aphasiology,http://aphasiology.pitt.edu/perl/oai2,GenericEPrints.OAI2
316,API Magazin,https://journals.sub.uni-hamburg.de/hup3/apimagazin/oai,hup3.journals.sub.uni-hamburg.de
317,Apollo - University of Cambridge Repository,https://api.repository.cam.ac.uk/server/oai/request,www.repository.cam.ac.uk
318,Apollo - University of Cambridge Repository,https://www.repository.cam.ac.uk/oai/request,www.repository.cam.ac.uk
319,Applied Finance Letters,https://ojs.aut.ac.nz/applied-finance-letters/oai,ojs.aut.ac.nz
320,Applied General Topology,http://polipapers.upv.es/index.php/AGT/oai,ojs.upv.es
321,Applied Math and Science Education Repository,http://oai.amser.org/OAI,amser.org
322,Applied Medical Informatics,http://ami.info.umfcluj.ro/index.php/AMI/oai,ami.info.umfcluj.ro
323,Applied Science and Biotechnology Journal for Advanced Research,https://abjar.vandanapublications.com/index.php/ojs/oai,oai.abjar.vandanapublications.com
324,Applied Science and Engineering Journal for Advanced Research,https://asejar.singhpublication.com/index.php/ojs/oai,oai.asejar.singhpublication.com
325,Applied Science and Engineering Journal for Advanced Research,https://asejar.org/index.php/ojs/oai,ojs2.asejar.org
326,apropos [Perspektiven auf die Romania],https://journals.sub.uni-hamburg.de/apropos/oai,ojs.journals.sub.uni-hamburg.de
327,Aptisi Transactions of Management (ATM),http://ijc.ilearning.co/index.php/ATM/oai,ojs.ijc.ilearning.co
328,APU Digital Archives,https://digitalarchives.apu.edu/do/oai/,digitalarchives.apu.edu
329,Apuntes del Cenes,https://revistas.uptc.edu.co/index.php/cenes/oai,revistas.uptc.edu.co
330,Apuntes Universitarios,http://apuntesuniversitarios.upeu.edu.pe/index.php/revapuntes/oai,ojs.apuntesuniversitarios.upeu.edu.pe
331,Aqlam: Journal of Islam and Plurality,http://journal.iain-manado.ac.id/index.php/AJIP/oai,ojs.journal.iain-manado.ac.id
332,Aqlania,http://jurnal.uinbanten.ac.id/index.php/aqlania/oai,ojs2.jurnal.uinbanten.ac.id
333,Aqlania,https://jurnal.uinbanten.ac.id/index.php/aqlania/oai,ojs2.jurnal.uinbanten.ac.id
334,AQUASAINS,http://jurnal.fp.unila.ac.id/index.php/JPBP/oai,ojs.ojsfp.unila.ac.id
335,Ar-Raniry: International Journal of Islamic Studies,http://journalarraniry.com/ojs/index.php/jar/oai,ojs.journalarraniry.com
336,"Ar-Risalah: Media Keislaman, Pendidikan dan Hukum Islam",http://ejournal.iaiibrahimy.ac.id/index.php/arrisalah/oai,ojs2.ejournal.iaiibrahimy.ac.id
337,Ara: Journal of Tourism Research,https://revistes.ub.edu/index.php/ara/oai,revistes.ub.edu
338,ARABIYAT (Journal of Arabic Education),http://journal.uinjkt.ac.id/index.php/arabiyat/oai,ojs.localhost
339,"Aradha: Journal of Divinity, Peace and Conflict Studies",http://journal-theo.ukdw.ac.id/index.php/aradha/oai,ojs.pkp.sfu.ca
340,ARAN,http://ir.library.nuigalway.ie:8080/oai/request,""
341,Arbor,http://arbor.revistas.csic.es/index.php/arbor/oai,arbor.revistas.csic.es
342,Arca,http://arcabc.ca/oai2,arcabc.ca
343,Arca,https://arcabc.ca/oai2,arcabc.ca
344,ARCC Conference Repository,http://www.arcc-journal.org/index.php/repository/oai,ojs.www.arcc-journal.org
345,Archaeologia Lituana,https://www.journals.vu.lt/archaeologia-lituana/oai,ojs.www4063.vu.lt
346,Archaeology International,https://www.ai-journal.com/jms/index.php/up/oai/,ojs.www.ai-journal.com
347,Archeologia e Calcolatori - Published Articles,http://www.archcalc.cnr.it/oai/aec_oaipmh2.php,""
348,archi2,http://pcpgw.ensta.fr/perl/oai2,archi2.OAI
349,"ArchiMer, Institutional Archive of Ifremer (French Research Institute for Exploitation of the Sea)",http://www.ifremer.fr/docelec/oai/OAIHandler,archimer.ifremer.fr
350,Archined,https://archined.ined.fr/oai,""
351,Archipel,http://www.archipel.uqam.ca/cgi/oai2,www.archipel.uqam.ca
352,Archipel,http://www.archipel.uqam.ca/perl/oai2,www.archipel.uqam.ca
353,Architectural Histories,https://journal.eahn.org/jms/index.php/up/oai/,ojs.www.jcms-journal.com
354,"Architekturinformatik : Digitale Bibliothek :
 Verarbeitung",http://architektur-informatik.scix.net/cgi-bin/works/OAI,ArchitekturinformatikDigitaleBibliothekVerarbeitung.id
355,Architexturez South Asia,http://architexturez.net/oai-pmh,""
356,Archive ENS-LSH,http://eprints.ens-lsh.fr/perl/oai2,ArchiveEnslsh.OAI2
357,Archive Lyon 2,http://eprints.univ-lyon2.fr:8050/perl/oai2,ArchiveLyon2.OAI2
358,Archive of Clinical Medicine,https://ifnmujournal.com/acm/oai,ojs.ifnmujournal.com
359,Archive of Clinical Medicine,http://ojs.ifnmu.edu.ua/index.php/acm/oai,ojs.ojs.ifnmu.edu.ua
360,ARCHIVE OF EUROPEAN INTEGRATION,http://aei.pitt.edu/perl/oai2,PITTAEI.OAI2
361,Archive on Demand,https://archiveondemand.fitnyc.edu/oai-pmh-repository/request,oai.archiveondemand.fitnyc.edu
362,Archive ouverte J. Vrin,https://archive-ouverte.vrin.fr/oai-pmh-repository/request,archive-ouverte.vrin.fr
363,Archive ouverte UNIGE,http://archive-ouverte.unige.ch/oaiprovider/,unige.ch
364,Archive-It Web Archive Collections,http://oai.archive-it.org:7090/oai,archive-it.org
365,Archives et Musée de la Littérature,http://www.aml-cfwb.be/catalogues/oai,www.aml-cfwb.be
366,Archives et Musée de la Littérature,http://www.aml-cfwb.be/oai/oai.aspx,www.aml-cfwb.be
367,Archives of Agriculture and Environmental Science,https://journals.aesacademy.org/index.php/aaes/oai,ojs2.journals.aesacademy.org
368,Archives Radiophoniques de l'EPRA,http://archives.gip-epra.fr/oai,archives.gip-epra.fr
369,Archivio della ricerca dell'Università di Modena e Reggio Emilia,https://iris.unimore.it/oai/request,iris.unimore.it
370,Archivio Tesi,http://tesi.cab.unipd.it/perl/oai2,tesi.cab.unipd.it
371,Archivo Abierto Institucional de la Universidad Rey Juan Carlos,http://eciencia.urjc.es/dspace-oai/request,""
372,Archivo de la Ciudad de Arganda del Rey,http://archivo.ayto-arganda.es:8080/repox/OAIHandler,archivo.aytoarganda.es
373,Archivo Digital UPM,http://oa.upm.es/perl/oai2,oa.upm.es
374,Archivo Español de Arqueología,http://aespa.revistas.csic.es/index.php/aespa/oai,aespa.revistas.csic.es
375,Archivo Español de Arte,http://xn--archivoespaoldearte-53b.revistas.csic.es/index.php/aea/oai,arte.revistas.csic.es
376,"Archivos del Hospital Universitario ""General Calixto García""",http://revcalixto.sld.cu/index.php/ahcg/oai,revcalixto.sld.cu
377,Archivos Históricos de la Región de Murcia - Proyecto Carmesí,http://oai.regmurcia.com/oai2/oai2.php,oai.regmurcia.com
378,Archiwum Diecezjalne w Tarnowie,http://adt.sl.pl/oai/oai2.php,adt.sl.pl
379,ARENA Journal of Architectural Research,https://ajar.arena-architecture.eu/jms/index.php/up/oai/,ojs.ajar.arena-architecture.eu
380,Arexcpo-Ethnodoc,http://www.raddo-ethnodoc.com/OAI/oai2.php,www.raddo-ethnodoc.com
381,Argentinian Journal of Respiratory & Physical Therapy,https://revista.ajrpt.com/index.php/Main/oai,revista.ajrpt.com
382,ARISTO,http://journal.umpo.ac.id/index.php/aristo/oai,ojs.journal.umpo.ac.id
383,Aristotle University of Thessaloniki Institutional Repository - IKEE,http://ikee.lib.auth.gr/oai2d,ikee.lib.auth.gr
384,Arkiv. Tidskrift för samhällsanalys,http://www.tidskriftenarkiv.se/index.php/hem/oai,ojs.tidskriftenarkiv.se
385,Arminda @ Whitman College,https://arminda.whitman.edu/do/oai/,arminda.whitman.edu
386,ARPHA OAI-PMH Endpoint,https://oai.pensoft.net/oai.php,""
387,Arqueología de la Arquitectura,http://arqarqt.revistas.csic.es/index.php/arqarqt/oai,arqarqt.revistas.csic.es
388,ARRIDE,http://ir.ide.go.jp/dspace-oai/request,""
389,Ars Boni et Aequi,http://arsboni.ubo.cl/index.php/arsbonietaequi/oai,ojs.www.arsboni.ubo.cl
390,Ars Boni et Aequi,http://www.arsboni.ubo.cl/index.php/arsbonietaequi/oai,ojs.www.arsboni.ubo.cl
391,ARSHI Veterinary Letters,http://journal.ipb.ac.id/index.php/arshivetlett/oai,ojs.journal.ipb.ac.id
392,ARTheque,http://artheque.ens-cachan.fr/oai-pmh-repository/request,artheque.ens-cachan.fr
393,ARTic,https://ojs.unikom.ac.id/index.php/artic/oai,ojs.pkp.sfu.ca
394,Artifact,http://scholarworks.iu.edu/journals/index.php/artifact/oai,ojs.scholarworks.iu.edu
395,ARTis ON,http://artison.letras.ulisboa.pt/index.php/ao/oai,ojs.artison.letras.ulisboa.pt
396,Artvin Coruh University Institutional Repository,http://openaccess.artvin.edu.tr/oai/request,openaccess.artvin.edu.tr
397,Arxiu Municipal de Castelló,http://arxiumunicipal.castello.es/castellonbib/i18n/oai/oai_arxiumunicipal.castello.es.do,arxiumunicipal.castello.es
398,arXiv,http://export.arxiv.org/oai2,""
399,ARZUSIN,https://ejournal.yasin-alsys.org/index.php/arzusin/oai,ojs2.ejournal.yasin-alsys.org
400,AS-SABIQUN,https://ejournal.stitpn.ac.id/index.php/assabiqun/oai,ojs2.ejournal.stitpn.ac.id
401,AS-SALAM,http://ejournal.staidarussalamlampung.ac.id/index.php/assalam/oai,ojs.ejournal.staidarussalamlampung.ac.id
402,As-Sibyan: Jurnal Pendidikan Anak Usia Dini,https://jurnal.uinbanten.ac.id/index.php/assibyan/oai,ojs2.jurnal.uinbanten.ac.id
403,AS-SÂIS (JURNAL HUKUM TATA NEGARA ISLAM/SIYASAH),http://jurnal.uinsu.ac.id/index.php/assais/oai,jurnal.uinsu.ac.id
404,"Asas Wa Tandhim: Jurnal Hukum, Pendidikan Dan Sosial Keagamaan",https://jurnal.ucy.ac.id/index.php/awtjhpsa/oai,ojs2.jurnal.ucy.ac.id
405,ASAWIKA: Media Sosialisasi Abdimas Widya Karya,https://asawika.journalwidyakarya.ac.id/index.php/asawika/oai,ojs2.asawika.journalwidyakarya.ac.id
406,ASB01 (PURE 3.2.1),http://130.226.203.32/ws/OAIHandler,""
407,"Ascarya: Journal of Islamic Science, Culture, and Social Studies",https://journal.ascarya.or.id/index.php/iscs/oai,ojs2.journal.ascarya.or.id
408,Asclepio,http://asclepio.revistas.csic.es/index.php/asclepio/oai,asclepio.revistas.csic.es
409,ASDM Sonoran Desert Digital Library,http://www.desertmuseumdigitallibrary.org/OAI/,desertmuseumdigitalibrary.org
410,ASEAN/Asian Academic Society International Conference Proceeding Series,http://aasic.org/proc/aasic/oai,ojs.aasic.org
411,ASEE PEER,http://peer.asee.org/oai,asee.org
412,Asia Pacific - Annual Research Journal of Far East & South East Asia,http://sujo.usindh.edu.pk/index.php/ASIA-PACIFIC/oai,ojs.sujo.usindh.edu.pk
413,Asia Pacific Journal of Energy and Environment,https://i-proclaim.my/journals/index.php/apjee/oai,ojs2.i-proclaim.my
414,Asian Business Review,http://journals.abc.us.org/index.php/abr/oai,journals.abc.us.org
415,Asian Business Review,https://abc.us.org/ojs/index.php/abr/oai,ojs2.abc.us.org
416,ASIAN JOURNAL FOR POVERTY STUDIES (AJPS),https://ejournal.unib.ac.id/index.php/ajps/oai,ojs.localhost
417,Asian Journal of Applied Science and Engineering,http://journals.abc.us.org/index.php/ajase/oai,journals.abc.us.org
418,Asian Journal of Applied Science and Engineering,https://abc.us.org/ojs/index.php/ajase/oai,ojs2.abc.us.org
419,Asian Journal of Behavioural Studies,https://ajbes.e-iph.co.uk/index.php/ajbes/oai,ajbes.e-iph.co.uk
420,Asian Journal of Dental and Health Sciences,http://ajdhs.com/index.php/journal/oai,ojs2.ajdhs.com
421,Asian Journal Of Diabetology,https://ojs.ijcp.in/AJD/oai,ojs2.ojs.ijcp.in
422,Asian Journal of Environment-Behaviour Studies,https://aje-bs.e-iph.co.uk/index.php/ajE-Bs/oai,aje-bs.e-iph.co.uk
423,"Asian Journal of Humanity, Art and Literature",https://i-proclaim.my/journals/index.php/ajhal/oai,ojs2.i-proclaim.my
424,Asian Journal of Interdisciplinary Research,https://journals.iorpress.org/index.php/ajir/oai,ojs2.journals.iorpress.org
425,Asian Journal of Pediatric Practice,https://ojs.ijcp.in/AJPP/oai,ojs2.ojs.ijcp.in
426,ASIAN JOURNAL OF PHARMACEUTICAL RESEARCH AND HEALTH CARE,http://jprhc.in/index.php/ajprhc/oai,ojs.www.jprhc.in
427,Asian Journal of Quality of Life,https://ajqol.e-iph.co.uk/index.php/ajqol/oai,ajqol.e-iph.co.uk
428,Asian Online Journals,https://ajouronline.com/index.php/index/oai,ojs.ajouronline.com
429,Asian Online Journals,https://www.ajouronline.com/index.php/index/oai,ojs.ajouronline.com
430,Asian Online Journals,https://www.ajouronline.com/index/oai,ojs.ajouronline.com
431,Asian Pacific Journal of Health Sciences,http://www.apjhs.com/index.php/apjhs/oai,ojs2.sopp.in
432,Asian Pacific Journal of Nursing and Health Sciences,https://www.apjnh.com/index.php/apjnh/oai,ojs2.www.apjnh.com
433,Asian Perspectives in the Arts and Humanities,http://journals.ateneo.edu/ojs/index.php/apah/oai,ojs.journals.ateneo.edu
434,ASIANetwork Exchange: A Journal for Asian Studies in the Liberal Arts,https://www.asianetworkexchange.org/jms/index.php/up/oai/,ojs.www.asianetworkexchange.org
435,Ask  Biologist,http://askabiologist.asu.edu/nsdloai,""
436,ASRO Journal of Education,http://asrongo.org/journals/index.php/AJE/oai,ojs.asrongo.org
437,"Assets : Jurnal Ilmiah Ilmu Akuntansi, Keuangan dan Pajak",https://ejournal.stiewidyagamalumajang.ac.id/index.php/asset/oai,ojs2.ejournal.stiewidyagamalumajang.ac.id
438,Aston Data Explorer,http://researchdata.aston.ac.uk/cgi/oai2,researchdata.aston.ac.uk
439,Aston Publications Explorer,http://publications.aston.ac.uk/cgi/oai2,publications.aston.ac.uk
440,Astroislamica: Journal of Islamic Astronomy,https://journal.iainlhokseumawe.ac.id/index.php/ASTROISLAMICA/oai,ojs2.journal.iainlhokseumawe.ac.id
441,ASU Digital Repository,https://repository.asu.edu/oai-pmh,""
442,At-Ta'lim : Media Informasi Pendidikan Islam,http://ejournal.iainbengkulu.ac.id/index.php/attalim/oai,ojs.ejournal.iainbengkulu.ac.id
443,At-Tabayyuun: Journal Islamic Studies,https://journal.iainlhokseumawe.ac.id/index.php/attabayyun/oai,ojs2.journal.iainlhokseumawe.ac.id
444,AT-TADBIR,https://journal.staidk.ac.id/index.php/attadbir/oai,ojs.journal.staidk.ac.id
445,AT-TAFAHUM: Journal of Islamic Law,http://jurnal.uinsu.ac.id/index.php/attafahum/oai,jurnal.uinsu.ac.id
446,AT-TAHDIS: Journal of Hadith Studies,http://jurnal.uinsu.ac.id/index.php/attahdits/oai,jurnal.uinsu.ac.id
447,At-Tajdid: Jurnal Ilmu Tarbiyah,http://ejournal.stitmuh-pacitan.ac.id/index.php/attajdid/oai,ojs.ejournal.stitmuh-pacitan.ac.id
448,At-Tijaroh: Jurnal Ilmu Manajemen dan Bisnis Islam,http://e-journal.perpustakaanstainpsp.net/index.php/at-tijaroh/oai,ojs.e-journal.perpustakaanstainpsp.net
449,Atatürk Universitesi OAI Repository,http://acikarsiv.atauni.edu.tr/oai/oai2.php,""
450,Atatürk Üniversitesi Açık Erişim Sistemi,http://acikarsiv.atauni.edu.tr/services_oai2/,""
451,ATAVISME JURNAL ILMIAH KAJIAN SASTRA,http://atavisme.web.id/index.php/atavisme/oai,ojs.atavisme.web.id
452,ATE Central,http://oai.atecentral.net/OAI,atecentral.net
453,Athens University Review of Archaeology (AURA),http://epub.lib.uoa.gr/index.php/aura/oai,ojs.epub.lib.uoa.gr
454,"Atmosfer: Jurnal Pendidikan, Bahasa, Sastra, Seni, Budaya, dan Sosial Humaniora",https://pbsi-upr.id/index.php/atmosfer/oai,ojs2.pbsi-upr.id
455,Atom Indonesia,http://aij.batan.go.id/index.php/aij/oai,ojs.aij.batan.go.id
456,atp edition - Automatisierungstechnische Praxis,http://ojs.di-verlag.de/index.php/atp_edition/oai,ojs.di-verlag.de
457,ATS NHKS Collection,https://aurora.hawkesbury.nsw.gov.au/ats/oai2.aspx,""
458,Attaqwa: Jurnal Ilmu Pendidikan Islam,https://jurnal.staidagresik.ac.id/index.php/attaqwa/oai,ojs2.jurnal.staidagresik.ac.id
459,Atthiflah: Journal of Early Childhood Islamic Education ,http://jurnal.staidagresik.ac.id/index.php/atthiflah/oai,ojs2.jurnal.staidagresik.ac.id
460,Atılım Universitesi OAI Repository,http://acikarsiv.atilim.edu.tr/oai/oai2.php,""
461,Atılım Üniversitesi Açık Erişim Sistemi,http://acikarsiv.atilim.edu.tr/services_oai2/,""
462,AUC-DAR (Digital Archive and Research Repository),http://dar.aucegypt.edu:8080/oai/request,""
463,Aufklärung,http://periodicos.ufpb.br/ojs/index.php/arf/oai,ojs.pkp.sfu.ca
464,Aufklärung,http://periodicos.ufpb.br/ojs2/index.php/arf/oai,ojs.pkp.sfu.ca
465,AULA VIRTUAL,https://aulavirtual.web.ve/revista/ojs/index.php/aulavirtual/oai,ojs.aulavirtual.web.ve
466,AULADUNA,https://ejournal.inaifas.ac.id/index.php/auladuna/oai,ojs2.ejournal.inaifas.ac.id
467,AUP publications,http://dare.uva.nl/cgi/arno/oai/aup,""
468,AUT Scholarly Commons,http://aut.researchgateway.ac.nz/dspace-oai/request,""
469,AV NOTAS  revista de investigación musical,http://publicaciones.csmjaen.es/index.php/pruebas/oai,ojs.publicaciones.csmjaen.es
470,Avances en Supervisión Educativa,https://avances.adide.org/index.php/ase/oai,revista.Avances
471,Avanti Publishers,https://avantipublishers.com/jms/index.php/index/oai,ojs.pkp.sfu.ca
472,AVESIS - Dokuz Eylül Üniversitesi,https://avesis.deu.edu.tr/api/oai2,""
473,AVESIS - Erciyes Üniversitesi,https://avesis.erciyes.edu.tr/api/oai2,""
474,AVIA,https://avia.ftmd.itb.ac.id/index.php/jav/oai,ojs.avia.ftmd.itb.ac.id
475,Az-Zarqa': Jurnal Hukum Bisnis Islam,http://ejournal.uin-suka.ac.id/syariah/azzarqa/oai,ojs.pkp.sfu.ca
476,Azare Journal of Education,https://aje.ascoea.edu.ng/index.php/aje/oai,ojs.aje.ascoea.edu.ng
477,AZTI,https://dspace.aztidata.es/oai/request,dspace.azti.es
478,Açık Erişim ve Kurumsal Arşiv,https://acikarsiv.com/Home/Oai/,""
479,Açık Erişim@BUU,http://acikerisim.uludag.edu.tr/oai/request,acikerisim.uludag.edu.tr
480,"B3Kat Repository - Library Union Catalog of Bavaria, Berlin and Brandenburg",http://bvbr.bib-bvb.de:8991/aleph-cgi/oai/oai_opendata.pl,aleph.bib-bvb.de
481,Babali Nursing Research,https://babalinursingresearch.com/index.php/BNR/oai,ojs2.www.babalinursingresearch.com
482,Bahasa Indonesia Prima (BIP),http://jurnal.unprimdn.ac.id/index.php/BIP/oai,jurnal.unprimdn.ac.id
483,Baheth,http://press.ierek.com/index.php/Baheth/oai,ojs.www.ierek.com
484,Baheth,https://press.ierek.com/index.php/Baheth/oai,ojs.www.ierek.com
485,Bahir Dar University Journals,http://journals.bdu.edu.et/index.php/index/oai,ojs.localhost
486,Bahçeşehir Üniversitesi Açık Erişim Sistemi,http://bahcesehir.mitosweb.com/services_oai2/,""
487,Bakircay University Institutional Repository,http://acikerisim.bakircay.edu.tr/oai/request,acikerisim.bakircay.edu.tr
488,Bali Medical Journal,http://balimedicaljournal.org/index.php/bmj/oai,ojs.pkp.sfu.ca
489,Balikesir University Institutional Repository,http://dspace.balikesir.edu.tr/oai/request,dspace.balikesir.edu.tr
490,BALL STATE UNIVERSITY Digital Media Repository,http://libx.bsu.edu/cgi-bin/oai.exe,""
491,Balobe Law Journal,https://fhukum.unpatti.ac.id/jurnal/balobe/oai,ojs.fhukum.unpatti.ac.id
492,Baltic Journal of Political Science,https://www.journals.vu.lt/BJPS/oai,ojs.www4063.vu.lt
493,Baltic Marine Environment Bibliography 1970- ,http://cgi.vtt.fi/progs/inf/balticOAI,baltic.vtt.fi
494,BAREKENG: JURNAL ILMU MATEMATIKA DAN TERAPAN,https://ojs3.unpatti.ac.id/index.php/barekeng/oai,ojs3.unpatti.ac.id
495,BARIK,https://ejournal.unesa.ac.id/index.php/JDKV/oai,ejournal.unesa.ac.id
496,Barrow - St. Joseph's Scholarly Commons,https://scholar.barrowneuro.org/do/oai/,scholar.barrowneuro.org
497,BASA Journal of Language & Literature,https://riset.unisma.ac.id/index.php/BASA/oai,oai.riset.unisma.id
498,"BASINDO : jurnal kajian bahasa, sastra Indonesia, dan pembelajarannya",http://journal2.um.ac.id/index.php/basindo/oai,ojs.journal2.um.ac.id
499,Bates College Digital Library,http://digilib.bates.edu/cgi-bin/oaiserver.cgi,""
500,Batulis Civil Law Review,https://fhukum.unpatti.ac.id/jurnal/ballrev/oai,ojs.fhukum.unpatti.ac.id
501,Bavarian Digital Repository (BDR),http://bdr.oai.bsb-muenchen.de/OAIHandler,bdr.oai.bsb-muenchen.de
502,Bayerische Staatsbibliothek München:  BSB General Repository,http://bsbdok.digitale-sammlungen.de/oai/bsbgeneral,""
503,Bayerische Staatsbibliothek München: Leibniz Publik Repository,http://bsbdok.digitale-sammlungen.de/oai/leibniz,""
504,Bayerische Staatsbibliothek München: MDZ-Massendigitalisierung,http://urn-provider.bsb-muenchen.de/OAI/oai2.php,""
505,Bayerische Staatsbibliothek München: Ostdok Repository,http://bsbdok.digitale-sammlungen.de/oai/ostdok,""
506,Bayerische Staatsbibliothek München: Retrodigitalisierte Daten,http://daten.digitale-sammlungen.de/~db/OAI/oai2.php,""
507,Bazyaft,http://journals.pu.edu.pk/journals/index.php/Bazyaft/oai,ojs2.journals.pu.edu.pk
508,BC Digital Commons,https://digitalcommons.bridgewater.edu/do/oai/,digitalcommons.bridgewater.edu
509,BCE Doktori disszertációk,http://phd.lib.uni-corvinus.hu/cgi/oai2,phd.lib.uni-corvinus.hu
510,BCNROC. Repositori Obert de Coneixement de l'Ajuntament de Barcelona,http://bcnroc.ajuntament.barcelona.cat/oai/request,bcnroc.ajuntament.barcelona.cat
511,BCNROC. Repositori Obert de Coneixement de l'Ajuntament de Barcelona,https://bcnroc.ajuntament.barcelona.cat/oai/request,bcnroc.ajuntament.barcelona.cat
512,BDJur no STJ,http://bdjur.stj.gov.br/oai/request,""
513,BDPI OAI2 PMH,http://bdpi.usp.br/oai/request/oai2.php,""
514,BDTD Ibict,http://oai.ibict.br/mypoai/oai2.php,bdtd.ibict.br
515,BDTD Ibict,http://dataprovider.ibict.br/mypoai/oai2.php,""
516,BDTD Ibict,http://oai.ibict.br/oai/mypoai/oai2.php,""
517,Beadle Scholar,https://scholar.dsu.edu/do/oai/,scholar.dsu.edu
518,BearWorks,https://bearworks.missouristate.edu/do/oai/,bearworks.missouristate.edu
519,Behavior & Law Journal,http://behaviorandlawjournal.com/index.php/Jun2015/oai,ojs.behaviorandlawjournal.com
520,BELAJAR BAHASA,http://jurnal.unmuhjember.ac.id/index.php/BB/oai,ojs.localhost
521,Belantika Pendidikan,https://kayonmedia.com/jurnal/index.php/bp/oai,ojs.pkp.sfu.ca
522,Belitung Nursing Journal,https://belitungraya.org/BRP/index.php/bnj/oai,ojs.belitungraya.org
523,Belitung Nursing Journal,https://www.belitungraya.org/BRP/index.php/bnj/oai,ojs.belitungraya.org
524,Belmont Digital Repository,https://repository.belmont.edu/do/oai/,repository.belmont.edu
525,Bengal Journal of Otolaryngology and Head Neck Surgery,http://bjohns.in/journal/index.php/bjohns/oai,bjohns.in
526,Berita Sedimentologi,https://journal.iagi.or.id/index.php/FOSI/oai,ojs.journal.iagi.or.id
527,Berkala Arkeologi,http://berkalaarkeologi.kemdikbud.go.id/index.php/berkalaarkeologi/oai,berkalaarkeologi.kemdikbud.go.id
528,Berkala Ilmiah Mahasiswa Farmasi Indonesia (BIMFI),https://bimfi.e-journal.id/bimfi/oai,bimfi.e-journal.id
529,Berkala Penelitian Hayati,http://berkalahayati.org/index.php/jurnal/oai,ojs2.ojs.berkalahayati.org
530,Berkeley Law,https://lawcat.berkeley.edu/oai2d,lawcat.berkeley.edu
531,Berkeley Law Scholarship Repository,https://scholarship.law.berkeley.edu/do/oai/,scholarship.law.berkeley.edu
532,Bertuah : Jurnal Syariah dan Ekonomi Islam,https://ejournal.kampusmelayu.ac.id/index.php/Bertuah/oai,ojs.ejournal.kampusmelayu.ac.id
533,Best Agriculture Journal International Journal of Advances in Agricultural Science and Technology IJAAST,https://ijaast.com/index.php/home/oai,ojs2.ijaast.com
534,Beykoz University Institutional Repository,http://acikerisim.beykoz.edu.tr/oai/request,acikerisim.beykoz.edu.tr
535,Bezmialem Vakif University Institutional Repository,https://openaccess.bezmialem.edu.tr/oai/request,openaccess.bezmialem.edu.tr
536,BHAKTI NAGORI (Jurnal Pengabdian kepada Masyarakat),https://ejournal.uniks.ac.id/index.php/bhakti_nagori/oai,ojs2.ejournal.uniks.ac.id
537,BHUMI: Jurnal Agraria dan Pertanahan,https://jurnalbhumi.stpn.ac.id/index.php/JB/oai,ojs.jurnalbhumi.stpn.ac.id
538,Bibliopsiquis InterSalud,http://www.psiquiatria.tv/oai/request,""
539,Biblios,http://biblios.pitt.edu/ojs/index.php/biblios/oai,ojs.biblios.pitt.edu
540,Biblios,http://www.revistabiblios.com/ojs/index.php/biblios/oai,revistabiblios.com
541,Biblioteca Central - Universidad Central de Venezuela,http://150.185.68.13/cgi-win/be_oai.exe,""
542,Biblioteca Central - Universidad Nacional del Comahue,http://bibliocentral.uncoma.edu.ar/revele/index.php/index/oai,ojs.localhost
543,Biblioteca Central - Universidad Nacional del Comahue,http://revele.uncoma.edu.ar/htdoc/revele/index.php/index/oai,ojs.localhost
544,Biblioteca Central de la Universidad Francisco Miranda,http://biblioteca.unefm.edu.ve/cgi-win/be_oai.exe,""
545,Biblioteca de la Facultad de Ingeniería de la UCV-Escuela de Metalurgia,http://bfiemucv.oai.alejandria.biz/cgi-win/be_oai.exe,""
546,Biblioteca de la Universidad de La Laguna,http://hermes.bbtk.ull.es/pandora/cgi-bin/oai.exe,""
547,Biblioteca Digital - Libros MetaBiblioteca,https://libros.metabiblioteca.org/oai/request,libros.metabiblioteca.org
548,Biblioteca Digital - Universidad icesi,http://repository.icesi.edu.co/biblioteca_digital-oai/request,repository.icesi.edu.co
549,Biblioteca Digital - Universidad Nacional de Lanus,http://repositoriojmr.unla.edu.ar/greenstone/cgi-bin/oaiserver.cgi,repositoriojmr.unla.edu.ar
550,Biblioteca Digital AECID,http://bibliotecadigital.aecid.es/bibliodig/i18n/oai/oai_bibliotecadigital.aecid.es.cmd,bibliotecadigital.aecid.es
551,Biblioteca Digital Arq. Hilario Zalba - Facultad de Arquitectura y Urbanismo - Universidad Nacional de La Plata,http://bdzalba.fau.unlp.edu.ar/greenstone/cgi-bin/oaiserver.cgi,bdzalba.fau.unlp.edu.ar
552,Biblioteca Digital Ciconia,http://ciconia.gobex.es/biblioteca/i18n/oai/oai_bibliotecaciconia.gobex.es.cmd,bibliotecaciconia.gobex.es
553,Biblioteca Digital da FGV,http://virtualbib.fgv.br/oai/request,""
554,Biblioteca Digital da UNIVATES,http://200.132.250.36:8089/bdu_oai/request,""
555,Biblioteca Digital da Univates,http://bdu.univates.br:8080/bdu_oai/request,""
556,Biblioteca Digital da UNIVATES,http://bdu.univates.br:8089/bdu_oai/request,""
557,Biblioteca Digital de Aranjuez,http://biblioteca.aranjuez.es/i18n/oai/oai.cmd,biblioteca.aranjuez.es
558,Biblioteca Digital de Castilla y León,http://bibliotecadigital.jcyl.es/i18n/oai/oai.cmd,bibliotecadigital.jcyl.es
559,Biblioteca Digital de la Región de Murcia,http://bibliotecadigital.carm.es/oai2/oai2.php,bibliotecadigital.carm.es
560,Biblioteca Digital de les Illes Balears,http://ibdigital.uib.cat/greenstone/cgi-bin/oaiserver.cgi,ibdigital.uib.cat
561,Biblioteca Digital de les Illes Balears,http://ibdigital.uib.es/greenstone/oaiserver,ibdigital.uib.cat
562,BIBLIOTECA DIGITAL DE LES ILLES BALEARS,http://ibdigital.uib.es/greenstone/cgi-bin/oaiserver.cgi,""
563,Biblioteca Digital do BNDES,http://web.bndes.gov.br/bib/oai/request,""
564,Biblioteca Digital Educativa de la Región de Murcia,http://bibliotecadigital.educarm.es/bidimur/i18n/oai/oai_bibliotecadigital.educarm.es.cmd,bibliotecadigital.educarm.es
565,Biblioteca Digital Exactas - Facultad de Ciencias Exactas y Naturales - Universidad de Buenos Aires,https://bibliotecadigital.exactas.uba.ar/greenstone3/oaiserver,bibliotecadigital.exactas.uba.ar
566,Biblioteca Digital Loyola,https://loyola.biblioteca.deusto.es/server/oai/request,loyola.biblioteca.deusto.es
567,Biblioteca Digital Loyola,http://loyola.biblioteca.deusto.es/oai/request,""
568,Biblioteca Digital MINERVA,http://repository.ean.edu.co/oai/request,""
569,Biblioteca Digital Real Academia de la Historia,http://bibliotecadigital.rah.es/dgbrah/i18n/oai/oai_bibliotecadigital.rah.es.cmd,bibliotecadigital.rah.es
570,Biblioteca Digital Universidad de Cartagena,https://repositorio.unicartagena.edu.co/oai/request,repositorio.unicartagena.edu.co
571,Biblioteca Digital Universidad de San Buenaventura Colombia,http://bibliotecadigital.usb.edu.co/oai/request,bibliotecadigital.usb.edu.co
572,Biblioteca Digital Universidad Del Pacifico,https://repositorio.unipacifico.edu.co/oai/request,dspace-unipacifico.metabuscador.org
573,Biblioteca Digital Universidad del Quindío,https://bdigital.uniquindio.edu.co/oai/request,bdigital.uniquindio.edu.co
574,Biblioteca Digital Universidad del Valle,http://bibliotecadigital.univalle.edu.co:8000/oai/request,""
575,Biblioteca Escolar Digital (BED) || www.bibliotecaescolardigital.es,http://www.bibliotecaescolardigital.es/oaiBidig2/oai2.php,www.bibliotecaescolardigital.es
576,Biblioteca Nazionale Marciana - Ufficio Carte Geografiche - OAI Repository 1,http://geoweb.venezia.sbn.it/geoweb2004/oaipmh/pmhR.aspx,""
577,Biblioteca Un Single en Madrid,http://www.openarchives.es/singlemadrid/oai.asp,singlemadrid
578,Biblioteca Universidad De La Sabana - Catálogo de Tesis y Disertaciones ,http://biblioteca.unisabana.edu.co/tesis/oai.php,biblioteca.unisabana.edu.co
579,Biblioteca Valenciana Digital,http://bivaldi.gva.es/i18n/oai/oai_bivaldi.gva.es.cmd,bivaldi.gva.es
580,Biblioteca Virtual Banco de la República - Colecciones digitales,http://babel.banrepcultural.org/oai/oai.php,""
581,Biblioteca Virtual de Derecho Aragonés,http://www.derechoaragones.es/i18n/oai/oai.cmd,derechoaragones.es
582,Biblioteca Virtual de la Diputación de Zaragoza,http://www.bivizar.es/i18n/oai/oai.cmd,www.bivizar.es
583,Biblioteca Virtual de la Provincia de Málaga,http://bibliotecavirtual.malaga.es/i18n/oai/oai_bibliotecavirtual.malaga.es.cmd,bibliotecavirtual.malaga.es
584,Biblioteca Virtual de la Real Academia Nacional de Farmacia,http://82.223.10.68:81/ranf/i18n/oai/oai.cmd,biblioteca.ranf.com
585,Biblioteca Virtual de La Rioja,http://bibliotecavirtual.larioja.org/bvrioja/i18n/oai/oai_bibliotecavirtual.larioja.org.cmd,bibliotecavirtual.larioja.org
586,Biblioteca Virtual de Lastanosa,http://bv.lastanosa.com/i18n/oai/oai.cmd,bviea.digibis.com
587,Biblioteca Virtual de Prensa historica,http://prensahistorica.mcu.es/i18n/oai/oai.cmd,prensahistorica.mcu.es
588,Biblioteca Virtual del Ministerio de Defensa,http://bibliotecavirtualdefensa.es/BVMDefensa/i18n/oai/oai_bibliotecavirtualdefensa.es.cmd,bibliotecavirtualdefensa.es
589,Biblioteca Virtual del Patrimonio Bibliográfico,http://bvpb.mcu.es/i18n/oai/oai.cmd,bvpb.mcu.es
590,Biblioteca Virtual del Principado de Asturias,http://bibliotecavirtual.asturias.es/i18n/oai/oai_bibliotecavirtual.asturias.es.cmd,bibliotecavirtual.asturias.es
591,Biblioteca Virtual Larramendi (Autoridades),http://www.larramendi.es/i18n/oai/oai_aut.cmd,larramendi.es
592,Biblioteca Virtual Silverio Lanza,http://bibliotecadigital.getafe.es/bvgetafe/i18n/oai/oai_bibliotecadigital.getafe.es.cmd,bibliotecadigital.getafe.es
593,Biblioteca | (descarga gratis) | Tantra,http://tantra.org.ar/biblioteca/index.php/Biblioteca/oai,ojs.tantra.org.ar
594,Biblioteca | Repositorio (Open access) | Escuela de Tantra en España,http://tantra.org.es/revista/index.php/Biblioteca/oai,ojs.tantra.org.es
595,Bibliotecas Virtuales FHL. Registros bibliográficos,http://www.larramendi.es/i18n/oai/oai.cmd,larramendi.es
596,Biblioteka,http://pressto.amu.edu.pl/index.php/b/oai,ojs.pressto.amu.edu.pl
597,Biblioteka Cyfrowa KLF UW,http://bc.klf.uw.edu.pl/cgi/oai2,bc.klf.uw.edu.pl
598,Biblioteka Politechniki Lodzkiej,http://dspace.p.lodz.pl:8080/oai/request,""
599,Bibliotheca Lituana,https://www.journals.vu.lt/Bibliotheca-Lituana/oai,ojs.www4063.vu.lt
600,"Bibliotheksservice-Zentrum Baden-Württemberg, Germany, Virtueller Medienserver",http://www.bsz-bw.de/cgi-bin/oai20_send.pl,bsz-bw.de
601,Bibliothèque numérique - Université de Rennes 2,http://bibnum.univ-rennes2.fr/oai-pmh-repository/request,bibnum.univ-rennes2.fr
602,Bibliothèque numérique de l'enssib,http://www.enssib.fr/bibliotheque-numerique/oai,bibnum.enssib.fr
603,Bibliothèques de l'Université de Montréal - Collections numérisées,http://umontreal.cdmhost.com/cgi-bin/oai.exe,""
604,Bibliothèques Virtuelles Humanistes,http://www.bvh.univ-tours.fr/oai2/repositoryOAI.asp,bvh.univ-tours.fr
605,Biblos-e Archivo,http://repositorio.uam.es/oai/request,repositorio.uam.es
606,BibNum,http://www.bibnum.education.fr/oai/oai2.php,""
607,BieColl - Bielefeld Electronic Collections,http://biecoll.ub.uni-bielefeld.de/oai2/oai2.php,biecoll.ub.uni-bielefeld.de
608,BIEE SPACE,http://bieec.epn.edu.ec:8180/oai/request,""
609,Bilgi Dünyası,http://bd.org.tr/index.php/bd/oai,ojs.bd.org.tr
610,Bilgi Dünyası,http://bd.org.tr/index.php/index/oai,ojs.bd.org.tr
611,bilimname: Düşünce Platformu,http://repository.erciyes.edu.tr/bilimname/oai-pmh-repository/request,repository.erciyes.edu.tr
612,Bilkent University Institutional Repository,http://repository.bilkent.edu.tr/oai/request,repository.bilkent.edu.tr
613,Bina Manfaat Ilmu: Jurnal Pendidikan,http://jurnal.lpksaricitrasurya.com/index.php/bmi/oai,ojs.jurnal.lpksaricitrasurya.com
614,Binary Journal of Data Mining & Networking,http://www.arjournals.org/index.php/bjdmn/oai,ojs.localhost
615,BINDANI,https://bindani.izt.uam.mx/catalog/oai,bindani.izt.uam.mx
616,Bingol University,http://acikerisim.bingol.edu.tr:8080/oai/request,""
617,Bio-grafia,http://revistas.pedagogica.edu.co/index.php/bio-grafia/oai,pedagogica.edu.co-REVISTAS-UPN-CO
618,Biociencias,http://revistas.unilibre.edu.co/index.php/biociencias/oai,revistas.unilibre.edu.co
619,Biodiversidade Brasileira (BioBrasil),https://revistaeletronica.icmbio.gov.br/BioBR/oai,revistaeletronica.icmbio.gov.br
620,Biodiversity and Natural History,http://www.biodiversnathist.com/index.php/bnh/oai,ojs.biodiversnathist.com
621,BIOFIX Scientific Journal,http://revistas.ufpr.br/biofix/oai,ojs.c3sl.ufpr.br
622,BIOFIX Scientific Journal,https://revistas.ufpr.br/biofix/oai,ojs.c3sl.ufpr.br
623,Biogenesis,http://journal.uin-alauddin.ac.id/index.php/biogenesis/oai,journal.uin-alauddin.ac.id
624,Bioinformatica,http://bioinformatica.in/index.php/bioinformatica/oai,ojs.bioinformatica.in
625,Bioline International,http://www.bioline.org.br/oai,""
626,Biological Sciences,https://irrespub.com/biolsciences/index.php/1/oai,ojs2.irrespub.com
627,"Biology, Medicine, & Natural Product Chemistry",http://sciencebiology.org/index.php/BIOMEDICH/oai,ojs.sciencebiology.org
628,BIOMA : Jurnal Biologi dan Pembelajaran Biologi,http://jurnal.unmuhjember.ac.id/index.php/BIOMA/oai,ojs.localhost
629,BioMed Central,http://www.biomedcentral.com/oai/2.0/,biomedcentral.com
630,BiomedGrid,https://biomedgrid.com/oai.xml,www.biomedgrid.com
631,Biomedical Photonics,http://www.pdt-journal.com/jour/oai,ojs.bioph.elpub.ru
632,Biomedical Review: Journal of Basic and Applied Medical Sciences (JBAMS),https://biomedical.medresearch.in/index.php/jbams/oai,oai.biomedical.medresearch.in
633,Biomedicina,http://imed.pub/ojs/index.php/biomed/oai,www.imed.pub
634,Biomedicine and Chemical Sciences,https://journals.irapa.org/index.php/BCS/oai,ojs2.journals.irapa.org
635,Biomedres,https://biomedres.us/oai-pmh.xml,biomedres.us
636,Biomédica,http://www.revistabiomedica.org/index.php/biomedica/oai,www.revistabiomedica.org
637,BioOne Repository,https://bioone.org/action/oai,""
638,BIOSAINTROPIS (BIOSCIENCE-TROPIC),http://biosaintropis.unisma.ac.id/index.php/biosaintropis/oai,ojs.pkp.sfu.ca
639,BioSight,http://biosight.org/index.php/bios/oai,ojs2.biosight.org
640,Biosystems Diversity,https://ecology.dp.ua/index.php/ECO/oai,ojs.ecology.dp.ua
641,Biota,https://biota.ac.id/index.php/jb/oai,ojs2.biota.ac.id
642,Biotecnología Vegetal,https://revista.ibp.co.cu/index.php/BV/oai,ojs.revista.ibp.co.cu
643,BIOVALENTIA,http://biovalentia.mipa.unsri.ac.id/index.php/biovalentia/oai,ojs.biovalentia.mipa.unsri.ac.id
644,Birkbeck ePrints,http://eprints.bbk.ac.uk/perl/oai2,BirkbeckEPrints.OAI2
645,Biruni University Institutional Repository,http://openaccess.biruni.edu.tr/oai/request,openaccess.biruni.edu.tr
646,Bitnet: Jurnal Pendidikan Teknologi Informasi,http://journal.umpalangkaraya.ac.id/index.php/bitnet/oai,journal.umpalangkaraya.ac.id
647,BK BOOKS,https://books.bk.tudelft.nl/index.php/press/oai,books.bk.tudelft.nl
648,BK BOOKS,http://books.bk.tudelft.nl/index.php/press/oai,omp.ojs-lib.tudelft.nl
649,Blekinge Institute of Technology (BTH) - Institutional Repository,http://www3.bth.se/servlet/Forskinfo,""
650,Blue Ocean Research Journals,http://borjournals.com/a/index.php/index/oai,ojs.borjournals.com
651,Blue Tiger Commons@LincolnU,https://bluetigercommons.lincolnu.edu/do/oai/,bluetigercommons.lincolnu.edu
652,BMGN - Low Countries Historical Review,https://www.bmgn-lchr.nl/jms/index.php/up/oai/,ojs.www.bmgn-lchr.nl
653,bnarchives,http://bnarchives.yorku.ca/perl/oai2,BNArchives.OAI2
654,BNM-Biblioteca Nacional de Maestros - Biblioteca Digital,http://bdu.siu.edu.ar/bnmoai/oai2.php,""
655,BOA Bicocca Open Archive,https://boa.unimib.it/oai/request,boa.unimib.it
656,"Body, Space & Technology",https://www.bstjournal.com/jms/index.php/up/oai/,ojs.bstjournal.com
657,Boletín Cultural y Bibliográfico,http://publicaciones.banrepcultural.org/index.php/boletin_cultural/oai,publicaciones.banrepcultural.org
658,Boletín da Real Academia Galega,https://publicacionsperiodicas.academia.gal/index.php/BRAG/oai,ojs.periodicas.academia.gal
659,Boletín de Antropología,http://aprendeenlinea.udea.edu.co/revistas/index.php/boletin/oai,ojs.aprendeenlinea.udea.edu.co
660,Boletín del Instituto de Historia Argentina y Americana “Dr. Emilio Ravignani”,http://ppct.caicyt.gov.ar/index.php/ravignani/oai,ppct.caicyt.gov.ar
661,Bolivian Studies Journal/Revista de Estudios Bolivianos,http://bsj.pitt.edu/ojs/index.php/bsj/oai,bsj.pitt.edu
662,Boloka bediener,http://143.160.38.130:8080/oai/request,""
663,Boloka bediener,http://dspace.nwu.ac.za/oai/request,""
664,Bolu Abant İzzet Baysal University Institutional Repository,http://acikerisim.ibu.edu.tr/oai/request,acikerisim.ibu.edu.tr
665,bonndoc - Der Publikationsserver der UniversitÃ¤t Bonn,https://bonndoc.ulb.uni-bonn.de/oai/request,bonndoc.ulb.uni-bonn.de
666,BookRxiv,https://bookrxiv.ac/index.php/books/oai,bookrxiv.ac
667,BookRxiv,https://bookrxiv.com/index.php/b/oai,bookrxiv.com
668,bopcris OAI Archive,http://www.bopcris.ac.uk/cgi-bin/OAI-XMLFile-2.1/XMLFile/bopcris/oai.pl,bopcris.ac.uk
669,bopcris OAI Archive,http://www.bopcris.ac.uk/cgi-bin/OAI-XMLFile-2.1/XMLFile/parl18c/oai.pl,parl18c.bopcris.ac.uk
670,BORA CMI,http://bora.cmi.no/dspace-oai/request,""
671,BORIS,http://boris.unibe.ch/cgi/oai2,boris.unibe.ch
672,Borneo Journal of Medical Laboratory Technology,http://journal.umpalangkaraya.ac.id/index.php/bjmlt/oai,journal.umpalangkaraya.ac.id
673,BORNEO JOURNAL OF PHARMACY,http://journal.umpalangkaraya.ac.id/index.php/bjop/oai,journal.umpalangkaraya.ac.id
674,Bosnian Journal of Basic Medical Sciences,http://www.bjbms.org/ojs/index.php/bjbms/oai,ojs.bjbms.org
675,"BRAC - Barcelona, Investigación, Arte, Creación",http://hipatiapress.com/hpjournals/index.php/brac/oai,journals.hipatiapress.com
676,BRAC University Digital Repositories,http://dspace.bracu.ac.bd:8180/oai/request,""
677,Bradford Scholars,http://bradscholars.brad.ac.uk/dspace-oai/request,""
678,Brandman Digital Repository,https://digitalcommons.brandman.edu/do/oai/,digitalcommons.brandman.edu
679,Brazilian Business Review,http://www.bbronline.com.br/index.php/bbr/oai,ojs.pkp.sfu.ca
680,BRAZILIAN ELECTRONIC JOURNAL OF MATHEMATICS ,https://seer.ufu.br/index.php/BEJOM/oai,ojs.www.seer.ufu.br
681,Brazilian Journal of Implantology and Health Sciences  ,https://bjihs.emnuvens.com.br/bjihs/oai,ojs.bjihs.emnuvens.com.br
682,Brazilian Journal of Veterinary Medicine,http://rbmv.org/index.php/BJVM/oai,ojs.pkp.sfu.ca
683,Bristol Repository of Scholarly Eprints (ROSE) ,http://rose.bris.ac.uk/dspace-oai/request,""
684,British and Irish Orthoptic Journal,https://www.bioj-online.com/jms/index.php/up/oai/,ojs.bioj-online.com
685,British History Online,http://www.british-history.ac.uk/oai/oai.aspx,british-history.ac.uk
686,British Journal of Clinical Audit,http://bjca-online.co.uk/index.php/BJCA/oai,ojsc.bjca-online.co.uk
687,Brock University Digital Repository,http://dr.library.brocku.ca/oai/request,""
688,Brújula,https://repositorio.uloyola.es/oai/request,repositorio.uloyola.es
689,Buana Pendidikan: Jurnal Fakultas Keguruan dan Ilmu Pendidikan Unipa Surabaya,https://jurnal.unipasby.ac.id/index.php/jurnal_buana_pendidikan/oai,jurnal.unipasby.ac.id
690,Buckingham E-Archive of Research,http://bear.buckingham.ac.uk/cgi/oai2,bear.buckingham.ac.uk
691,Bucknell Digital Commons,https://digitalcommons.bucknell.edu/do/oai/,digitalcommons.bucknell.edu
692,Budhi: A Journal of Ideas and Culture,http://journals.ateneo.edu/ojs/index.php/budhi/oai,ojs.journals.ateneo.edu
693,Budownictwo i Architektura,https://ph.pollub.pl/index.php/bia/oai,ojs2.ph.pollub.pl
694,BUE Scholar,https://buescholar.bue.edu.eg/do/oai/,buescholar.bue.edu.eg
695,Buhalterinės apskaitos teorija ir praktika,https://www.journals.vu.lt/BATP/oai,ojs.www4063.vu.lt
696,Buildings and Cities,https://journal-buildingscities.org/jms/index.php/up/oai/,ojs.journal-buildingscities.org
697,Bukkyo Universty Academic Knowledge & E-resources Repository: BAKER,http://archives.bukkyo-u.ac.jp/il4/oai_repository/pmh/G0000019-repository,""
698,Buletin Al-Turas,http://journal.uinjkt.ac.id/index.php/al-turats/oai,ojs.localhost
699,Buletin Jagaddhita,https://buletin.jagaddhita.org/oai,""
700,Buletin Kebun Raya,http://jurnal.krbogor.lipi.go.id/index.php/buletin/oai,ojs.jurnal.krbogor.lipi.go.id
701,Buletin Konseling Inovatif,http://journal2.um.ac.id/index.php/buseli/oai,ojs.journal2.um.ac.id
1441,ElPub Digital Library,http://elpub.architexturez.net/oai-pmh,""
702,Buletin Pemberdayaan Masyarakat dan Desa,https://journal.trunojoyo.ac.id/bpmd/oai,ojs.journal.trunojoyo.ac.id
703,Buletin Peternakan,http://journal.ugm.ac.id/buletinpeternakan/oai,ojs.journal.ugm.ac.id
704,Buletin Pos dan Telekomunikasi,https://online.bpostel.com/index.php/bpostel/oai,ojs.online.bpostel.com
705,"Buletinul Universitatii Nationale de Aparare ""Carol I""",https://spodas.unap.ro/revista/index.php/revista/oai,ojs.www.spodas.ro
706,Bulgarian e-Journal of Archaeology | Българско е-Списание за Археология,https://be-ja.org/index.php/journal/oai,ojs2.be-ja.org
707,Bulletin KNOB,https://bulletin.knob.nl/index.php/knob/oai,bulletin.knob.nl
708,Bulletin KNOB,http://bulletin.knob.nl/index.php/knob/oai,ojs.ojs-lib.tudelft.nl
709,BULLETIN OF CHEMICAL REACTION ENGINEERING & CATALYSIS,http://ejournal.undip.ac.id/index.php/bcrec/oai,ojs.ejournal.undip.ac.id
710,Bulletin of Culinary Art and Hospitality,http://bocahjournal.um.ac.id/index.php/bocah/oai,bocahjournal.um.ac.id
711,BULLETIN OF NETWORK ENGINEER AND INFORMATICS,https://bufnets.tech/index.php/bufnets/oai,ojs.bufnets.tech
712,BULLETIN OF NETWORK ENGINEER AND INFORMATICS,https://bufnets.tech/index.php/index/oai,ojs.bufnets.tech
713,Bulletin of Scientific Research,https://journals.asianresassoc.org/index.php/bsr/oai,ojs2.journals.asianresassoc.org
714,Bulletin of the Academy of Sciences of Moldova. Medical Sciences,https://bulmed.md/bulmed/oai,bulmed.md
715,Bulletin of the History of Archaeology,https://www.archaeologybulletin.org/jms/index.php/up/oai/,ojs.www.archaeologybulletin.org
716,Bulletin of the International Scientific Surgical Association,http://surgjournal.ru/index.php/BISSA/oai,ojs.surgjournal.ru
717,BULLETIN OF THE MARINE GEOLOGY,http://ejournal.mgi.esdm.go.id/index.php/bomg/oai,ojs.localhost
718,Bulletin of the New Zealand Society for Earthquake Engineering,http://bull.nzsee.org.nz/index.php/bnzsee/oai,bull.nzsee.org.nz
719,Bulletin of the New Zealand Society for Earthquake Engineering,https://bull.nzsee.org.nz/index.php/bnzsee/oai,bulletin.nzsee.org.nz
720,Bulletin of the New Zealand Society for Earthquake Engineering,https://bulletin.nzsee.org.nz/index.php/bnzsee/oai,bulletin.nzsee.org.nz
721,"Bulletin of the Polytechnic Institute of Jassy, CONSTRUCTIONS. ARCHITECTURE Section",http://www.bipcons.ce.tuiasi.ro/oai/oai2.php,bipcons.ce.tuiasi.ro
722,BULLETINIFEA,http://www.ifeanet.org/phpoai2-1.5/php_oai/oai2.php,""
723,Bunda Edu-Midwifery Journal (BEMJ),http://jurnal.akbidbunda.ac.id/index.php/BEMJ/oai,ojs3.jurnal.akbidbunda.ac.id
724,Bursa Teknik  University Institutional Repository,http://acikerisim.btu.edu.tr/oai/request,acikerisim.btu.edu.tr
725,Business and Investment Review,https://lgdpublishing.org/index.php/birev/oai,ojs2.lgdpublishing.org
726,Business and Public Administration Studies,http://www.bpastudies.org/index.php/bpastudies/oai,bpastudies.org
727,Business Perspective Review,https://riiopenjournals.com/index.php/business-perspective-review/oai,ojs2.riiopenjournals.com
728,Bussecon Review of Finance & Banking (2687-2501),https://bussecon.com/ojs/index.php/brfb/oai,ojs2019.bussecon.com
729,Bussecon Review of Social Sciences (2687-2285),https://bussecon.com/ojs/index.php/brss/oai,ojs2019.bussecon.com
730,BYU Law Digital Commons,https://digitalcommons.law.byu.edu/do/oai/,digitalcommons.law.byu.edu
731,BYU ScholarsArchive,https://scholarsarchive.byu.edu/do/oai/,scholarsarchive.byu.edu
732,Cadair - Aberystwyth University Open Access Repository,http://cadair.aber.ac.uk/dspace-oai/request,""
733,CADERNO DE DIREITO E POLÍTICA,https://faculdadedamas.edu.br/revistafd/index.php/cadip/oai,ojs.faculdadedamas.edu.br
734,Caderno de Relações Internacionais,http://www.faculdadedamas.edu.br/revistafd/index.php/relacoesinternacionais/oai,ojs.faculdadedamas.edu.br
735,Cadernos da FUCAMP,http://www.fucamp.edu.br/editora/index.php/cadernos/oai,ojs.pkp.sfu.ca
736,Cadernos de Dereito Actual,http://www.cadernosdedereitoactual.es/ojs/index.php/cadernos/oai,ojs.www.cadernosdedereitoactual.es
737,Cadernos de Linguística,https://cadernos.abralin.org/index.php/cadernos/oai,ojs3.cadernos.abralin.org
738,Cadernos de Pedagogia Social,https://revistas.ucp.pt/index.php/cpedagogiasocial/oai,ojs.revistas.ucp.pt
739,Cadernos do FNDE ,https://www.fnde.gov.br/publicacoes/index.php/cadernosFNDE/oai,ojs2.bomfim.fnde.gov.br
740,Cadernos do Programa de Pós-Graduação em Direito – PPGDir./UFRGS,http://www.seer.ufrgs.br/index.php/ppgdir/oai,seer.ufrgs.br
741,Cadernos Ibero-Americanos de Direito Sanitário,https://www.cadernos.prodisa.fiocruz.br/index.php/cadernos/oai,ojs.cadernos.prodisa.fiocruz.br
742,Cag University Institutional Repository,http://openaccess.cag.edu.tr/oai/request,openaccess.cag.edu.tr
743,Cahiers scientifiques de l'océan Indien occidental,http://www.cahiers-wio.org/ojs/index.php/Cahiers-scientifiques-WIO/oai,ojs.www.cahiers-wio.org
744,CALAIX,http://calaix.gencat.cat/oai/request,""
745,Caletroscópio,https://periodicos.ufop.br:8082/pp/index.php/caletroscopio/oai,pp.www.periodicos.ufop.br
746,Caltech Archives Oral Histories Online,http://oralhistories.library.caltech.edu/perl/oai2,oralhistories.library.caltech.edu
747,Caltech Authors,http://authors.library.caltech.edu/perl/oai2,authors.library.caltech.edu
748,CaltechTHESIS,http://thesis.library.caltech.edu/cgi/oai2,thesis.library.caltech.edu
749,Calvin Digital Commons,https://digitalcommons.calvin.edu/do/oai/,digitalcommons.calvin.edu
750,Calypso - Collections objets numériques - Bibliothèques Université de Montréal,http://calypso.bib.umontreal.ca/oai/oai.php,""
751,Calypso : Collections d'objets numériques - Bibliothèques de l'Université de Montréal,http://calypso.bib.umontreal.ca/cgi-bin/oai.exe,""
752,Campus Bio-Medico,http://gatewayoai.unicampus.it/OAI.aspx/ilithia.unicampus.it/ilithia/DTDocumentiXML/Ilithia.xml,""
753,Camtree Digital Library,https://library.camtree.org/server/oai/request,library.camtree.org
754,Canadian Acoustics,http://jcaa.caa-aca.ca/index.php/jcaa/oai,ojs.caa-aca.ca
755,Canadian Acoustics,https://jcaa.caa-aca.ca/index.php/jcaa/oai,ojs.pkp.sfu.ca
756,Canadian Journal of Bioethics / Revue canadienne de bioéthique,https://cjb-rcb.ca/index.php/cjb-rcb/oai,cjb-rcb.ca
757,Canadian Perspectives on Academic Integrity,https://journalhosting.ucalgary.ca/index.php/ai/oai,journalhosting.ucalgary.ca
758,CANANG: Jurnal Pengabdian Masyarakat,http://canang.pelantarpress.co.id/index.php/canang/oai,canang.pelantarpress.co.id
759,Cappadocia Journal of Area Studies,http://cjas.kapadokya.edu.tr/index.php/cjas/oai,ojs.cjas.kapadokya.edu.tr
760,Carano Pustaka Universitas Andalas,http://carano.pustaka.unand.ac.id/index.php/car/oai,omp.carano.pustaka.unand.ac.id
761,Cardiff ePrints Caerdydd,http://eprints.cf.ac.uk/perl/oai2,eprints.cf.ac.uk
762,Cardinal Scholar,http://cardinalscholar.bsu.edu/oai/request,""
763,Cardiology Plus,http://www.cardiologyplus.org/journal/oai,ojs.cardiologyplus.org
764,Carnegie Mellon University Informedia Public Domain Video Archive,http://infsearch.cs.cmu.edu/cgi-bin/oai.pl,""
765,Carnegie Museum of Natural History Diplodocus and Douglass Archives; Carnegie Mellon University Archives,http://diva.library.cmu.edu/webapp/CMNH/oai2/OAIHandler,archive.library.cmu.edu
766,Carolina Digital Library and Archives ContentDM Collections,http://dc.lib.unc.edu/cgi-bin/oai.exe,""
767,Carolina Law Scholarship Repository,https://scholarship.law.unc.edu/do/oai/,scholarship.law.unc.edu
768,Carroll Collected,https://collected.jcu.edu/do/oai/,collected.jcu.edu
769,Cartoteca ICC,http://vacani.icc.cat/cgi-bin/oai.exe,""
770,Case Western Reserve University School of Law Scholarly Commons,https://scholarlycommons.law.case.edu/do/oai/,scholarlycommons.law.case.edu
771,Catedral Tomada. Revista de crítica literaria latinoamericana,http://catedraltomada.pitt.edu/ojs/index.php/catedraltomada/oai,ojs.catedraltomada.pitt.edu
772,CAUCHY,http://ejournal.uin-malang.ac.id/index.php/Math/oai.,ejournal.uin-malang.ac.id
773,CCIN repository,http://www.polardata.ca/oai/provider,""
774,CCIT Journal,http://ejournal.raharja.ac.id/index.php/ccit/oai,ojs2.ejournal.raharja.ac.id
775,CCLRC ePublication Archive,http://epubs.cclrc.ac.uk/oai,epubs.cclrc.ac.uk
776,CCPB OAI,http://catalogos.mecd.es/CCPBOAI/api/oai,catalogos.mecd.es
777,CCSU Digital Archive,http://fred.ccsu.edu:8000/perl/oai2,fred.ccsu.edu.OAI2
778,CCU Digital Commons,https://digitalcommons.coastal.edu/do/oai/,digitalcommons.coastal.edu
779,CEFLegal. Revista práctica de derecho,https://revistas.cef.udima.es/index.php/ceflegal/oai,revistas.cef.udima.es
780,Cell and BioPharmaceutical Institute,http://www.cellbiopharm.com/ojs/index.php/index/oai,ojs.www.cellbiopharm.com
781,Cell Therapy and Regenerative Medicine Journal,http://ctrmjournal.com/index.php/ctrm/oai,ojs.ctrm.ejournals.ca
782,Cellular and Molecular Exercise Physiology,http://www.cellularandmolecularexercisephysiology.com/index.php/CMEP/oai,ojs.www.cellularandmolecularexercisephysiology.com
783,Cendar,https://repositorio.artesaniasdecolombia.com.co/oai/request,repositorio.artesaniasdecolombia.com.co
784,CentAUR,http://centaur.reading.ac.uk/cgi/oai2,centaur.reading.ac.uk
785,Centenary,https://eprints.centenary.org.au/cgi/oai2,eprints.centenary.org.au
786,Center for Jewish History,http://digital.cjh.org/OAI-PUB,digital.cjh.org
787,Central Asian Journal of Global Health,http://cajgh.pitt.edu/ojs/index.php/cajgh/oai,ojs.cajgh.pitt.edu
788,Central Economics and Mathematics Institute of Russian Academy of Sciences |,http://cemi.socionet.ru/oai/ecoorg:org1/oai.cgi,cemi.socionet.ru
789,Central European Business Review,http://cebr.vse.cz/cebr/oai,ojs.cebr
790,Centre de documentacio i Museu de les Arts Esceniques. OAI Repository,http://colleccions-oai-pmh.cdmae.cat/oaiprovider/,cdmae.cat
791,Centre de Ressources pour la Description de l'Oral (CRDO),http://crdo.vjf.cnrs.fr:8080/crdo_servlet/oai-pmh,crdo.vjf.cnrs.fr
792,Centro de Biotecnología,https://revistas.unl.edu.ec/index.php/biotecnologia/oai,ojs.revistas.unl.edu.ec
793,Centro de Documentaci??n - Coomeva,http://repositorio.coomeva.com.co/oai/request,repositorio.coomeva.com.co
794,Centrosur Agraria,https://centrosuragraria.com/index.php/revista/oai,ojs.centrosuragraria.com
795,CEU Repositorio Institucional,https://repositorioinstitucional.ceu.es/oai/driver,repositorioinstitucional.ceu.es
796,CEU Repositorio Institucional,https://repositorioinstitucional.ceu.es/oai/request,repositorioinstitucional.ceu.es
797,CFDT Archives ,https://archives.memoires.cfdt.fr/oaipmh/repository/,""
798,CGIAR Output Repository ,http://library.cgiar.org/oai/request,""
799,CGSpace,https://cgspace.cgiar.org/oai/request,cgspace.cgiar.org
800,Chapman University Digital Commons,https://digitalcommons.chapman.edu/do/oai/,digitalcommons.chapman.edu
801,Chasqui. Revista Latinoamericana de Comunicación,http://revistachasqui.org/index.php/chasqui/oai,ojs.www.ciespal.org
802,China Health Review,http://review.chpams.org/oai,ojs.scholarlyexchange.org
803,Chinese Text Project,http://ctext.org/oai.pl,oai.ctext.org
804,Chone Ciencia y Tecnología,https://www.cct-uleam.info/index.php/chone-ciencia-y-tecnologia/oai,www.cct-uleam.info
805,Christian Business Academy Review,http://cbfa-cbar.org/index.php/cbar/oai,ojs.cbfa-cbar.org
806,Chronicles of Young Scientists,http://opubs.com/cys/index.php/cys/oai,ojs.opubs.com
807,Chronique - Archaeological Reports,https://chronique.efa.gr/oai.php,""
808,Chronique - Archaeological Reports,https://chronique.efa.gr/oai_pmh.php,""
809,Ciconia,http://ciconia.gobex.es/ciconia/i18n/oai/oai_ciconia.gobex.es.do,ciconia.gobex.es
810,CIENCIA & DESARROLLO,http://revistas.unjbg.edu.pe/index.php/CYD/oai,ojs.revistas.unjbg.edu.pe
811,Ciencia & Salud,http://revistas.usc.edu.co/index.php/CienciaySalud/oai,ojs.revistas.usc.edu.co
812,Ciencia Amazónica (Iquitos),http://www.ojs.ucp.edu.pe/index.php/cienciaamazonica/oai,ojs.ojs.ucp.edu.pe
813,CIENCIA E INNOVACION EN SALUD,http://revistas.unisimon.edu.co/index.php/innovacionsalud/oai,ojs.revistas.unisimon.edu.co
814,CIENCIA ergo-sum,https://cienciaergosum.uaemex.mx/oai,ojs.hemeroteca.uaemex.mx
815,"Ciencia Nueva, revista de Historia y Política",https://revistas.utp.edu.co/index.php/historia/oai,ojs2.revistasoldversion.utp.edu.co
816,Ciencia Unisalle,https://ciencia.lasalle.edu.co/do/oai/,ciencia.lasalle.edu.co
817,Ciencia y Cuidado,http://revistas.ufps.edu.co/ojs/index.php/cienciaycuidado/oai,ojs.vaie.ufps.edu.co
818,Ciencia y Tecnología,https://revistas.uteq.edu.ec/index.php/cyt/oai,revistas.uteq.edu.ec
819,"Ciencia, Docencia y Tecnología",https://pcient.uner.edu.ar/index.php/cdyt/oai,ojs.pkp.sfu.ca
820,"Ciencia, Innovación y Tecnología",http://www.revistasjdc.com/main/index.php/rciyt/oai,ojs.www.revistasjdc.com
821,Ciencias de la Ingeniería y Aplicadas,http://investigacion.utc.edu.ec/revistasutc/index.php/ciya/oai,ojs.revistasutc
822,Ciencias Sociales y Económicas,https://revistas.uteq.edu.ec/index.php/csye/oai,revistas.uteq.edu.ec
823,Cienciométrico,http://ecuciencia.utc.edu.ec/Ecuciencia/oai,ojs.ecucienciautc
824,Cienciométrico,http://metadatos-ecuciencia-utc.com:9000/Ecuciencia/oai,ojs.ecucienciautc
825,CIMEC Document Repository,http://www.cimec.org.ar/ojs/index.php/cimec-repo/oai,ojs.www.cimec.org.ar
826,CIMEDOC - Open Journals,https://ojs.cimedoc.uniba.it/index.php/index/oai,ojs.ojs.cimedoc.uniba.it
827,CINEJ Cinema Journal,http://cinej.pitt.edu/ojs/index.php/cinej/oai,ojs.cinej.pitt.edu
828,CIP Publications,http://imlsdcc.grainger.uiuc.edu/gateway.net/oai.aspx/cip.catalog.cgiar.org/oaister/cip_oaister.xml,""
829,CISTI-ICIST,http://oai.cisti-icist.nrc-cnrc.gc.ca/oai/ctrl,cisti-icist.nrc-cnrc.ca
830,Cities Studio Annual Review,https://csar.lse.ac.uk/jms/index.php/up/oai/,ojs.csar.lse.ac.uk
831,Citizen Science: Theory and Practice,https://theoryandpractice.citizenscienceassociation.org/jms/index.php/up/oai/,ojs.citizenscienceassociation.org
832,City Research Online,http://openaccess.city.ac.uk/cgi/oai2,openaccess.city.ac.uk
833,Civil Engineering Dimension,http://puslit2.petra.ac.id/ejournal/index.php/civ/oai,puslit2.petra.ac.id
834,CIÊNCIAS CRIMINAIS EM PERSPECTIVA,http://faculdadedamas.edu.br/revistafd/index.php/crimper/oai,ojs.faculdadedamas.edu.br
835,Ciência & Tecnologia,https://citec.fatecjaboticabal.edu.br/index.php/citec/oai,ojs.pkp.sfu.ca
836,CLACSO - Red de Bibliotecas Virtuales,http://168.96.200.71/gsdl283/cgi-bin/oaiserver.cgi,""
837,CLARA Architecture/Recherche,http://clararevue.ulb.be/OJS/index.php/CLARA/oai,ojs.clararevue.ulb.be
838,CLARA Architecture/Recherche,https://clararevue.ulb.be/OJS/index.php/CLARA/oai,ojs.clararevue.ulb.be
839,Clemson University Libraries Digital Repository (provider v. 1.14),http://openparksnetwork.org/oai/pmh.php,""
840,Clifford G. Shull Collection; Carnegie Mellon Univerity Archives,http://diva.library.cmu.edu/webapp/shull/oai2/OAIHandler,archive.library.cmu.edu
841,Clinical Management Issues,https://journals.edizioniseed.it/index.php/cmi/oai,journals.edizioniseed.it
842,"CLIO-i: Data Provider of FUNDAJ. Recife, Brazil",http://digitalizacao.fundaj.gov.br/fundaj2/modules/pd/index.php,clioi.fundaj.gov.br
843,CLOK - Central Lancashire Online Knowledge,http://clok.uclan.ac.uk/cgi/oai2,clok.uclan.ac.uk
844,Clud - Biblioteca Open Access,http://www.clud.es/oai.asp,clud
845,Clínica y Salud,https://journals.copmadrid.org/clysa/oai,journals.copmadrid.org
846,cmfri,http://eprints.cmfri.org.in/cgi/oai2,generic.eprints.org
847,CMRE Open Library,https://openlibrary.cmre.nato.int/oai/request,openlibrary.cmre.nato.int
848,CNMCA Italy,http://dcpc.meteoam.it/oai/provider,""
849,CNMCA Italy,http://medcpc.meteoam.it/oai/provider,""
850,CNR - Generic Configurable OAI v.2.0 Data Provider,http://oai.remuna.org/oai/oaidp.py,oai.remuna.org
851,CNR Bologna Research Library,http://biblio-eprints.bo.cnr.it/perl/oai2,CNRBiblioEprints
852,CODA,http://symposia.colby.edu/iii/oairep/OAIRepository,""
853,Cognitariat: Journal of Contingent Labor,http://oaworld.org/index.php/cognitariat/oai,ojs.oaworld.org
854,Cogprints,http://cogprints.ecs.soton.ac.uk/perl/oai2,cogprints.soton.ac.uk
855,Cold Spring Harbor Laboratory Digital Collections,http://archives.cshl.edu/OAI-PUB,archives.cshl.edu
856,Collabra: Psychology,https://www.collabra.org/jms/index.php/up/oai/,ojs.collabra.ubiquitypress.com
857,Collectanea Botanica,http://collectaneabotanica.revistas.csic.es/index.php/collectaneabotanica/oai,collectaneabotanica.revistas.csic.es
858,Collectanea Christiana Orientalia,http://www.uco.es/servicios/publicaciones/revistas/index.php/cco/oai,revistas.www.uco.es
859,CollectConcept,http://www.collectconcept.de/oai.php,""
860,COllections de COrpus Oraux Numeriques (CoCoON ex-CRDO),http://cocoon.huma-num.fr/crdo_servlet/oai-pmh,crdo.vjf.cnrs.fr
861,Colloquia,https://www.journals.vu.lt/Colloquia/oai,ojs.www4063.vu.lt
862,Colorado State University Libraries Digital Repository,http://digitool.library.colostate.edu/OAI-PUB,digitool.library.colostate.edu
863,COMCIENT,http://www.caicyt-conicet.gov.ar/comcient/oai-pmh-repository/request,comcient.caicyt.gov.ar
864,Comercio y Negocio,https://revistasdigitales.upec.edu.ec/index.php/comercionegocio/oai,revistasdigitales.upec.edu.ec
865,Communicatio Socialis,http://ejournal.communicatio-socialis.de/index.php/cc/oai,ojs.communicatio-socialis.de
866,Communication Center Journal,http://libjournal.uncg.edu/ccj/oai,ojs.libjournal.uncg.edu
867,Community Repository of Fukui (CRFukui),http://crf.flib.u-fukui.ac.jp/dspace-oai/request,""
868,Competence : Journal of Management Studies,https://journal.trunojoyo.ac.id/kompetensi/oai,ojs.journal.trunojoyo.ac.id
869,Compiler,http://ejournals.stta.ac.id/index.php/compiler/oai,ejournals.stta.ac.id
870,Computations and Materials in Civil Engineering,http://www.gspiralpublishing.com/index.php/CMCE/oai,ojs.revistanefrologia.org
871,computer science publication server,http://e-archive.informatik.uni-koeln.de/cgi/oai2,e-archive.informatik.uni-koeln.de
872,Compàs d'amalgama,https://revistes.ub.edu/index.php/compas-amalgama/oai,revistes.ub.edu
873,Comunicação & Sociedade,http://revcom2.portcom.intercom.org.br/index.php/cs_umesp/oai,ojs.portcom.intercom.org.br
874,Comunicação e Sociedade,http://revcom2.portcom.intercom.org.br/index.php/cs_um/oai,ojs.portcom.intercom.org.br
875,Concept Tech Publishing Int Journals,https://conceptechint.conceptechint.net/index.php/index/oai,conceptechint.conceptechint.net
876,CONEICC,http://quijote.biblio.iteso.mx/catia/coneicc/oai.aspx,coneicc.iteso.mx
877,CONEICC,http://srb2.bib.iteso.mx/coneicc/oai.aspx,coneicc.iteso.mx
878,Conexión Agropecuaria JDC,http://www.revistasjdc.com/main/index.php/conexagro/oai,ojs.www.revistasjdc.com
879,"Conference Proceedings of Educational Paradigm, Systems and Strategies",https://conpro.icepss.net/index.php/CPEPSS/oai,conpro.icepss.net
880,Conference SENATIK STT Adisutjipto Yogyakarta,http://senatik.stta.ac.id/index.php/senatik/oai,senatik.stta.ac.id
881,Confluencia de Saberes. Revista de Educación y Psicología,http://revele.uncoma.edu.ar/htdoc/revele/index.php/confluenciadesaberes/oai,revele.uncoma.edu.ar
882,Confluências - Revista Interdisciplinar de Sociologia e Direito,http://www.confluencias.uff.br/index.php/confluencias/oai,ojs.uff.br
883,Congrefor & Simpósio de Residências em Saúde,http://eventos.univasf.edu.br/index.php/congrefor/index/oai,eventos.univasf.edu.br
884,Congresos CLABES,http://revistas.utp.ac.pa/index.php/clabes/oai,revistas.utp.ac.pa
885,CONICET Digital,http://ri.conicet.gov.ar/oai/request,ri.conicet.gov.ar
886,CONJECTURA: filosofia e educação,http://www.ucs.br/etc/revistas/index.php/conjectura/oai,vtriton52.ucs.br
887,Connexions Repository,http://cnx.org/content/OAI,cnx.org
888,conoZe.com,http://www.conoze.com/interfaz/oai/20/,conoze.com
889,Conseils : Jurnal Bimbingan dan Konseling Islam,https://ejournal.insud.ac.id/index.php/bki/oai,ojs2.ejournal.insud.ac.id
890,Consilium : Berkala Kajian Konseling dan Ilmu Keagamaan,http://jurnal.uinsu.ac.id/index.php/consilium/oai,jurnal.uinsu.ac.id
891,Constellation,http://ojsserv.dom.edu:8080/oai/request,""
892,Contagion: Scientific Periodical Journal of Public Health and Coastal Health,http://jurnal.uinsu.ac.id/index.php/contagion/oai,jurnal.uinsu.ac.id
893,Contemporanea - Revista de Comunicação e Cultura,http://revcom2.portcom.intercom.org.br/index.php/contemporanea/oai,ojs.portcom.intercom.org.br
894,Contemporaneity: Historical Presence in Visual Culture,http://contemporaneity.pitt.edu/ojs/index.php/contemporaneity/oai,contemporaneity.pitt.edu
895,Contemporary Issues in Education Research (CIER),https://www.cluteinstitute.com/ojs/index.php/CIER/oai,ojs.localhost
896,CONTENTdm Server Respository,http://boundless.uoregon.edu/cgi-bin/oai.exe,""
897,CONTENTdm Server Respository,http://digitallibrary.jccc.edu/cgi-bin/oai.exe,""
898,CONTEXTOS DE EDUCACION,http://www2.hum.unrc.edu.ar/ojs/index.php/contextos/oai,ojs.pkp.sfu.ca
899,Continuity in Education,https://continuityineducation.org/jms/index.php/up/oai/,ojs.continuityineducation.org
900,Contracampo,http://revcom2.portcom.intercom.org.br/index.php/contracampo/oai,ojs.portcom.intercom.org.br
901,CONVICCIONES,http://www.fesc.edu.co/Revistas/OJS/index.php/convicciones/oai,fesc.localhost
902,Cooperativismo y desarrollo,http://coodes.upr.edu.cu/index.php/coodes/oai,coodes.upr.edu.cu
903,COPELABS DSpace Scientific Commons Repository,http://siti2.ulusofona.pt:8085/oai/request,siti2.ulusofona.pt
904,CORA Cork Open Research Archive,http://cora.ucc.ie/oai/request,""
905,Coram Mundo: Jurnal Teologi dan Pendidikan Agama Kristen,https://jurnal.sttarastamarngabang.ac.id/index.php/ngabang/oai,ojs2.jurnal.sttarastamarngabang.ac.id
906,"Cornerstone: A Collection of Scholarly and Creative Works for Minnesota State University, Mankato",https://cornerstone.lib.mnsu.edu/do/oai/,cornerstone.lib.mnsu.edu
907,Corpoica Ciencia y Tecnología Agropecuaria,http://revista.corpoica.org.co/index.php/revista/oai,revista.corpoica.org.co
908,Corporación Universitaria Latinoamericana,http://libros.ul.edu.co/index.php/libros/oai,omp.libros.ul.edu.co
909,Corporación Universitaria Latinoamericana,https://libros.ul.edu.co/index.php/libros/oai,omp.libros.ul.edu.co
910,Corpus,http://corpus.hist-lab.ru/oai/request,corpus.hist-lab.ru
911,CorpusUL,https://corpus.ulaval.ca/oai/request,corpus.ulaval.ca
912,Correspondencias & análisis,http://ojs.correspondenciasyanalisis.com/index.php/Journalcya/oai,ojs2.ojs.correspondenciasyanalisis.com
913,Corvinus Research Archive,http://unipub.lib.uni-corvinus.hu/cgi/oai2,unipub.lib.uni-corvinus.hu
914,Cosmos,http://ojs2.utp.edu.co/index.php/cosmos/oai,ojs.ojs2.utp.edu.co
915,Council Of Higher Education,https://acikbilim.yok.gov.tr/oai/request,acikbilim.yok.gov.tr
916,Courrier du Savoir,http://revues.univ-biskra.dz/index.php/cds/oai,revues.univ-biskra.dz
917,CRE Catalog,http://www.creducation.org/catalog/SPT--OAI.php,creducation.org
918,Creative Matter,https://creativematter.skidmore.edu/do/oai/,creativematter.skidmore.edu
919,Creative Saplings,https://creativesaplings.in/index.php/1/oai,ojs2.creativesaplings.in
920,CRETA ANTICA,http://www.cretaantica.unict.it/index.php/CA/oai,ojs.www.cretaantica.unict.it
921,CRIS UNS,http://cris.uns.ac.rs/OAIHandler,oaicat.oclc.org
922,Critical Reviews on Latin American Research - CROLAR,http://www.crolar.org/index.php/crolar/oai,www.crolar.org
923,Croatian Digital Dissertations Repository - National and University Library in Zagreb,https://dr.nsk.hr/oai,dr.nsk.hr
924,Croatian Digital Theses Repository - National and University Library in Zagreb,https://zir.nsk.hr/oai,zir.nsk.hr
925,CSHL Institutional Repository,http://repository.cshl.edu/cgi/oai2,repository.cshl.edu
926,CSRC Publishing,http://www.publishing.globalcsrc.org/ojs/index.php/index/oai,ojscsrc.publishing.globalcsrc.org
927,CSTI Library,http://cstilib.silassnider.com/cgi/oai2,csti.silassnider.com
928,CSU ePress,https://csuepress.columbusstate.edu/do/oai/,csuepress.columbusstate.edu
929,CSUSB ScholarWorks,https://scholarworks.lib.csusb.edu/do/oai/,scholarworks.lib.csusb.edu
930,CTE Workshop Proceedings,https://acnsci.org/journal/index.php/cte/oai,ojs2.acnsci.org
931,CU FIND,https://cufind.campbell.edu/do/oai/,cufind.campbell.edu
932,CU Scholar,https://scholar.colorado.edu/do/oai/,scholar.colorado.edu
933,CUA Law Scholarship Repository,https://scholarship.law.edu/do/oai/,scholarship.law.edu
934,Cuadernos de antropología social,http://revistascientificas.filo.uba.ar/index.php/CAS/oai,ojs.revistascienificas.filo.uba.ar
935,Cuadernos de creación,http://cuadernosdecreacion.palimpsesto2punto0.com/index.php/cuaderno/oai,ojs.cuadernosdecreacion.palimpsesto2punto0.com
936,Cuadernos de Estudios Gallegos,http://estudiosgallegos.revistas.csic.es/index.php/estudiosgallegos/oai,estudiosgallegos.revistas.csic.es
937,Cuadernos de Extensión Universitaria de la UNLPam,https://cerac.unlpam.edu.ar/index.php/cuadernos/oai,ojs.cerac.unlpam.edu.ar
938,Cuadernos de Marte,http://publicaciones.sociales.uba.ar/index.php/cuadernosdemarte/oai,ojs.publicaciones.sociales.uba.ar
939,Cuadernos de Matemática y Mecánica,http://www.cimec.org.ar/ojs/index.php/cmm/oai,ojs.www.cimec.org.ar
940,Cuba Arqueológica. Revista digital de Arqueología de Cuba y el Caribe,http://cubaarqueologica.org/ojs/index.php/cubarq/oai,ojs.cubaarqueologica.org
941,Cubic Journal,https://www.cubicjournal.org/index.php/cubic/oai,cubicjournal.org
942,CUHK Digital Repository,http://repository.lib.cuhk.edu.hk/en/oai2,drupal-site.org
943,CUIR at Chulalongkorn University,http://cuir.car.chula.ac.th/dspace-oai/request,""
944,Cukurova University Institutional Repository,http://openaccess.cu.edu.tr/oai/request,openaccess.cu.edu.tr
945,Cultura Agronômica: Revista de Ciências Agronômicas,http://ojs.unesp.br/index.php/rculturaagronomica/oai,ojs.unesp.br
946,Cultura Científica,http://www.revistasjdc.com/main/index.php/ccient/oai,ojs.www.revistasjdc.com
947,Cultura y Droga,https://revistasojs.ucaldas.edu.co/index.php/culturaydroga/oai,ucaldas.metarevistas.org
948,Cultural Science Journal,https://culturalscience.org/jms/index.php/up/oai/,ojs.culturalscience.org
949,Culturas Psi,http://ppct.caicyt.gov.ar/index.php/culturaspsi/oai,ppct.caicyt.gov.ar
950,Culturas. Revista de Gestión Cultural,http://polipapers.upv.es/index.php/cs/oai,ojs.upv.es
951,Culture & History Digital Journal,http://cultureandhistory.revistas.csic.es/index.php/cultureandhistory/oai,culturaehistoria.revistas.csic.es
952,"Cumincad :
 ",http://cumincad.scix.net/cgi-bin/works/OAI,Cumincad.id
953,Cumulative Index of Computer Aided Architectural Design,http://cumincad.architexturez.net/oai-pmh,""
954,CUNTUR,http://dspace.kntu.kr.ua/oai/request,dspace.kntu.kr.ua
955,CUNY Academic Works,https://academicworks.cuny.edu/do/oai/,academicworks.cuny.edu
956,CURATOR,https://opac.ll.chiba-u.jp/mmd_api/oai-pmh/,opac.ll.chiba-u.jp
957,Current Opinion in Agriculture,http://www.cuopag.com/index.php/journal/oai,journals.cuopag.com
958,"Current Opinion in Creativity, Innovation and Entrepreneurship",http://www.cuocient.com/index.php/cl/oai,ojs.cuocient.com
959,CURRENT TRENDS IN BIOTECHNOLOGY AND CHEMICAL RESEARCH,http://ctbcr.com/index.php/biochem/oai,biochem.ctbcr.com
960,Current: The Journal of Marine Education,https://www.current-journal.com/jms/index.php/up/oai/,ojs.www.current-journal.com
961,CURVE,https://curve.carleton.ca/oai-pmh/all,curve.carleton.ca
962,Customs Scientific Journal CUSTOMS,http://ccjournals.eu/ojs/index.php/customs/oai,ojs.ccjournals.eu
963,CWI repository,http://oai.cwi.nl/oai,""
964,CWI's OAIPMH Feed,https://ir.cwi.nl/oai,""
965,Cyber Security dan Forensik Digital,http://ejournal.uin-suka.ac.id/saintek/cybersecurity/oai,saintek.ejournal.uin-suka.ac.id
966,CYRENA Technical University of Lodz Repository,http://dspace.p.lodz.pl/oai/request,""
967,D-L Didattica,http://dida.iuav.it/cgi/oai2,dida.iuav.it
968,D-L Documenti,http://docu.iuav.it/cgi/oai2,docu.iuav.it
969,D-L Meritori,http://meri.iuav.it/cgi/oai2,meri.iuav.it
970,D-L Ricerca,http://rice.iuav.it/cgi/oai2,rice.iuav.it
971,D-Scholarship@Pitt,http://d-scholarship.pitt.edu/cgi/oai2,d-scholarship.pitt.edu
972,DADUN,https://dadun.unav.edu/oai/request,dadun.unav.edu
973,Daemen Digital Commons,https://digitalcommons.daemen.edu/do/oai/,digitalcommons.daemen.edu
974,Daftar Jurnal,http://ejournal.unikama.ac.id/index.php/index/oai,ejournal.unikama.ac.id
975,Daftar Jurnal yang terbit di Universitas Dirgantara Marsekal Suryadarma,https://journal.universitassuryadarma.ac.id/index.php/index/oai,ojs.journal.universitassuryadarma.ac.id
976,DAIS,http://dais.sanu.ac.rs/oai/request,dais.sanu.ac.rs
977,Dalarna University College Electronic Archive - DALEA,http://dalea.du.se/oai/,dalea.du.se
978,Dalhousie University Libraries,https://dalspace.library.dal.ca/oai/request,DalSpace.library.dal.ca
979,DANS Easy Archive,http://easy.dans.knaw.nl/oai,easy.dans.knaw.nl
980,dare,http://arno.unimaas.nl/oai/dare.cgi,""
981,Dartmouth Digital Commons,https://digitalcommons.dartmouth.edu/do/oai/,digitalcommons.dartmouth.edu
982,Data Central IVOA registry,https://datacentral.aao.gov.au:443/oai/provider,datacentral.au
983,Data Science Journal,https://datascience.codata.org/jms/index.php/up/oai,ojs.datascience.codata.org
984,DataSTORRE,http://datastorre.stir.ac.uk/oai/request,datastorre.stir.ac.uk
985,Dataverse Network repository,http://dvn.iq.harvard.edu/dvn/OAIHandler,""
986,Datokarama English Education Journal,http://deejournal.org/index.php/dee/oai,deejournal.uindatokarama.ac.id
987,Datokarama English Education Journal,https://deejournal.org/index.php/dee/oai,deejournal.uindatokarama.ac.id
988,DAUN: JURNAL ILMIAH PERTANIAN DAN KEHUTANAN,http://journal.umpalangkaraya.ac.id/index.php/daun/oai,journal.umpalangkaraya.ac.id
989,David Rumsey Historical Maps,http://www.davidrumsey.com/luna/servlet/oai,""
990,DAYAH: Journal of Islamic Education,http://jurnal.ar-raniry.ac.id/index.php/JIE/oai,ojs.jurnal.ar-raniry.ac.id
991,Dbis Repository,http://eprints.dbis.informatik.uni-rostock.de/cgi/oai2,eprints.dbis.informatik.uni-rostock.de
992,dcpc-chmi,http://dcpc.chmi.cz/oai/provider,""
993,DCU Eprints Archive,http://eprints.dcu.ie/perl/oai2,eprints.dcu.ie
994,DDFV,http://ddfv.ufv.es/oai/request,""
995,DDrive Document Server,http://www.cs.dal.ca:8088/perl/oai2,DDrive.OAI2
996,DE LEGA LATA,http://jurnal.umsu.ac.id/index.php/delegalata/oai,ojs.jurnal.umsu.ac.id
997,De Legibus - Revista de Direito da Universidade Lusófona Lisboa,https://revistas.ulusofona.pt/index.php/delegibus/oai,ojs.valws
998,Deakin Research Online,http://dro.deakin.edu.au/oai.php,dro.deakin.edu.au
999,Dean B. Ellis OAI Provider,http://as1.library.astate.edu:8082/,as1.library.astate.edu
1000,DEEDI eResearch Archive (eRA),http://era.deedi.qld.gov.au/cgi/oai2,era.dpi.qld.gov.au
1001,Deep Blue at the University of Michigan,http://deepblue.lib.umich.edu/dspace-oai/request,""
1002,DEGREE ARTICLES MAI WANDEU,https://journal.wandeu.org/index.php/damw/oai,ojs2.journal.wandeu.org
1003,Dehesa. Repositorio Institucional de la Universidad de Extremadura,http://dehesa.unex.es:8080/oai/request,""
1004,DEMESCI - The Journal of Deliberative Mechanisms in Science,http://hipatiapress.com/hpjournals/index.php/demesci/oai,journals.hipatiapress.com
1005,Demiroglu Bilim Universitesi,http://acikerisim.demiroglu.bilim.edu.tr:8080/oai/request,acikerisim.demiroglu.bilim.edu.tr
1006,Demo Omeka S,https://demo.sempiternelia.net/omeka-s/oai,demo.sempiternelia.net
1007,Den-en Chofu University Repository for Academic Resources,http://dcu.repo.nii.ac.jp/oai,""
1008,Denison University CONTENTdm repository,http://content.test.denison.edu/cgi-bin/oai.exe,""
1009,Dental Journal (Majalah Kedokteran Gigi),http://e-journal.unair.ac.id/index.php/MKG/oai,e-journal.unair.ac.id
1010,Dentistry 3000,http://dentistry3000.pitt.edu/ojs/index.php/dentistry3000/oai,ojs.dentistry3000.pitt.edu
1011,Depósito Digital e-UCJC,http://repositorio.ucjc.edu/oai/request,repositorio.ucjc.edu
1012,DeReMa (Development Research of Management): Jurnal Manajemen,http://ojs.uph.edu/index.php/DJM/oai,ojs.uph.edu
1013,DEREP-DI,http://derep-di.drhe.hu/cgi/oai2,derep-di.drhe.hu
1014,DEREP-OKT,http://derep-okt.drhe.hu/cgi/oai2,derep-okt.drhe.hu
1015,"Desain Komunikasi Visual, Manajemen Desain dan Periklanan (Demandia)",http://journals.telkomuniversity.ac.id/demandia/oai,ojs.journals.telkomuniversity.ac.id
1016,Desarrollo Gerencial,http://revistas.unisimon.edu.co/index.php/desarrollogerencial/oai,ojs.pkp.sfu.ca
1017,"Desarrollo, Economía y Sociedad",http://www.revistasjdc.com/main/index.php/deyso/oai,ojs.www.revistasjdc.com
1018,desi,http://eprints.exchange.isb.edu/cgi/oai2,eprints.exchange.isb.edu
1019,Designs for Learning,https://www.designsforlearning.nu/jms/index.php/up/oai/,ojs.www.designsforlearning.nu
1020,DESY Deutsches Elektronen-Synchrotron,http://pubdb.desy.de/oai2,""
1021,DESY Deutsches Elektronen-Synchrotron,http://pubdb.desy.de/oaipmh/index.php,""
1022,DEVELOPMENT EDUCATION JOURNAL,http://journaledu.net/index.php/edu/oai,ojs2.journaledu.net
1023,Dhammavicaya : Jurnal Pengkajian Dhamma,https://e-journal.nalanda.ac.id/index.php/dv/oai,ojs2.e-journal.nalanda.ac.id
1024,"DHARMA ACARIYA NUSANTARA : Jurnal Pendidikan, Bahasa dan Budaya",https://e-journal.nalanda.ac.id/index.php/jdan/oai,ojs2.e-journal.nalanda.ac.id
1025,Diabesity,http://diabesity.ejournals.ca/index.php/diabesity/oai,ojs.diabesity.ejournals.ca
1026,Diacronia,http://www.diacronia.ro/ro/oai2,diacronia.ro
1027,Diagnostic Pathology,http://www.diagnosticpathology.eu/content/index.php/dpath/oai,ojs.localhost
1028,Dialektika: Revista de Investigación Filosófica y Teoría Social,https://journal.dialektika.org/ojs/index.php/logos/oai,ojs2.journal.dialektika.org
1029,Dialogic Pedagogy: An International Online Journal,http://dpj.pitt.edu/ojs/index.php/dpj1/oai,ojs.dpj.pitt.edu
1030,DIAMOND Portal,https://diamondportal.org/do/oai/,diamondportal.org
1031,Dicle University Institutional Repository,http://acikerisim.dicle.edu.tr/oai/request,openaccess.tau.edu.tr
1032,DIDAKTIKA AULIA,https://jurnal.staiaulia.ac.id/index.php/DIDAKTIKA/oai,ojs2.jurnal.staiaulia.ac.id
1033,DIDAKTIKA TAUHIDI: Jurnal Pendidikan Guru Sekolah Dasar,http://ojs.unida.ac.id/index.php/jtdik/oai,ejournal.unida.ac.id
1034,Didaktika: Jurnal Kependidikan,https://jurnaldidaktika.org/contents/oai,ojs2.jurnaldidaktika.org
1035,Didasc@lia: Didáctica y Educación,http://revistas.ult.edu.cu/index.php/didascalia/oai,revistas.ult.edu.cu
1036,DIET FACTOR (Journal of Nutritional & Food Sciences),https://www.dietfactor.com.pk/index.php/df/oai,ojs2.www.dietfactor.com.pk
1037,diffundit® Open Journal Systems Platform,http://ojs.diffundit.com/index.php/index/oai,ojs.diffundit.com
1038,DigiBESS @ to.cnr.it,http://fc1.to.cnr.it/oaiprovider/,""
1039,DIGILEC: Revista Internacional de Lenguas y Culturas,https://revistas.udc.es/index.php/DIGILEC/oai,ojs.pkp.sfu.ca
1040,Digilib IKIP PGRI PONTIANAK,http://digilib.ikippgriptk.ac.id/cgi/oai2,digilib.ikippgriptk.ac.id
1041,Digilib STFI Sadra,http://digilib.sadra.ac.id/cgi/oai2,digilib.sadra.ac.id
1042,Digital Access to Scholarship at Harvard,http://dash.harvard.edu/oai/request,""
1043,Digital Collections @ Dordt,https://digitalcollections.dordt.edu/do/oai/,digitalcollections.dordt.edu
1044,"Digital Collections at Joyner Library, East Carolina Unviersity",http://digital.lib.ecu.edu/oai/oai.aspx,""
1045,Digital Collections at Western Theological Seminary,http://repository.westernsem.edu/oai/request,dspace.repository.westernsem.edu
1046,Digital Commons @ Andrews University,https://digitalcommons.andrews.edu/do/oai/,digitalcommons.andrews.edu
1047,Digital Commons @ Assumption College,https://digitalcommons.assumption.edu/do/oai/,digitalcommons.assumption.edu
1048,Digital Commons @ Biola,https://digitalcommons.biola.edu/do/oai/,digitalcommons.biola.edu
1049,Digital Commons @ Center for the Blue Economy,https://cbe.miis.edu/do/oai/,cbe.miis.edu
1050,Digital Commons @ CIIS,https://digitalcommons.ciis.edu/do/oai/,digitalcommons.ciis.edu
1051,Digital Commons @ Colby,https://digitalcommons.colby.edu/do/oai/,digitalcommons.colby.edu
1052,Digital Commons @ Columbia College Chicago,https://digitalcommons.colum.edu/do/oai/,digitalcommons.colum.edu
1053,Digital Commons @ CSUMB,https://digitalcommons.csumb.edu/do/oai/,digitalcommons.csumb.edu
1054,Digital Commons @ DU,https://digitalcommons.du.edu/do/oai/,digitalcommons.du.edu
1055,Digital Commons @ East Tennessee State University,https://dc.etsu.edu/do/oai/,dc.etsu.edu
1056,Digital Commons @ Fuller,https://digitalcommons.fuller.edu/do/oai/,digitalcommons.fuller.edu
1057,Digital Commons @ Gardner-Webb University,https://digitalcommons.gardner-webb.edu/do/oai/,digitalcommons.gardner-webb.edu
1058,Digital Commons @ George Fox University,https://digitalcommons.georgefox.edu/do/oai/,digitalcommons.georgefox.edu
1059,Digital Commons @ Lingnan University,http://commons.ln.edu.hk/do/oai/,commons.ln.edu.hk
1060,Digital Commons @ LIU,https://digitalcommons.liu.edu/do/oai/,digitalcommons.liu.edu
1061,Digital Commons @ Montana Tech,https://digitalcommons.mtech.edu/do/oai/,digitalcommons.mtech.edu
1062,Digital Commons @ New Haven,https://digitalcommons.newhaven.edu/do/oai/,digitalcommons.newhaven.edu
1063,Digital Commons @ NJIT,https://digitalcommons.njit.edu/do/oai/,digitalcommons.njit.edu
1064,Digital Commons @ Otterbein,https://digitalcommons.otterbein.edu/do/oai/,digitalcommons.otterbein.edu
1065,Digital Commons @ RU,https://digitalcommons.rockefeller.edu/do/oai/,digitalcommons.rockefeller.edu
1066,Digital Commons @ Shawnee State University,https://digitalcommons.shawnee.edu/do/oai/,digitalcommons.shawnee.edu
1067,Digital Commons @ Texas A&M University- San Antonio,https://digitalcommons.tamusa.edu/do/oai/,digitalcommons.tamusa.edu
1068,Digital Commons @ UIdaho Law,https://digitalcommons.law.uidaho.edu/do/oai/,digitalcommons.law.uidaho.edu
1069,Digital Commons @ University at Buffalo School of Law,https://digitalcommons.law.buffalo.edu/do/oai/,digitalcommons.law.buffalo.edu
1070,Digital Commons @ Ursinus College,https://digitalcommons.ursinus.edu/do/oai/,digitalcommons.ursinus.edu
1071,Digital Commons @ VCCS,https://commons.vccs.edu/do/oai/,commons.vccs.edu
1072,Digital Commons @ Winthrop University,https://digitalcommons.winthrop.edu/do/oai/,digitalcommons.winthrop.edu
1073,Digital Commons @ Wofford,https://digitalcommons.wofford.edu/do/oai/,digitalcommons.wofford.edu
1074,Digital Commons @PVAMU,https://digitalcommons.pvamu.edu/do/oai/,digitalcommons.pvamu.edu
1075,Digital Commons at Harrisburg University,https://digitalcommons.harrisburgu.edu/do/oai/,digitalcommons.harrisburgu.edu
1076,Digital Commons@ Middlebury,http://digitalcommons.middlebury.edu/cgi/oai2.cgi,digitalcommons.middlebury.edu
1077,Digital Commons@Stevens,http://digitalcommons.stevens.edu/cgi/oai2.cgi,digitalcommons.stevens.edu
1078,Digital Education Resource Archive (DERA),http://dera.ioe.ac.uk/cgi/oai2,generic.eprints.org
1079,Digital Herodotus,https://www.digital-herodotus.eu/europeana/,digital-herodotus.eu
1080,Digital Herodotus,https://www.digital-herodotus.eu/europeana/oai2,digital-herodotus.eu
1081,"Digital Kenyon: Research, Scholarship, and Creative Exchange",https://digital.kenyon.edu/do/oai/,digital.kenyon.edu
1082,Digital Knowledge,http://digitalknowledge.cput.ac.za/oai/request,digitalknowledge.cput.ac.za
1083,Digital Library,https://library.dpird.wa.gov.au/do/oai/,library.dpird.wa.gov.au
1084,Digital Library for Earth System Education (DLESE),http://www.dlese.org/oai/provider,dlese.org
1085,Digital library of Bijeljina PL,http://digital.bibliotekabijeljina.rs.ba/greenstone/cgi-bin/oaiserver.cgi,digital.bibliotekabijeljina.rs.ba
1086,Digital Library of PAS Institutes,http://bibliotekacyfrowa.pan.pl/dlibra/oai-pmh-repository.xml,bibliotekacyfrowa.pan.pl
1087,Digital Library of Polish and Poland-Related News Pamphlets,http://cbdu.id.uw.edu.pl/cgi/oai2,cbdu.id.uw.edu.pl
1088,Digital Library Of The Commons,http://dlc.dlib.indiana.edu/dspace-dlc-oai/request,""
1089,Digital Library of Wroclaw University,http://www.bibliotekacyfrowa.pl/dlibra/oai-pmh-repository.xml,www.bibliotekacyfrowa.pl
1090,Digital Library of Zielona Gora,http://zbc.uz.zgora.pl/dlibra/oai-pmh-repository.xml,""
1091,Digital Medievalist,https://journal.digitalmedievalist.org/jms/index.php/up/oai/,ojs.journal.digitalmedievalist.org
1092,Digital Repository @ IITGN,http://repository.iitgn.ac.in/oai/request,repository.iitgn.ac.in
1093,Digital Repository at the University of Maryland,http://drum.umd.edu/oai,""
1094,Digital Repository for the CLARIN Research Infrastructure provided by ILC-CNR,http://dspace-clarin-it.ilc.cnr.it/repository/oai/request,dspace-clarin-it.ilc.cnr.it
1095,Digital Repository of the University of Wolverhampton,http://wlv.openrepository.com/wlv-oai/request,""
1096,Digital Repository Warmadewa University,http://repository.warmadewa.ac.id/cgi/oai2,repository.warmadewa.ac.id
1097,Digital Scholarship @ Texas Southern University,https://digitalscholarship.tsu.edu/do/oai/,digitalscholarship.tsu.edu
1098,Digital Scholarship @ UMass Lowell,http://digitalscholarship.uml.edu/cgi/oai2.cgi,digitalscholarship.uml.edu
1099,Digital Scholarship@UNLV,https://digitalscholarship.unlv.edu/do/oai/,digitalscholarship.unlv.edu
1100,Digital Showcase,https://digitalshowcase.oru.edu/do/oai/,digitalshowcase.oru.edu
1101,Digital Studies/Le champ numérique,https://www.digitalstudies.org/jms/index.php/up/oai/,ojs.digitalstudies.org
1102,Digital USD,https://digital.sandiego.edu/do/oai/,digital.sandiego.edu
1103,Digital USFSP,https://digital.stpetersburg.usf.edu/do/oai/,digital.stpetersburg.usf.edu
1104,Digital USFSP,https://digital.usfsp.edu/do/oai/,digital.usfsp.edu
1105,Digital Window @ Vassar,https://digitalwindow.vassar.edu/do/oai/,digitalwindow.vassar.edu
1106,Digital Zone: Jurnal Teknologi Informasi dan Komunikasi,https://journal.unilak.ac.id/index.php/dz/oai,ojs2.journal.unilak.ac.id
1107,DIGITAL.CSIC,https://digital.csic.es/dspace-oai/request,digital.csic.es
1108,DigitalCommons@Cedarville,https://digitalcommons.cedarville.edu/do/oai/,digitalcommons.cedarville.edu
1109,DigitalCommons@CentraCare Health,https://digitalcommons.centracare.com/do/oai/,digitalcommons.centracare.com
1110,DigitalCommons@Collin,https://digitalcommons.collin.edu/do/oai/,digitalcommons.collin.edu
1111,DigitalCommons@CSP,https://digitalcommons.csp.edu/do/oai/,digitalcommons.csp.edu
1112,DigitalCommons@Fairfield,https://digitalcommons.fairfield.edu/do/oai/,digitalcommons.fairfield.edu
1113,DigitalCommons@Fort Lewis College: Scholarship & Creativity FLC,http://digitalcommons.fortlewis.edu/cgi/oai2.cgi,digitalcommons.fortlewis.edu
1114,DigitalCommons@Hamline,https://digitalcommons.hamline.edu/do/oai/,digitalcommons.hamline.edu
1115,DigitalCommons@Lesley,https://digitalcommons.lesley.edu/do/oai/,digitalcommons.lesley.edu
1116,DigitalCommons@Massey,http://digitalcommons.massey.ac.nz/cgi/oai2.cgi,digitalcommons.massey.ac.nz
1117,DigitalCommons@ONU,https://digitalcommons.onu.edu/do/oai/,digitalcommons.onu.edu
1118,DigitalCommons@RISD,https://digitalcommons.risd.edu/do/oai/,digitalcommons.risd.edu
1119,"DigitalCommons@Robert W. Woodruff Library, Atlanta University Center",http://digitalcommons.auctr.edu/do/oai/,digitalcommons.auctr.edu
1120,DigitalCommons@SarahLawrence,https://digitalcommons.slc.edu/do/oai/,digitalcommons.slc.edu
1121,DigitalCommons@Simmons ,http://digitalcommons.simmons.edu/cgi/oai2.cgi,digitalcommons.simmons.edu
1122,DigitalCommons@Texas Tech University,http://digitalcommons.lib.ttu.edu/cgi/oai2.cgi,digitalcommons.lib.ttu.edu
1123,DigitalCommons@UMaine,https://digitalcommons.library.umaine.edu/do/oai/,digitalcommons.library.umaine.edu
1124,DigitalCommons@UNMC,https://digitalcommons.unmc.edu/do/oai/,digitalcommons.unmc.edu
1125,DigitalCommons@USU,https://digitalcommons.usu.edu/do/oai/,digitalcommons.usu.edu
1126,"Digitale Bibliothek Thüringen, DBT",http://www.db-thueringen.de/servlets/OAIDataProvider,www.db-thueringen.de
1127,Digitale Hochschulschriften der LMU,http://edoc.ub.uni-muenchen.de/perl/oai2,edoc.ub.uni-muenchen.de
1128,Digitale Sammlungen Universitätsbibliothek Frankfurt am Main,http://sammlungen.ub.uni-frankfurt.de/oai/,""
1129,digitAlexandria Repository,http://oaidp.digitalexandria.com:8080/bda/OpenArchives/oai_servlet,digitalexandria.com
1130,"Digitalni repoyitorijum biblioteke ""Milutin Bojic""",https://milutinbojic.digitalna.rs/oai2,milutinbojic.digitalna.rs
1131,"Digitalni repozitorijum biblioteke ""Milutin Bojic"", Beograd",https://milutinbojic.digitalna.rs/oai,milutinbojic.digitalna.rs
1132,DigitalResearch@Fordham,https://fordham.bepress.com/do/oai/,fordham.bepress.com
1133,"Digitized Rare Collection, Eastern University, Sri Lanka",http://www.digital.lib.esn.ac.lk/oai/request,digital.lib.esn.ac.lk
1134,Digitool Collections - University of Auckland,http://digitool-prod.itss.auckland.ac.nz:8881/OAI-PUB,digitool-prod.itss.auckland.ac.nz
1135,DIGITUM: Universidad de Murcia,http://digitum.um.es/dspace-oai/request,""
1136,DigitÃ¡lnÃ­ knihovna Univerzity Pardubice,http://dspace.upce.cz/oai/request,""
1137,Diksa,https://ejournal.unib.ac.id/index.php/jurnaldiksa/oai,ojs.localhost
1138,Dilibri,http://www.dilibri.de/oai,""
1139,DILIGENTIA: Journal of Theology and Christian Education,http://ojs.uph.edu/index.php/DIL/oai,ojs.uph.edu
1140,DIMENSI (Jurnal Teknik Arsitektur),http://puslit2.petra.ac.id/ejournal/index.php/ars/oai,puslit2.petra.ac.id
1141,Dimensión Empresarial,http://ojs.uac.edu.co/index.php/dimension-empresarial/oai,ojs.localhost
1142,Dinamik - Jurnal Teknologi Informasi,http://www.unisbank.ac.id/ojs/index.php/fti1/oai,www.unisbank.id
1143,DINAMIKA,http://ejournal.unwaha.ac.id/index.php/dinamika/oai,ojs.ejournal.unwaha.ac.id
1144,DINAMIKA PUBLIK : Jurnal Manajemen dan Administrasi Bisnis,https://e-journal.poltek-kampar.ac.id/index.php/DINAMIKAPUBLIK/oai,ojs2.e-journal.poltek-kampar.ac.id
1145,Dinar Jurnal Ekonomi dan Keuangan Islam,https://journal.trunojoyo.ac.id/dinar/oai,ojs.journal.trunojoyo.ac.id
1146,"DIPF, GERMANY, pedocs",http://www.pedocs.de/oai2/oai2.php,www.pedocs.de-opus
1147,Dipòsit Digital de Documents de la UAB,http://ddd.uab.cat/oai2d,ddd.uab.cat
1148,Dipòsit Digital de la UB ,http://diposit.ub.edu/dspace-oai/request,""
1149,Dipòsit Digital EINA,http://diposit.eina.cat/oai/driver,diposit.eina.cat
1150,Dipòsit Digital EINA,http://diposit.eina.cat/oai/request,diposit.eina.cat
1151,"Direito, Processo e Cidadania",https://www1.unicap.br/ojs/index.php/dpc/oai,ojs.revistas.unicap.br
1152,Dirāsāt Hispānicas. Revista Tunecina de Estudios Hispánicos,http://dirasathispanicas.org/index.php/dirasathispanicas/oai,ojs.www.dirasathispanicas.org
1153,Disastra: Jurnal Pendidikan Bahasa dan Sastra Indonesia,http://ejournal.iainbengkulu.ac.id/index.php/disastra/oai,ojs.ejournal.iainbengkulu.ac.id
1154,DiscoverArchive at Vanderbilt University,http://discoverarchive.vanderbilt.edu/oai/request,""
1155,Discovery : Jurnal Ilmu Pengetahuan,http://ejournal.unhasy.ac.id/index.php/discovery/oai,ejournal.unhasy.ac.id
1156,Discovery Phytomedicine,http://phytomedicine.ejournals.ca/index.php/phytomedicine/oai,ojs.phytomedicine.ejournals.ca
1157,Discovery Repository,http://discovery.expertjournals.com/cgi/oai2,discovery.expertjournals.com
1158,Disparidades. Revista de Antropología,http://dra.revistas.csic.es/index.php/dra/oai,rdtp.revistas.csic.es
1159,dispute,http://dispute.library.uu.nl/cgi-bin/oai.pl,""
1160,Dissertatations of Tampere University,http://acta.uta.fi/harvest/oai.phtml,""
1161,DIversité REcherches et terrains,http://epublications.unilim.fr/revues/dire/oai.php,dire.unilim.fr
1162,Diá-logos,https://www.revistas.udb.edu.sv/ojs/index.php/dl/oai,revistas.udb.edu.sv
1163,dKNAV,http://dlib.lib.cas.cz/cgi/oai2,dlib.lib.cas.cz
1164,DKUM OAI Repository,http://dkum.uni-mb.si/oai/oai2.php,""
1165,DLS AltSU,http://elibrary.asu.ru/oai/openaire,elibrary.asu.ru
1166,DLS AltSU,http://elibrary.asu.ru/oai/request,elibrary.asu.ru
1167,"DMG-Lib OAI Repository, Documents of the Digital Mechanism and Gear Library",http://www.dmg-lib.org/dmglib/OAI-2.0-Server,DMG-Lib.org
1168,DOCENCIA Y DERECHO,http://www.uco.es/docencia/grupos/reduca/index.php/reduca/oai,reduca.www.uco.es
1169,Docens Series in Education,https://www.docensjournal.org/index.php/docens/oai,ojs3.docensjournal.org
1170,docomomo journal,https://docomomojournal.com/index.php/journal/oai,journal.docomomo.com
1171,DocTA - Doctoral Theses Archive,http://tesionline.unicatt.it/dspace-oai/request,""
1172,Docta Complutense,https://docta.ucm.es/rest/oai/request,docta.ucm.es
1173,Documentacion en Ciencias de la Comunicacion,http://docu.gdl.iteso.mx/ccdoc/oai.aspx,ccdoc.iteso.mx
1174,Documents des Archives de l'EFA,https://archimage.efa.gr/oai.php,""
1175,Docusalut,https://docusalut.com/oai/request,docusalut.com
1176,DOI Serbia,http://147.91.246.189/doiserbia_oaidc/oai2.aspx,""
1177,DOI Serbia,http://nainfo.nbs.bg.ac.yu/doiserboai/oai2.aspx,""
1178,DOI Српска,http://doisrpska.nub.rs/index.php/index/oai,ojs.www.doisrpska.nub.rs
1179,doktori,http://doktori.bibl.u-szeged.hu/cgi/oai2,doktori.bibl.u-szeged.hu
1180,Doktori Disszertációk Repozitórium,http://disszertacio.uni-eszterhazy.hu/cgi/oai2,disszertacio.uni-eger.hu
1181,"Dokumenten- und Publikationsservice Qucosa, Dresden, GERMANY",http://www.qucosa.de/oai/,qucosa.de
1182,Dokumentenserver des LBI-HTA,http://eprints.hta.lbg.ac.at/cgi/oai2,generic.eprints.org
1183,Domínios de Lingu@gem,https://seer.ufu.br/index.php/dominiosdelinguagem/oai,ojs.www.seer.ufu.br
1184,DORAS,http://doras.dcu.ie/cgi/oai2,doras.dcu.ie
1185,Dorothy & Kenneth Woodcock Digital Repository ,http://pafaarchives.omeka.net/oai-pmh-repository/request,pafaarchives.omeka.net
1186,"Dos Algarves: Tourism, Hospitality & Management Journal",https://www.dosalgarves.com/index.php/dosalgarves/oai,ojs.dosalgarves
1187,Doshisha University Academic Repository,http://doshisha.repo.nii.ac.jp/oai,""
1188,Doshisha University Digital Collections,http://dgcl.doshisha.ac.jp/mmd_api/oai-pmh/,dgcl.doshisha.ac.jp
1189,Doxa Comunicación. Revista interdisciplinar de estudios de Comunicación y Ciencias Sociales,https://recyt.fecyt.es/index.php/doxacom/oai,recyt.fecyt.es
1190,Doğuş Üniversitesi Dergisi,http://journal.dogus.edu.tr/index.php/duj/oai,ojs.localhost
1191,DRCMR eprints,http://eprints.drcmr.dk/cgi/oai2,www.drcmr.dk
1192,DRCMR eprints,http://www.drcmr.dk:8080/cgi/oai2,www.drcmr.dk
1193,Drops,http://drops.dagstuhl.de/opus/phpoai/oai2.php,drops-oai.dagstuhl.de
1194,DSpac@Bayburt: Bayburt University Institutional Repository,http://openaccess.bayburt.edu.tr/oai/request,openaccess.bayburt.edu.tr
1195,DSpace - INTA,http://repositorio.inta.gob.ar/oai/request,repositorio.inta.gob.ar
1196,DSpace - Kilis 7 Aralı Üniversitesi,http://earsiv.kilis.edu.tr:8080/oai/request,""
1197,DSPACE - michael version - gamma version,http://dspace.remuna.org:8079/dspace-oai/request,""
1198,DSpace - Universidad Tecnologica de Pereira,http://repositorio.utp.edu.co/oai/request,repositorio.utp.edu.co
1199,DSpace / INIST,http://documents.irevues.inist.fr/dspace-oai/request,""
1200,DSpace 1.4.2 ja,http://libir.mukogawa-u.ac.jp/dspace-oai/request,""
1201,DSpace @ NEVU,http://acikerisim.nevsehir.edu.tr/oai/request,""
1202,DSpace @ TEDU,http://acikerisim.tedu.edu.tr/oai/request,acikerisim.tedu.edu.tr
1203,DSpace a la Universitat de Girona,http://diobma.udg.es:8080/dspace-oai/request,""
1204,DSpace Acikerisim Ufuk Universitesi,http://acikerisim.ufuk.edu.tr:8080/oai/request,acikerisim.ufuk.edu.tr
1205,DSpace at ATEI-Th,http://eureka.lib.teithe.gr:8080/dspace-oai/request,""
1206,DSpace at Bahcesehir University,http://acikerisim.bahcesehir.edu.tr:8080/oai/request,""
1207,DSpace at Biwako Seikei Sport College,http://libir-bw.bss.ac.jp/oai/request,""
1208,DSpace at Bromley College,http://vle.bromley.ac.uk/dspace-oai/request,""
1209,DSpace at Cochin University,http://dspace.cusat.ac.in/oai/request,""
1210,DSpace at Dokuz Eylul University,http://acikerisim.deu.edu.tr:8080/oai/request,acikerisim.deu.edu.tr
1211,DSpace at Drake University,http://www.lib.drake.edu:8080/dspace-oai/request,""
1212,DSpace at Duke Medical Library & Archives,http://dspace.mclibrary.duke.edu/dspace-oai/request,""
1213,DSpace at EASTERN MEDITERRANEAN UNIVERSITY,http://i-rep.emu.edu.tr:8080/oai/request,""
1214,DSpace at Eastern Michigan University,http://dspace.emich.edu:5050/dspace-oai/request,""
1215,DSpace at Educational Foundation Bunka Gakuen,http://dspace.bunka.ac.jp/dspace-oai/request,""
1216,DSpace at Erasmus,http://ep.eur.nl/oai/request,""
1217,DSpace at Fidesol,http://dspace.fidesol.org/oai/request,""
1218,DSpace at IIT Bombay,http://dspace.library.iitb.ac.in/oai/request,""
1219,DSpace at IKU University,http://acikerisim.iku.edu.tr/oai/request,acikerisim.iku.edu.tr
1220,DSpace at Institute of Technology,http://www.kait-r.com/dspace-oai/request,""
1221,DSpace at IYTE,http://openaccess.iyte.edu.tr:8080/oai/request,""
1222,DSpace at KDPU,http://elibrary.kdpu.edu.ua/oai/request,elibrary.kdpu.edu.ua
1223,DSpace at Kitware ,http://insight-journal.org:8180/dspace-oai/request,""
1224,DSpace at Loughborough University,http://magpie.lboro.ac.uk:8080/dspace-oai/request,""
1225,DSpace at Marmara University,http://dspace.marmara.edu.tr/oai/request,dspace.marmara.edu.tr
1226,DSpace at My CWRU,http://tech-team-help.cwru.edu/oai/,""
1227,DSpace at My University,http://ru.historicas.unam.mx/oai/request,ru.historicas.unam.mx
1228,DSpace at My University,http://dspace.univ-tlemcen.dz/oai/request,""
1229,DSpace at Nagoya University,http://ir.nul.nagoya-u.ac.jp/dspace-oai/request,""
1230,"DSpace at National Chemical Laboratory, Pune, India",http://dspace.ncl.res.in/dspace-oai/request,""
1231,DSpace at Nazarbayev University,http://nur.nu.edu.kz/oai/request,nur.nu.edu.kz
1232,DSpace at New York University,http://dspace.nyu.edu/request,""
1233,DSpace at NIFS,http://nifs-repository.nifs.ac.jp/dspace-oai/request,""
1234,DSpace at OITA University,http://ir.lib.oita-u.ac.jp/dspace-oai/request,""
1235,Dspace at Oregon State University,http://ir.library.oregonstate.edu/dspace-oai/request,""
1236,DSpace at Rhodes College,http://dlynx.rhodes.edu/oai/request,""
1237,DSpace at Riga Stradiņš University,http://dspace.rsu.lv/oai/request,dspace.rsu.lv
1238,"DSpace at School of Computing, NUS",http://dl.comp.nus.edu.sg/dspace-oai/request,""
1239,DSpace at Tartu University Library,http://dspace.ut.ee/oai/request,dspace.utlib.ee
1240,DSpace at Ternopil State Medical University,http://repository.tdmu.edu.ua/oai/request,repository.tdmu.edu.ua
1241,DSpace at The College of William and Mary,http://dspace.swem.wm.edu/oai/request,""
1242,DSpace at the H.J. Lutcher Stark Center for Physical Culture and Sports,http://archives.starkcenter.org/oai/request,""
1243,DSpace at the Keep,http://dspace-sub.anu.edu.au:8080/oai/request,""
1244,Dspace at the University of Namibia Library ,http://dspace.unam.na:8081/dspace-oai/request,""
1245,DSpace at the University of New Brunswick,http://dspace.hil.unb.ca:8080/oai/request,dspace.hil.unb.ca
1246,DSpace at the University of Saskatchewan,http://papillon.usask.ca:8080/oai/request,""
1247,DSpace at Universitas Ciputra,https://dspace.uc.ac.id/oai/request,dspace.uc.ac.id
1248,DSpace at University Of Latvia,http://dspace.lu.lv/oai/request,""
1249,DSpace at University of Palestine,https://api.dspace.up.edu.ps/server/oai/request,dspace.up.edu.ps
1250,DSpace at University of Toyama,http://utomir.lib.u-toyama.ac.jp/dspace-oai/request,""
1251,DSpace at UniZulu,http://uzspace.uzulu.ac.za/oai/request,""
1252,DSpace at USEFUL.academy,http://dspace.useful.academy/oai/request,dspace.useful.academy
1253,DSpace at USEFUL.academy,https://www.dspace.useful.academy/oai/request,dspace.useful.academy
1254,DSpace at uta,https://uta-ir.tdl.org/uta-oai/request,uta-ir.tdl.org
1255,DSpace at Waseda University Library,http://dspace.wul.waseda.ac.jp/dspace-oai/request,""
1256,DSpace at Webinito,http://dspace.webinito.com/oai/request,""
1257,DSpace at Wesleyan University,http://dspace.wesleyan.edu/dspace-oai/request,""
1258,DSpace at Xiamen University Library,http://dspace.xmu.edu.cn/dspace-oai/request,""
1259,DSpace CDC-ÉDUQ,https://eduq.info/oai/request,""
1260,"DSpace da UDC, Universidade da Coru?a.",http://dspace.udc.es/dspace-oai/request,""
1261,DSpace de la Universidad de Valladolid,http://uvadoc.uva.es/oai/request,""
1262,DSpace en ESPOL,http://www.dspace.espol.edu.ec/oai/request,www.dspace.espol.edu.ec
1263,DSpace en SP2003,http://sp2003.uco.es:8180/dspace-oai/request,""
1264,DSpace en UCES ,http://dspace.uces.edu.ar:8180/oai/request,""
1265,DSpace on Prometheus,http://digital.lib.washington.edu/dspace-oai/request,""
1266,DSpace Universidad de Burgos,http://dspace.ubu.es:8080/tesis-oai/request,""
1267,DSpace Universidad Piloto de Colombia,http://repository.unipiloto.edu.co/oai/request,repository.unipiloto.edu.co
1268,DSpace University of Palestine,http://dspace.up.edu.ps/oai/request,dspace.up.edu.ps
1269,DSpace İstanbul Üniversitesi,http://acikerisim.istanbul.edu.tr/oai/request,acikerisim.istanbul.edu.tr
1270,DSpace1.3.2 Japanese START Kit (Type-D),http://repo.flib.fukui-u.ac.jp/dspace-oai/request,""
1271,DSpace@Acibadem,http://openaccess.acibadem.edu.tr:8080/oai/request,""
1272,DSpace@AKU: Afyon Kocatepe University Institutional Repository,http://acikerisim.aku.edu.tr/oai/request,acikerisim.aku.edu.tr
1273,DSpace@Ardahan: Ardahan University Institutional Repository,http://openaccess.ardahan.edu.tr/oai/request,openaccess.ardahan.edu.tr
1274,DSpace@Arel: Istanbul Arel University Institutional Repository,http://arelarsiv.arel.edu.tr/oai/request,arelarsiv.arel.edu.tr
1275,DSpace@Baskent,http://acikerisim.baskent.edu.tr/oai/request,acikerisim.baskent.edu.tr
1276,DSpace@Batman: Batman University Institutional Repository,http://earsiv.batman.edu.tr/oai/request,earsiv.batman.edu.tr
1277,DSpace@Bilecik: Bilecik Seyh Edebali University Institutional Repository,http://acikkaynak.bilecik.edu.tr/oai/request,acikkaynak.bilecik.edu.tr
1278,DSpace@Dogus,http://openaccess.dogus.edu.tr:8080/oai/request,""
1279,DSpace@Erciyes,http://acikarsiv.erciyes.edu.tr:8080/oai/request,""
1280,DSpace@Erzincan: Erzincan Binali Yildirim University Institutional Repository,http://earsiv.ebyu.edu.tr/oai/request,earsiv.ebyu.edu.tr
1281,Dspace@ESOGU,http://openaccess.ogu.edu.tr:8080/oai/request,""
1282,DSpace@Firat University,http://openaccess.firat.edu.tr/oai/request,openaccess.firat.edu.tr
1283,DSpace@Gelişim: Istanbul Gelişim University Institutional Repository,http://acikerisim.gelisim.edu.tr/oai/request,acikerisim.gelisim.edu.tr
1284,DSpace@Hacettepe,http://www.openaccess.hacettepe.edu.tr:8080/oai/request,localhost.hacettepe.edu.tr
1285,DSpace@Hitit: Hitit University Institutional Repository,http://earsiv.hitit.edu.tr/oai/request,earsiv.hitit.edu.tr
1286,DSpace@HKU,http://openaccess.hku.edu.tr/oai/request,""
1287,DSpace@IHU: Ibn Haldun University Institutional Repository,http://openaccess.ihu.edu.tr/oai/request,openaccess.ihu.edu.tr
1288,DSpace@Maltepe: Maltepe University Institutional Repository,http://openaccess.maltepe.edu.tr/oai/request,openaccess.maltepe.edu.tr
1289,DSpace@MEF,http://openaccess.mef.edu.tr/oai/request,""
1290,DSpace@Munzur: Munzur University Institutional Repository,http://acikerisim.munzur.edu.tr/oai/request,acikerisim.munzur.edu.tr
1291,DSpace@NEHU,http://dspace.nehu.ac.in/oai/request,""
1292,Dspace@nitr,http://dspace.nitrkl.ac.in:8080/dspace-oai/request,""
1293,DSpace@Ticaret: Istanbul Ticaret University Institutional Repository,http://acikerisim.ticaret.edu.tr/oai/request,acikerisim.ticaret.edu.tr
1294,DSpace@Trakya: Trakya University Institutional Repository,http://dspace.trakya.edu.tr/oai/request,dspace.trakya.edu.tr
1295,Duc In Altum - Cadernos de Direito,http://faculdadedamas.edu.br/revistafd/index.php/cihjur/oai,ojs.faculdadedamas.edu.br
1296,duesseldorf university press,http://dup.oa.hhu.de/cgi/oai2,dup.oa.hhu.de
1297,DuetT : Duisburger Elektronische Texte,http://ub-www2.uni-duisburg.de:8080/cgi-oai2/2/OAI-XMLFile-2.1/XMLFile/DuetT/oai.pl,""
1298,DUGiDocs,http://dugi-doc.udg.edu/dspace-oai/request,""
1299,DUGIDocs,http://dugi-docs.udg.edu/dspace-oai/request,""
1300,DUGiMedia,http://diobma.udg.edu/dspace-oai/request,""
1301,"Duisburg-Essen University, DuEPublico: Dissertations and publications",http://duepublico.uni-duisburg-essen.de/servlets/OAIDataProvider,duepublico.uni-duisburg-essen.de
1302,DukeSpace at Duke University,http://dukespace.lib.duke.edu/dspace-oai/request,""
1303,DUO,http://www.duo.uio.no/oai/request,""
1304,Durham Research Online,http://dro.dur.ac.uk/perl/oai2,dro.dur.ac.uk.OAI2
1305,DUT IR,http://ir.dut.ac.za/oai/request,""
1306,DWCLA Academic Repository,http://repository.dwc.doshisha.ac.jp/modules/xoonips/oai.php,""
1307,DWD,http://oai.dwd.de/oai/provider,""
1308,DWLA Academic Repository,http://dwcla.repo.nii.ac.jp/oai,""
1309,Dépôt institutionnel de l'Université de Sherbrooke,http://savoirs.usherbrooke.ca/oai/request,savoirs.usherbrooke.ca
1310,Düzce University Institutional Repository,http://acikerisim.duzce.edu.tr:8080/oai/request,acikerisim.duzce.edu.tr
1311,e-Archivos de Ginecología y Obstetricia,http://www.ojeda.cat/ojs/index.php/e-ago/oai,ojs.ojeda.cat
1312,E-Bisnis : Jurnal Ilmiah Ekonomi dan Bisnis,https://journal.stekom.ac.id/index.php/Bisnis/oai,journal.stekom.ac.id
1313,e-Czasopisma Naukowe,http://journals.umcs.pl/index/oai,ojs.umcsd.home.net.pl
1314,E-IDEA 4.0 Revista Multidisciplinar,https://revista.estudioidea.org/ojs/index.php/mj/oai,ojs2.revista.estudioidea.org
1315,E-IDEA Journal of Business Sciences,https://revista.estudioidea.org/ojs/index.php/eidea/oai,ojs2.revista.estudioidea.org
1316,E-IDEA Journal of Engineering Science,https://revista.estudioidea.org/ojs/index.php/esci/oai,ojs2.revista.estudioidea.org
1317,e-Journal Badan Penelitian dan Pengembangan Kesehatan,http://ejournal.litbang.depkes.go.id/index.php/index/oai,jurnalkesehatan.ejournal.litbang.depkes.go.id
1318,E-Journal Fakultas Sains dan Teknik Undana,http://www.ejournal-fst-unc.com/index.php/index/oai,ojs.ejournal-fst-unc.com
1319,E-journal iain samarinda,http://journal.iain-samarinda.ac.id/index.php/index/oai,ojs.journal.iain-samarinda.ac.id
1320,E-Journal Marine Inside,https://ejournal.poltekpel-banten.ac.id/index.php/ejmi/oai,ojs2.ejournal.poltekpel-banten.ac.id
1321,E-Journal Politeknik Negeri Cilacap,https://ejournal.pnc.ac.id/index.php/index/oai,ojs.ejournal.pnc.ac.id
1322,E-Journal Teknik Informatika Universitas Malikussaleh,http://ejurnal.tif.unimal.ac.id/index.php/index/oai,ojs.tif.unimal.ac.id
1323,e-Journal Universitas Indraprasta PGRI,http://journal.lppmunindra.ac.id/index.php/index/oai,ojs.localhost
1324,E-Journal Universitas Islam Negeri Syarif Hidayatullah Jakarta,https://journal.uinjkt.ac.id/index.php/index/oai,journal.uinjkt.ac.id
1325,E-Jurnal Akuntansi,https://ojs.unud.ac.id/index.php/Akuntansi/oai,ojs.unud.ac.id
1326,e-Jurnal Poltekkes Tanjungkarang,http://ejurnal.poltekkes-tjk.ac.id/index.php/index/oai,ojs.ejurnal.poltekkes-tjk.ac.id
1327,e-Jurnal Rekayasa dan Teknologi Budidaya Perairan,http://jurnal.fp.unila.ac.id/index.php/bdpi/oai,ojs.ojsfp.unila.ac.id
1328,E-Jurnal | ISI Denpasar,http://jurnal.isi-dps.ac.id/index.php/index/oai,ojs.jurnal.isi-dps.ac.id
1329,E-LIS,http://eprints.rclis.org/perl/oai2,eprints.rclis.org
1330,e-space at MMU,http://www.e-space.mmu.ac.uk/e-space-oai/request,""
1331,"e3 - Revista de Economia, Empresas e Empreendedores na CPLP",https://revistas.ponteditora.org/index.php/e3/oai,revistas.ponteditora.org
1332,e_Buah Biblioteca Digital de la Universidad de Alcalá,https://ebuah.uah.es/oai/request,ebuah.uah.es
1333,Eagle Scholar,https://scholar.umw.edu/do/oai/,scholar.umw.edu
1334,eArsiv@Anadolu: Anadolu University Institutional Repository,https://earsiv.anadolu.edu.tr/oai/request,earsiv.anadolu.edu.tr
1335,eArsiv@Kmu,http://earsiv.kmu.edu.tr:8080/oai/request,""
1336,eArsiv@Uskudar,http://earsiv.uskudar.edu.tr/oai/request,""
1337,Earth Simulator Research Results Repository,http://www.jamstec.go.jp/es-repository/oai/oai2.0.cgi,""
1338,Earth-prints,http://www.earth-prints.org/dspace-oai/request,""
1339,East African Journal of Sciences,http://haramayajournals.org/index.php/ej/oai,ojs.localhost
1340,eaUMSA електронний архів – репозитарій ВДНЗУ «УМСА»,http://elib.umsa.edu.ua/oai/request,elib.umsa.edu.ua
1341,Eberhard Karls Universität Tübingen Open Archive Repository 1,http://oai.uni-tuebingen.de/OAIServer/oai2.aspx,uni-tuebingen.de
1342,eBiltegia,http://ebiltegia.mondragon.edu:8080/oai/request,ebiltegia.mondragon.edu
1343,eBiltegia,https://ebiltegia.mondragon.edu/oai/request,ebiltegia.mondragon.edu
1344,eBooks@Adelaide : The University of Adelaide Library Electronic Text Collection,http://etext.library.adelaide.edu.au/cgi-bin/OAI-lite.pl,""
1345,ECCE: Jurnal Pendidikan Pastoral Kateketik,https://jurnal.stpdobos.ac.id/index.php/ecce/oai,ojs2.jurnal.stpdobos.ac.id
1346,Eclética Química Journal,http://revista.iq.unesp.br/ojs/index.php/ecletica/oai,ojs.revista
1347,ECNIS Repository,http://ecnis.openrepository.com/ecnis/oai/request,""
1348,Ecocene: Cappadocia Journal of Environmental Humanities,http://ecocene.kapadokya.edu.tr/index.php/ecocene/oai,ojs.ecocene.kapadokya.edu.tr
1349,Ecocycles,http://www.ecocycles.eu/ojs/index.php/Ecocycles/oai,ojs.ecocycles.eu
1350,Ecocycles,https://www.ecocycles.net/ojs/index.php/ecocycles/oai,ojs2.www.ecocycles.net
1351,Ecocycles,https://www.ecocycles.eu/ojs/index.php/ecocycles/oai,ojs3A.ecocycles.eu
1352,ECODEMICA,http://ejournal.bsi.ac.id/ejurnal/index.php/ecodemica/oai,ojs.ejournal.bsi.ac.id
1353,eCollections @ FIU Law Library,https://ecollections.law.fiu.edu/do/oai/,ecollections.law.fiu.edu
1354,Ecology and Society,http://www.ecologyandsociety.org/oai/,ES.www.ecologyandsociety.org
1355,Ecomatemático,http://revistas.ufps.edu.co/ojs/index.php/ecomatematico/oai,ojs.vaie.ufps.edu.co
1356,eCommons@AKU,https://ecommons.aku.edu/do/oai/,ecommons.aku.edu
1357,Economic and Environmental Studies,https://czasopisma.uni.opole.pl/index.php/ees/oai,ojs2.czasopisma.uni.opole.pl
1358,Economía LACEA Journal,https://account.economia.lse.ac.uk/index.php/lse-j-elaceaj/oai,ojs.pkp.sfu.ca
1359,Economía y Negocios,https://revistas.ute.edu.ec/index.php/economia-y-negocios/oai,ojs2.revistas.ute.edu.ec
1360,Econosains: Jurnal Online Ekonomi Dan Pendidikan,http://journal.unj.ac.id/unj/index.php/econosains/oai,jurnalunj.journal.unj.ac.id
1361,EconStor,http://www.econstor.eu/dspace-oai/request,""
1362,Ecotrópicos,http://erevistas.saber.ula.ve/index.php/ecotropicos/oai,ojs.erevistas.saber.ula.ve
1363,Ecuadorian Science Journal,http://journals.gdeon.org/index.php/esj/oai,ojs.journals.gdeon.org
1364,EDeR. Educational Design Research,https://journals.sub.uni-hamburg.de/index.php/EDeR/oai,ojs.journals.sub.uni-hamburg.de
1365,Ediciones UO,https://ediciones.uo.edu.cu/index.php/e1/oai,omp.ediciones.uo.edu.cu
1366,Editorial Universidad del Atlántico,http://investigaciones.uniatlantico.edu.co/omp/index.php/catalog/oai,omp.up.openjournaltheme.com
1367,EDM Forum Community,http://repository.edm-forum.org/do/oai/,repository.edm-forum.org
1368,edoc,http://edoc.unibas.ch/cgi/oai2,edoc.unibas.ch
1369,EDP OAI,http://pt.cision.com/edpoai/oai2.aspx,""
1370,EDP Sciences OAI-PMH repository,http://oai.edpsciences.org/,""
1371,EDTB,http://edtb.euskomedia.org/cgi/oai2,edtb.euskomedia.org
1372,Edu Global : Jurnal Pendidikan Islam,https://jurnal.stain-madina.ac.id/index.php/eduglobal/oai,ojs2.jurnal.stain-madina.ac.id
1373,EDUCACION Y HUMANISMO,http://publicaciones.unisimonbolivar.edu.co/rdigital/ojs/index.php/educacion/oai,ojs.publicaciones.unisimonbolivar.edu.co
1374,EDUCACION Y HUMANISMO,http://revistas.unisimon.edu.co/index.php/educacion/oai,ojs.revistas.unisimon.edu.co
1375,Educación Física y Deporte,http://aprendeenlinea.udea.edu.co/revistas/index.php/educacionfisicaydeporte/oai,ojs.aprendeenlinea.udea.edu.co
1376,Educación y Futuro: revista de investigación aplicada y experiencias educativas,http://195.235.161.30/ojs/index.php/EYF/oai,ojs.localhost
1377,Educación y Sociedad,http://revistas.unica.cu/index.php/edusoc/oai,revistas.unica.cu
1378,Educación y Territorio,http://www.revistasjdc.com/main/index.php/reyte/oai,ojs.www.revistasjdc.com
1440,"Elpub : Digital Library :
 ",http://elpub.scix.net/cgi-bin/works/OAI,ElpubDigitalLibrary.id
1379,EDUCARE: Journal of Primary Education,https://jie.iain-jember.ac.id/index.php/jie/oai,ojs2.jie.iain-jember.ac.id
1380,EDUCATIO : Journal Of Education,http://ejournal.staimnglawak.ac.id/index.php/educatio/oai,ojs3.ejournal.staimnglawak.ac.id
1381,Educational Administration: Theory and Practice,https://kuey.net/index.php/kuey/oai,ojs2.kuey.net
1382,Educational Dimension,https://journal.kdpu.edu.ua/ped/oai,journal.kdpu.edu.ua
1383,Educational Dimension,https://acnsci.org/journal/index.php/ed/oai,ojs2.acnsci.org
1384,"Educational Podcasts Repository, SINED, ITCH, MEX",http://podcast.itch.edu.mx/oai.php,""
1385,Educational Technology Quarterly,https://acnsci.org/journal/index.php/etq/oai,ojs2.acnsci.org
1386,"Educational, Economic and Business Anthology",http://digilib.fe.unj.ac.id/journal/index.php/edu/oai,ojs2.digilib.fe.unj.ac.id
1387,EDUCATUM: Scientific Journal of Education,https://ojs.jurnalbk.com/index.php/educatum/oai,ojs2.jurnalbk.com
1388,Educação em Análise,https://www.uel.br/revistas/uel/index.php/educanalise/oai,ojs.www.uel.br
1389,EduChemia (Jurnal Kimia dan Pendidikan),http://jurnal.untirta.ac.id/index.php/EduChemia/oai,jurnal.untirta.ac.id
1390,EDUDOC,http://148.201.96.14/catia/edudocdc/oai.aspx,edudoc.iteso.mx
1391,EDUDOC,http://quijote.biblio.iteso.mx/catia/edudocdc/oai.aspx,edudoc.iteso.mx
1392,Edukasi Islami: Jurnal Pendidikan Islam,http://jurnal.staialhidayahbogor.ac.id/index.php/ei/oai,jurnal.staialhidayahbogor.ac.id
1393,Edukasi Tematik: Jurnal Pendidikan Sekolah Dasar,https://ejurnal.unisap.ac.id/index.php/edukasitematik/oai,ojs2.ejurnal.unisap.ac.id
1394,Edukasi: Jurnal Pendidikan,https://journal.ikippgriptk.ac.id/index.php/edukasi/oai,journal.ikippgriptk.ac.id
1395,Edukasi: Jurnal Pendidikan,http://journal.ikippgriptk.ac.id/index.php/edukasi/oai,ojs.localhost
1396,Edupedia: Jurnal Pendidikan Keislaman,http://belajar.pps-ibrahimy.ac.id/index.php/EDU/oai,ojs.belajar.pps-ibrahimy.ac.id
1397,EDUSAINS,http://journal.uinjkt.ac.id/index.php/edusains/oai,ojs.localhost
1398,EDUTEC : Journal of Education and Technology,http://edutec.jedtec.org/index.php/edutec/oai,ojs2.edutec.jedtec.org
1399,EDUTEC : Journal of Education And Technology,http://ejournal.ijshs.org/index.php/edu/oai,ojs2.ejournal.ijshs.org
1400,eEast-UkrNUIR,http://dspace.snu.edu.ua:8080/oai/request,dspace.snu.edu.ua
1401,eEastUkrNUIR,https://dspace.snu.edu.ua/server/oai/request,dspace.snu.edu.ua
1402,EEMCS EPrints Service,http://eprints.eemcs.utwente.nl/perl/oai2,ewi.utwente.nl
1403,Ege University Institutional Repository,http://acikerisim.ege.edu.tr/oai/request,acikerisim.ege.edu.tr
1404,eGyankosh,http://wwww.egyankosh.ac.in/oai/request,""
1405,eGyankosh,http://wwww.egyankosh.ac.in:8080/oai/request,""
1406,EIRZNTU - Electronic Institutional Repository of Zaporizhzhya National Technical University,http://eir.zntu.edu.ua/oai/request,eir.zntu.edu.ua
1407,Eisenhower National Clearinghouse,http://www.enc.org/oai/2.0/default.pl,enc.org
1408,EJCE_repository,http://eaces.liuc.it/oai/default.asp,""
1409,EJCE_repository,http://ejce.liuc.it/oai/default.asp,""
1410,Ejournal STKIP PGRI Sumbar,http://ejournal.stkip-pgri-sumbar.ac.id/index.php/index/oai,ojs.ejournal.stkip-pgri-sumbar.ac.id
1411,ejournal.nusamandiri.ac.id,http://ejournal.nusamandiri.ac.id/ejurnal/index.php/index/oai,ojs.ejournal.nusamandiri.ac.id
1412,EkBis: Jurnal Ekonomi dan Bisnis,http://ejournal.uin-suka.ac.id/febi/ekbis/oai,ojs.pkp.sfu.ca
1413,eKhNUIR,http://80.92.225.156:8080/oai/request,""
1414,eKhNUIR,http://dspace.univer.kharkov.ua/oai/request,""
1415,EKONIKA (Jurnal Ekonomi Universitas Kadiri),http://ojs.unik-kediri.ac.id/index.php/ekonika/oai,ojs.ojs.unik-kediri.ac.id
1416,Ekonomika,https://www.journals.vu.lt/ekonomika/oai,ojs.www4063.vu.lt
1417,Eksergi,http://jurnal.upnyk.ac.id/index.php/eksergi/oai.,ojs.jurnal.upnyk.ac.id
1418,EKSPLORASI TEKNOLOGI ENTERPRISE DAN SISTEM INFORMASI (EKSTENSI),https://journal.fikom.site/ekstensi/index.php/research/oai,extens.journal.fikom.site
1419,EKUITAS (Jurnal Ekonomi dan Keuangan),https://ejournal.stiesia.ac.id/ekuitas/oai,ojs.ejournal.stiesia.ac.id
1420,El Misionero del Agro,http://elmisionerodelagro.uagraria.edu.ec/index.php/V162017/oai,ojs.elmisionerodelagro.uagraria.edu.ec
1421,El Taller de la Historia,https://revistas.unicartagena.edu.co/index.php/eltallerdelahistoria/oai,ojs.pkp.sfu.ca
1422,El Ágora USB,http://revistas.usbbog.edu.co/index.php/Agora/oai,ojs.pkp.sfu.ca
1423,EL-MUHASABA,http://ejournal.uin-malang.ac.id/index.php/el-muhasaba/oai.,ejournal.uin-malang.ac.id
1424,ELAKPI,http://ela.kpi.ua/oai/request,ela.kpi.ua
1425,ELAN E-Learning-Katalog,http://katalog.elan-niedersachsen.de/oai2.php,""
1426,ElarTSATU,http://elar.tsatu.edu.ua/oai/request,elar.tsatu.edu.ua
1427,Eldorado,https://eldorado.tu-dortmund.de/oai/request,eldorado.tu-dortmund.de
1428,Electrical Engineering and Power Engineering,http://ee.zntu.edu.ua/index.php/1607-6761/oai,ojs.journals.uran.ua
1429,Electronic arhive of Vitebsk State Medical University Library,http://elib.vsmu.by/oai/request,elib.vsmu.by
1430,Electronic Journal Fakultas Ekonomi UNIAT,http://jrmb.ejournal-feuniat.net/index.php/index/oai,ojs.jrmb.ejournal-feuniat.net
1431,Electronic Thesis and Dissertation Archive,http://etd.adm.unipi.it/ETD-db/NDLTD-OAI/oai.pl,etd.adm.unipi.it
1432,"Elektra, Archivo Digital de las Artes Escénicas de Andalucía",http://www.juntadeandalucia.es/cultura/cdaea/elektra/oai.html,elektra.cdaea.es
1433,Elektronisches Publikationsportal der Österreichischen Akademie der Wissenschaften,http://hw.oeaw.ac.at/oai,hw.oeaw.ac.at
1434,Elem Sci Anth,https://www.elementascience.org/jms/index.php/up/oai/,elementascience.org
1435,ELIA: Estudios de Lingüística Inglesa Aplicada,http://revistas.uned.es/index.php/ELIA/oai,ojs.revistas.uned.es
1436,Elkom : Jurnal Elektronika dan Komputer,https://journal.stekom.ac.id/index.php/elkom/oai,journal.stekom.ac.id
1437,"ELLITE: Journal of English Language, Literature, and Teaching",http://jurnal.unmuhjember.ac.id/index.php/ELLITE/oai,ojs.localhost
1438,ElmCore® Journal of Educational Psychology,http://www.science-fellows.org/index.php/EJEP/oai,ojs.science-fellows.org
1439,Elocus,http://elocus.lib.uoc.gr/index.tkl,Elocus.tkl
1442,Em Questão,http://www.seer.ufrgs.br/index.php/EmQuestao/oai,seer.ufrgs.br
1443,EMAJ: Emerging Markets Journal,http://emaj.pitt.edu/ojs/index.php/emaj/oai,ojs.emaj.pitt.edu
1444,EMBnet.journal,http://journal.embnet.org/index.php/embnetjournal/oai,ojs.journal.embnet.org
1445,EMD Fundacion Sancho el Sabio Fundazioa,http://www.memoriadigitalvasca.es/dspace-oai/request,www.memoriadigitalvasca.es
1446,Emerging Neurologist,https://emerging-neurologist.org/oai,emerging-neurologist.org
1447,Emerging Science Innovation,https://ojs.imeti.org/index.php/EMSI/oai,ojs.imeti.org
1448,Emerita,http://emerita.revistas.csic.es/index.php/emerita/oai,emerita.revistas.csic.es
1449,EMITTER International Journal of Engineering Technology,http://emitter.pens.ac.id/index.php/emitter/oai,ojs.journal.pens.ac.id
1450,Emory Law Scholarly Commons,https://scholarlycommons.law.emory.edu/do/oai/,scholarlycommons.law.emory.edu
1451,Empowerment : Jurnal Pengabdian Masyarakat,https://journal.uniku.ac.id/index.php/empowerment/oai,lib.journal.uniku.ac.id
1452,EMPOWERMENT SOCIETY,http://ejournal.stiewidyagamalumajang.ac.id/index.php/eps/oai,ojs2.ejournal.stiewidyagamalumajang.ac.id
1453,ENCICLOPÉDIA BIOSFERA,https://conhecer.org.br/ojs/index.php/biosfera/oai,ojs2.conhecer.org.br
1454,ENCOMMUNICATION: Journal of Communication Studies,https://journal.enliinstitute.com/index.php/ENCOMMUNICATION/oai,ojs2.journal.enliinstitute.com
1455,Enfermagem Brasil,https://convergenceseditorial.com.br/index.php/enfermagembrasil/oai,ojs2.convergenceseditorial.com.br
1456,Enfoque Latinoamericano,http://revistas.ul.edu.co/index.php/REL/oai,ojs2.revistas.ul.edu.co
1457,Engineering International,http://journals.abc.us.org/index.php/ei/oai,journals.abc.us.org
1458,Engineering International,https://abc.us.org/ojs/index.php/ei/oai,ojs2.abc.us.org
1459,Engineering Journal,http://www.engj.org/index.php/ej/oai,www.engj.org
1460,Engineering Research: technical reports,http://engres.emnuvens.com.br/engres/oai,engres.org
1461,English Journal Literacy Utama,http://journal.widyatama.ac.id/index.php/ejlutama/oai,ojs2.journal.widyatama.ac.id
1462,English Review: Journal of English Education,https://journal.uniku.ac.id/index.php/ERJEE/oai,lib.journal.uniku.ac.id
1463,ENLEKTURER: Journal of Islamic Studies,https://journal.enliinstitute.com/index.php/ENLEKTURER/oai,ojs2.journal.enliinstitute.com
1464,Enquiry / The ARCC Journal of Architectural Research,http://www.arcc-journal.org/index.php/arccjournal/oai,ojs.www.arcc-journal.org
1465,ENT SCHOLAR,http://entscholar.in/index.php/index/oai,ojs.entscholar.in
1466,Entangled Religions,http://ojs.ub.rub.de/index.php/ER/oai,ojs.ub.rub.de
1467,Entomologica,https://ojs.cimedoc.uniba.it/index.php/entomol/oai,ojs.ojs.cimedoc.uniba.it
1468,Entomology and Applied Science Letters,https://easletters.com/index.php/journal/oai,ojs.easletters.com
1469,Entreciencias: Diálogos en la sociedad del conocimiento,https://revistaentreciencias.enes.unam.mx/index.php/Entreciencias/oai,ojs.revistadigital.enes.unam.mx
1470,Entrepalavras,http://www.entrepalavras.ufc.br/revista/index.php/Revista/oai,ojs.localhost
1471,Entrepo,http://rhinology.in/cgi/oai2,rhinology.in
1472,Entrepot OAI de l'Ecole nationale des chartes,http://oai.enc.sorbonne.fr/oai2.php,""
1473,Entrepot OAI-PMH de la bibliotheque municipale de Baud : Conservatoire Regional de la carte postale,http://www.cartolis.org/oai/oai2.php,cartolis.org
1474,Entrepot OAI-PMH de la Bibliotheque municipale de Toulouse : collections numeriques,http://numerique.bibliotheque.toulouse.fr/cgi-bin/oaiserver,numerique.bibliotheque.toulouse.fr
1475,"Entrepot OAI-PMH Narbolibris France : collections numériques, le Grand Narbonne communaute d agglomeration",http://www.narbolibris.com/oai.aspx,Narbolibris.com
1476,Entrepreneurship and Innovation Management Journal,http://absronline.org/journals/index.php/eimj/oai,ojs.absronline.org
1477,Entrepôt OAI-PMH des bibliothèques spécialisées et patrimoniales de la Ville de Paris,http://bibliotheques-specialisees.paris.fr/in/rest/oai,bibliotheques-specialisees.paris.fr
1478,eNTUKhPIIR,http://repository.kpi.kharkov.ua/oai/request,repository.kpi.kharkov.ua
1479,eNUOLAIR - Electronic National University Odessa Law Academy Institutional Repository,http://dspace.onua.edu.ua/oai/request,""
1480,Envigogika,http://www.envigogika.cuni.cz/index.php/Envigogika/oai,ojs.envigogika.cuni.cz
1481,Environment Conservation Journal,https://journal.environcj.in/index.php/ecj/oai,journal.environcj.in
1482,Environment-Behaviour Proceedings Journal,https://ebpj.e-iph.co.uk/index.php/EBProceedings/oai,ojs.www.e-iph.co.uk
1483,EnviroScienteae,https://ppjp.ulm.ac.id/journal/index.php/es/oai,ojs.ppjp.ulm.ac.id
1484,EnviroScienteae,http://ppjp.unlam.ac.id/journal/index.php/es/oai,ojs.ppjp.unlam.ac.id
1485,ePIC,http://epic.awi.de/cgi/oai2,epic.awi.de
1486,EPISTEME KOINONIA,https://fundacionkoinonia.com.ve/ojs/index.php/epistemekoinonia/oai,ojs.fundacionkoinonia.com.ve
1487,"ePLACE: preserving, learning, and creative exchange",https://place.asburyseminary.edu/do/oai/,place.asburyseminary.edu
1488,Epoka Journal Systems,http://ejs.epoka.edu.al/index.php/index/oai,ejs.epoka.edu.al
1489,EPPI OAI Archive,http://www.bopcris.ac.uk/cgi-bin/OAI-XMLFile-2.1/XMLFile/eppi/oai.pl,eppi.bopcris.ac.uk
1490,EPRESS Journals Online,http://www.epress.ac.uk/phpoai2/oai2.php,epress.ac.uk
1491,eprints,http://eprints.umsida.ac.id/cgi/oai2,eprints.umsida.ac.id
1492,EPrints Server of the Institute of Mathematics and Statistics of the University of São Paulo,http://eprints.ime.usp.br/perl/oai2,eprints.ime.usp.br
1493,ePrints Sriwijaya University,http://eprints.unsri.ac.id/cgi/oai2,generic.eprints.org
1494,ePrints.FRI,http://eprints.fri.uni-lj.si/perl/oai2,ePrints.FRI.OAI2
1495,eprints3,http://eprints.mdp.ac.id/cgi/oai2,eprints.mdp.ac.id
1496,ePrints@iisc,http://eprints.iisc.ernet.in/perl/oai2,iiscePrints.OAI2
1497,Eprints@MDRF,http://mdrf-eprints.in/cgi/oai2,generic.eprints.org
1498,ePrints@NII,http://eprints.nii.res.in/cgi/oai2,generic.eprints.org
1499,eprints@NML,http://eprints.nmlindia.org/cgi/oai2,generic.eprints.org
1500,EprintsUnife,http://eprints.unife.it/cgi/oai2,teprints.unife.it
1501,Epsilon Archive for Student Projects,http://stud.epsilon.slu.se/cgi/oai2,stud.epsilon.slu.se
1502,Epsilon Open Archive,http://pub-epsilon.slu.se/perl/oai2,epsilonpub.OAI2
1503,EPSILON Publishing System for Doctoral and Licentiate's Theses,http://diss-epsilon.slu.se/perl/oai2,epsilondiss.OAI2
1504,Epsilon Undergraduate Theses Archive,http://ex-epsilon.slu.se/perl/oai2,epsilonex.OAI2
1505,ePublications at Regis University,https://epublications.regis.edu/do/oai/,epublications.regis.edu
1506,ePublish@UTD,http://epublish.utdallas.edu/cgi/oai2.cgi,epublish.utdallas.edu
1507,ePubWU,http://epub.wu.ac.at/cgi/oai2,epub.wu-wien.ac.at
1508,EQUELLA,https://researchbank.swinburne.edu.au/p/oai,researchbank.swinburne.edu.au
1509,EQUELLA,https://vault.cca.edu/p/oai,vault.cca.edu
1510,Era Hukum - Jurnal Ilmiah Ilmu Hukum,https://journal.untar.ac.id/index.php/hukum/oai,journal.untar.ac.id
1511,ERA: Education and Research Archive,https://era.library.ualberta.ca/oai,""
1512,"Eres : Digital Library :
 ",http://eres.scix.net/cgi-bin/works/OAI,EresDigitalLibrary.id
1513,ERES Digital Library,http://eres.architexturez.net/oai-pmh,""
1514,Erg@omnes,http://revistas.curn.edu.co/index.php/ergaomnes/oai,ojs.pkp.sfu.ca
1515,Erken Çocukluk Çalışmaları Dergisi,http://journalofomepturkey.org/index.php/eccd/oai,ojs.www.journalofomepturkey.org
1516,erpanet,http://eprints.erpanet.org/perl/oai2,eprints.erpanet.org
1517,Erudit,http://oai.erudit.org/oai/,oai.erudit.org
1518,"Erudite Journal of Engineering, Technology and Management Sciences",https://www.ejetms.com/index.php/ejetms/oai,ojs2.ejetms.com
1519,Erudite Journal of Life Science and Engineering,https://www.ejlse.com/index.php/ejlse/oai,ojs2.ejlse.com
1520,ERUIFD,http://eruifd.erciyes.edu.tr/oai-pmh-repository/request,eruifd.erciyes.edu.tr
1521,eScholarship@BC,http://dlib.bc.edu/oai2,dlib.bc.edu
1522,eScholarship@BC,https://dlib.bc.edu/oai2,dlib.bc.edu
1523,eScholarship@McGill,https://escholarship.mcgill.ca/catalog/oai,escholarship.mcgill.ca
1524,eScriptorium,http://escriptorium.univer.kharkov.ua/oai/request,""
1525,ESIT,http://jurnal-eresha.ac.id/index.php/esit/oai,ojs.localhost
1526,eSkripsi Universitas Andalas,http://scholar.unand.ac.id/cgi/oai2,scholar.unand.ac.id
1527,Espace ÉTS,http://espace2.etsmtl.ca/cgi/oai2,espace2.etsmtl.ca
1528,espace@Curtin,http://espace.library.curtin.edu.au/OAI-PUB/,espace.library.curtin.edu.au
1529,Espaces linguistiques,https://www.unilim.fr/espaces-linguistiques/oai.php,espaces-linguistiques.unilim.fr
1530,Esperienze d'Impresa,http://www.esperienzedimpresa.it/index.php/espimpresa/oai,ojs.www.hquadro.it
1531,ESPES,https://espes.ff.unipo.sk/index.php/ESPES/oai,espes.ff.unipo.sk
1532,"Espiral, Revista de Docencia e Investigación",http://revistas.ustabuca.edu.co/index.php/ESPIRAL/oai,revistas.ustabuca.edu.co
1533,ESSACHESS – Journal for Communication Studies,http://www.essachess.com/index.php/jcs/oai,ojs.www.essachess.com
1534,Estetika: The European Journal of Aesthetics,https://estetikajournal.org/jms/index.php/up/oai/,ojs.estetikajournal.org
1535,Estudios de Filosofía,http://aprendeenlinea.udea.edu.co/revistas/index.php/estudios_de_filosofia/oai,ojs.aprendeenlinea.udea.edu.co
1536,Estudios Geográficos,http://estudiosgeograficos.revistas.csic.es/index.php/estudiosgeograficos/oai,estudiosgeograficos.revistas.csic.es
1537,Estudios Geológicos,http://estudiosgeol.revistas.csic.es/index.php/estudiosgeol/oai,estudiosgeologicos.revistas.csic.es
1538,Estudios Gerenciales,http://www.icesi.edu.co/revistas/index.php/estudios_gerenciales/oai,ojs.icesi.edu.co
1539,Estudios Latinoamericanos,https://revistas.udenar.edu.co/index.php/rceilat/oai,revistas.udenar.edu.co
1540,Estudios Políticos,http://aprendeenlinea.udea.edu.co/revistas/index.php/estudiospoliticos/oai,ojs.aprendeenlinea.udea.edu.co
1541,Estudios Sociales. Revista de Alimentación Contemporánea y Desarrollo Regional,https://www.ciad.mx/estudiosociales/index.php/es/oai,ojs.ciad.mx
1542,Estudos Avançados sobre Saúde e Natureza,https://www.periodicojs.com.br/index.php/easn/oai,ojs.pkp.sfu.ca
1543,Estudos Semióticos,https://www.revistas.usp.br/esse/oai,revistas.usp.br
1544,ETD,http://bupt-dlib.vicp.net/oaicat/OAIHandler,lib.bupt.edu.cn
1545,ETD at Indian Institute of Science,http://etd.ncsi.iisc.ernet.in/dspace-oai/request,""
1546,"ETERNAL(english, teaching, learning, Research Journal)",http://journal.uin-alauddin.ac.id/index.php/Eternal/oai.,journal.uin-alauddin.ac.id
1547,ETH-BIB OAI Publishing,http://opac.nebis.ch/OAI,opac.nebis.ch
1548,ethesis,http://ethesis.nitrkl.ac.in/cgi/oai2,generic.eprints.org
1549,Ethical Lingua: Journal of Language Teaching and Literature,http://journal.uncp.ac.id/index.php/ethicallingua/oai,ojs.journal.uncp.ac.id
1550,Ethical Lingua: journal of language teaching and literature,https://ethicallingua.org/25409190/oai,ojs2.ethicallingua.org
1551,Ethics and Law Journal: Business and Notary,https://journals.ldpb.org/index.php/eljbn/oai,ojs2.journals.ldpb.org
1552,Ethnoscripts,https://journals.sub.uni-hamburg.de/ethnoscripts/oai,ojs.journals.sub.uni-hamburg.de
1553,EtnoAntropologia,http://rivisteclueb.it/riviste/index.php/etnoantropologia/oai,ojs.www.rivisteclueb.it
1554,ETSU Electronic Thesis and Dissertation Archive,http://etd-submit.etsu.edu/ETD-db/OAI/oai.pl,etd.etsu.edu
1555,ETTISAL : Journal of Communication,https://ejournal.unida.gontor.ac.id/index.php/ettisal/oai,ojs.ejournal.unida.gontor.ac.id
1556,Eurac Research CLARIN Centre,http://clarin.eurac.edu/repository/oai/request,clarin.eurac.edu
1557,Eurasian music science journal,https://eamsj.uz/index.php/eamsjournal/oai,eamsj.uz
1558,Europe's Journal of Psychology,http://ejop.psychopen.eu/index.php/index/oai,ejop.psychopen.eu
1559,European Journal of Chemistry,https://eurjchem.com/index.php/eurjchem/oai,ojs.www.eurjchem.com
1560,European Journal of Economic and Political Studies,http://www.ejeps.com/index.php/ejeps/oai,ojs.www.ejeps.com
1561,European Journal of Education Studies,http://oapub.org/edu/index.php/ejes/oai,ojs.edu.oapub.org
1562,European Journal of Government and Economics,http://www.ejge.org/index.php/ejge/oai,ejge.org
1563,European Journal of Molecular & Clinical Medicine,https://www.ejmcm.com/jms/index.php/up/oai/,ojs.ejmcm.com
1564,European Journal of Physical Education and Sport Science,http://oapub.org/edu/index.php/ejep/oai,ojs.edu.oapub.org
1565,European Journal of Special Education Research,http://oapub.org/edu/index.php/ejse/oai,ojs.edu.oapub.org
1566,European Online Journal of Natural and Social Sciences,http://european-science.com/eojnss/oai,ojs.european-science.com
1567,European Review of Latin American and Caribbean Studies,https://www.erlacs.org/jms/index.php/up/oai/,ojs.www.erlacs.org
1568,European Union Digital Library,https://eudl.eu/oai,""
1569,European XFEL Publication Database,https://xfel.tind.io/oai2d,xfel.tind.io
1570,Euskonews Aldizkaria,http://euskonews.oai.euskomedia.org/,""
1571,Excellence in Higher Education,http://ehe.pitt.edu/ojs/index.php/ehe/oai,ojs.ehe.pitt.edu
1572,Exhibit,https://www.exhibit.xavier.edu/do/oai/,www.exhibit.xavier.edu
1573,ExLibris Repository,http://asp01.ex-lh.hu/OAI-PUB,asp01.ex-lh.hu
1574,EXPERIMENTAL BIOMEDICAL RESEARCH,http://experimentalbiomedicalresearch.com/ojs/index.php/ebr/oai,ojs2.localhost
1575,Expert Journals Repository,http://repository.expertjournals.com/cgi/oai2,repository.expertjournals.com
1576,Exploration of Medicine,https://www.explorationpub.com/em/oai,www.explorationpub.com
1577,Exploration of Targeted Anti-tumor Therapy,https://www.explorationpub.com/etat/oai,www.explorationpub.com
1578,"ExpoVision OER Repository: Computing Topics Slides, ITCH, MEX",http://expo.itch.edu.mx/oai.php,""
1579,Extensive Reviews,https://journals.aijr.org/index.php/exr/oai,ojs2.journals.aijr.org
1580,ExtGAS/ISIS Open Archive Initiative Repository ,http://leonardo.isti.cnr.it/oai_cnrpub,leonardo.isti.cnr.it
1581,Eye Reports,http://eyereports.org/index.php/eyereports/oai,www.eyereports.org
1582,EZID,http://ezid.cdlib.org/oai,""
1583,Eídos,https://revistas.ute.edu.ec/index.php/eidos/oai,revistas.ute.edu.ec
1584,EĞİTİM VE BİLİM,http://egitimvebilim.ted.org.tr/index.php/EB/oai,egitimvebilim.ted.org.tr
1585,Faculdade de Letras da Universidade do Porto - OJS,http://ojs.letras.up.pt/index.php/index/oai,ojs.letras.up.pt
1586,FACULTAD DE INGENIERÍA,http://revistas.uptc.edu.co/revistas/index.php/ingenieria/oai,revistas.uptc.edu.co
1587,FADA ::Birzeit University Institutional Repository,http://fada.birzeit.edu/oai/request,fada.birzeit.edu
1588,Faedah : Jurnal Hasil Kegiatan Pengabdian Masyarakat Indonesia,https://pbsi-upr.id/index.php/Faedah/oai,ojs2.pbsi-upr.id
1589,Fairmount Folio: Journal of History,http://journals.wichita.edu/index.php/ff/oai,ojs.journals-test.wichita.edu
1590,Faktor Exacta,http://journal.lppmunindra.ac.id/index.php/Faktor_Exacta/oai,ojs.localhost
1591,FAmagazine. Ricerche e progetti sull'architettura e la città,http://www.famagazine.it/index.php/famagazine/oai,ojs.www.famagazine.it
1592,FAOBIB,http://www4.fao.org:8080/oaicat/OAIHandler,agris.fao
1593,Farmeconomia. Health economics and therapeutic pathways,https://journals.edizioniseed.it/index.php/FE/oai,journals.edizioniseed.it
1594,Fedora at AWI,http://web.awi-bremerhaven.de/fedora/oai,awi-bremerhaven.de
1595,Fetus and Newborn,https://www.fetusandnewborn.com/journal/index.php/fnb/oai,fetusandnewborn.com
1596,FEUP Institutional Repository,http://digitool.fe.up.pt/OAI-PUB,digitool.fe.up.pt
1597,FHSU Scholars Repository,https://scholars.fhsu.edu/do/oai/,scholars.fhsu.edu
1598,FIAT JUSTISIA,http://jurnal.fh.unila.ac.id/index.php/fiat/oai,ojs.jurnal.fh.unila.ac.id
1599,FIDELITY : Jurnal Teknik Elektro,https://fidelity.nusaputra.ac.id/oai,ojs2.fidelity.nusaputra.ac.id
1600,File System Repository,http://oai.bn.br:8080/oaicat/OAIHandler,oai.bn.br
1601,Film-Philosophy,http://www.film-philosophy.com/index.php/f-p/oai,ojs.www.film-philosophy.com
1602,Filmoteca,http://repositori.filmoteca.cat/oai/request,""
1603,Filosofía & Ciencias de la información,http://aplicaciones.bibliolatino.com:81/index.php/fi/oai,ojs.aplicaciones.bibliolatino.com
1604,Fine Arts Library Image Collection,http://dla.library.upenn.edu/dla/fisher/oai-pmh.xml,fisher.dla.library.upenn.edu
1605,FireScholars,https://firescholars.seu.edu/do/oai/,firescholars.seu.edu
1606,Fish Scientiae,http://fishscientiae.ulm.ac.id/index.php/fs/oai,ojs.fishscientiae.ulm.ac.id
1607,Fisher Digital Publications,https://fisherpub.sjfc.edu/do/oai/,fisherpub.sjfc.edu
1608,Fisioterapia Brasil,https://convergenceseditorial.com.br/index.php/fisioterapiabrasil/oai,ojs2.convergenceseditorial.com.br
1609,FITISPos International Journal,https://fitisposij.web.uah.es/OJS/index.php/fitispos/oai,fitisposij.web.uah.es
1610,FITOFARMAKA: Jurnal Ilmiah Farmasi,https://journal.unpak.ac.id/index.php/fitofarmaka/oai,ojs.pkp.sfu.ca
1611,Fitrah: Journal of Islamic Education,https://jurnal.staisumatera-medan.ac.id/index.php/fitrah/oai,ojs2.jurnal.staisumatera-medan.ac.id
1612,FLAMME ,https://www.unilim.fr/flamme/oai.php,flamme.unilim.fr
1613,FLASH: The Fordham Law Archive of Scholarship and History,https://ir.lawnet.fordham.edu/do/oai/,ir.lawnet.fordham.edu
1614,Florida Atlantic Universityh Digital Library,https://fau.digital.flvc.org/oai2,fau.digital.flvc.org
1615,Florida Center for Library Automation,http://broker10.fcla.edu/cgi/b/broker20/broker20,www.fcla.edu
1616,Fokus Ekonomi,http://www.unisbank.ac.id/ojs/index.php/fe2/oai,www.unisbank.id
1617,Folia Historica Cracoviensia,http://czasopisma.upjp2.edu.pl/foliahistoricacracoviensia/oai,ojs.czasopisma.upjp2.edu.pl
1618,Folia Toruniensia,http://apcz.umk.pl/czasopisma//index.php/FT/oai,ojs.blachor
1619,FON : Jurnal Pendidikan Bahasa dan Sastra Indonesia,https://journal.uniku.ac.id/index.php/FON/oai,lib.journal.uniku.ac.id
1620,FONDATIA,https://ejournal.stitpn.ac.id/index.php/fondatia/oai,ojs2.ejournal.stitpn.ac.id
1621,Fondo Documental Histórico de las Cortes de Aragón,http://www.cortesaragon.es/fondoHistorico/i18n/oai/oai_fondohistorico.cortesaragon.es.cmd,fondohistorico.cortesaragon.es
1622,Fondo Fotográfico de la Universidad de Navarra,http://coleccionfff.unav.es/bvunav/i18n/oai/oai.cmd,bvunav.coleccionfff.unav.es
1623,Fondos Digitales de la Universidad de Sevilla,http://fondosdigitales.us.es/repository,""
1624,Fonds du Théâtre Amateur Vendéen ,https://www.unilim.fr/theatre-amateur-vendeen/oai.php,theatre-amateur-vendeen.unilim.fr
1625,Fonds Histoire de l'Education,http://www.unilim.fr/histoire-education/oai-pmh-repository/request,histoire-education.unilim.fr
1626,Food and Agriculture Spectrum Journal,https://fasj.org/index.php/fasj/oai,oai.fasj.org
1627,Food ScienTech Journal,http://jurnal.untirta.ac.id/index.php/fsj/oai,jurnal.untirta.ac.id
1628,Forbes & Fifth,http://forbes5.pitt.edu/ojs/index.php/forbes5/oai,ojs.forbes5.pitt.edu
1629,Fordham Research Commons,https://research.library.fordham.edu/do/oai/,research.library.fordham.edu
1630,Formação Docente – Revista Brasileira de Pesquisa sobre Formação de Professores,https://www.revformacaodocente.com.br/index.php/rbpfp/oai,ojs2.www.revformacaodocente.com.br
1631,Forum Oświatowe,http://forumoswiatowe.pl/index.php/czasopismo/oai,ojs.forumoswiatowe.pl
1632,Forum Qualitative Sozialforschung / Forum: Qualitative Social Research,http://www.qualitative-research.net/index.php/fqs/oai,www.qualitative-research.net
1633,Fraunhofer Publica,http://publica.fraunhofer.de/oai.har,""
1634,Free University of Bozen Bolzano DSpace,https://bia.unibz.it/oai/request,bia.unibz.it
1635,French-Ukrainian Journal of Chemistry,http://kyivtoulouse.univ.kiev.ua/journal/index.php/fruajc/oai,ojs.kyivtoulouse.univ.kiev.ua
1636,Frontier Energy System and Power Engineering,http://journal2.um.ac.id/index.php/fespe/oai,ojs.journal2.um.ac.id
1637,FSM Vakıf University Institutional Repository,http://acikerisim.fsm.edu.tr/oai/request,acikerisim.fsm.edu.tr
1638,FSM İlmî Araştırmalar İnsan ve Toplum Bilimleri Dergisi,http://dergi.fsm.edu.tr/index.php/ia/oai,ojs.dergi.fsm.edu.tr
1639,FSU Digital Library,http://fsu.digital.flvc.org/oai2,fsu.digital.flvc.org
1640,fu_mi_publications,http://publications.imp.fu-berlin.de/cgi/oai2,biocomputing-berlin.de
1641,Fukushima University Repository,http://ir.lib.fukushima-u.ac.jp/dspace-oai/request,""
1642,FULIR,http://fulir.irb.hr/cgi/oai2,generic.eprints.org
1643,Funes,http://funes.uniandes.edu.co/cgi/oai2,generic.eprints.org
1644,FUOYE Journal of Engineering and Technology,http://engineering.fuoye.edu.ng/journal/index.php/engineer/oai,journal.engineering.fuoye.edu.ng
1645,Fupress,http://oai.fupress.com/,""
1646,FURG/NID/BC,http://bdtd.furg.br/tde_oai/oai2.php,""
1647,FUSE (Franklin University Scholarly Exchange),https://fuse.franklin.edu/do/oai/,fuse.franklin.edu
1648,Future Cities and Environment,https://futurecitiesandenvironment.com/jms/index.php/up/oai/,ojs.futurecitiesandenvironment.com
1649,Future Test OAI Database,http://203.198.189.49:8820/HKIED_IDS/aspx/repository.aspx,""
1650,Future University Hakodate Academic Archive,http://lib-repos.fun.ac.jp/dspace-oai/request,""
1651,Futuristic Biotechnology,https://fbtjournal.com/index.php/fbt/oai,ojs2.fbtjournal.com
1652,FuturoClassico FCl,https://ojs.cimedoc.uniba.it/index.php/fc/oai,ojs.ojs.cimedoc.uniba.it
1653,Fórum de Mobilização Antimanicomial do Sertão do São Francisco-FMA/Mostra de Atenção Psicossocial,http://eventos.univasf.edu.br/index.php/FMA/index/oai,eventos.univasf.edu.br
1654,G-Tech : Jurnal Teknologi Terapan,http://ejournal.uniramalang.ac.id/index.php/g-tech/oai,ojs2.ejournal.uniramalang.ac.id
1655,GA-media Educational and Architectural ressources,http://www.ga-media.org/OAI,""
1656,Gaceta Médica Estudiantil,http://www.revgacetaestudiantil.sld.cu/index.php/gme/oai,www.revgacetaestudiantil.sld.cu
1657,Galgotias Journal of Legal Studies (ISSN: 2321-1997),http://www.galgotiapublications.com/GJLS/oai,ojs2.www.galgotiapublications.com
1658,Galician Medical Journal,https://ifnmujournal.com/gmj/oai,ojs.ifnmujournal.com
1659,Galician Medical Journal,http://ojs.ifnmu.edu.ua/index.php/gmj/oai,ojs.ojs.ifnmu.edu.ua
1660,Galiciana,http://www.galiciana.gal/arpadhub/i18n/oai/oai_galiciana.xunta.es.do,galiciana.xunta.es
1661,Galiciana. Arquivo Dixital de Galicia,http://arquivo.galiciana.gal/arpadweb/i18n/oai/oai_galiciana-arquivodixitaldegalicia.xunta.es.do,galiciana-arquivodixitaldegalicia.xunta.es
1662,Galiciana: Biblioteca Digital de Galicia,http://biblioteca.galiciana.gal/i18n/oai/oai_galiciana-bibliotecadegalicia.xunta.es.cmd,galiciana-bibliotecadegalicia.xunta.es
1663,GALILEO Open Learning Materials,https://oer.galileo.usg.edu/do/oai/,oer.galileo.usg.edu
1664,"Galáxia - Revista Transdisciplinar de Comunicação, Semiótica, Cultura",http://revcom2.portcom.intercom.org.br/index.php/galaxia/oai,ojs.portcom.intercom.org.br
1665,GANESHA: Jurnal Pengabdian Masyarakat,http://ejournal.utp.ac.id/index.php/ganesha/oai,ojs.ejournal.utp.ac.id
1666,Ganpat University Journal of Engineering & Technology,http://gnujet.ganpatuniversity.ac.in/index.php/GNUJET/oai,ojs.gnujet.ganpatuniversity.ac.in
1667,GAP - German Academic Publishers,http://www.ubka.uni-karlsruhe.de/oai/gap-c/oai2.php,gap-c.ubka.uni-karlsruhe.de
1668,Garak Jo Garik : Jurnal Pengkajian dan Penciptaan Seni,https://journal.isi-padangpanjang.ac.id/index.php/Garak/oai,ojs.journal.isi-padangpanjang.ac.id
1669,Gayana,https://gayana.cl/index.php/gn/oai,ojs2.ojs.gayana.cl
1670,Gayana Botanica,https://gayanabotanica.cl/index.php/gb/oai,ojs2.ojs.gayanabotanica.cl
1671,Gazi Universitesi Acikarsiv,http://www.acikarsiv.gazi.edu.tr/oai/oai2.php,""
1672,GCRIS Database | Ege University,http://gcris.ege.edu.tr:8080/oai/request,gcris.ege.edu.tr
1673,GCRIS Database | Eskisehir Technical University,http://gcris.eskisehir.edu.tr/oai/request,gcris.eskisehir.edu.tr
1674,GCRIS Database | Konya Technical University,http://gcris.ktun.edu.tr/oai/request,gcris.ktun.edu.tr
1675,GCRIS Database | University of Economics and Technology,http://gcris.etu.edu.tr/oai/request,gcris.etu.edu.tr
1676,gdea,http://gdea.informatik.uni-koeln.de/perl/oai2,gdea.informatik.uni-koeln.de
1677,GDEON Editorial,http://books.gdeon.org/index.php/gdeon/oai,omp.books.gdeon.org
1678,GDEON Editorial,https://books.gdeon.org/index.php/gdeon/oai,omp.books.gdeon.org
1679,Gema Teologi,http://ukdw.ac.id/journal-theo/index.php/gema/oai,ojs.pkp.sfu.ca
1680,Gema Teologika,http://ukdw.ac.id/journal-theo/index.php/gemateologika/oai,ojs.pkp.sfu.ca
1681,GEMA TEOLOGIKA: Jurnal Teologi Kontekstual dan Filsafat Keilahian,http://journal-theo.ukdw.ac.id/index.php/gemateologika/oai,ojs.pkp.sfu.ca
1682,GEMATEK (Jurnal Teknik Komputer),http://puslit2.petra.ac.id/ejournal/index.php/tek/oai,puslit2.petra.ac.id
2290,International Journal of Whole Person Care,http://ijwpc.mcgill.ca/oai,ojs.iwpc.mcgill.ca
1683,GEMATIKA (Jurnal Manajemen Informatika),http://puslit2.petra.ac.id/ejournal/index.php/tik/oai,puslit2.petra.ac.id
1684,GEMILANG: Jurnal Manajemen dan Strategi Bisnis,http://jurnal.primagraha.ac.id/index.php/gemilang/oai,ojs2.jurnal.primagraha.ac.id
1685,Genius Journal,https://genius.inspira.or.id/index.php/gj/oai,ojs2.genius.inspira.or.id
1686,GEO-LEOe-docs (FID GEO Repository),https://e-docs.geo-leo.de/oai/request,e-docs.geo-leo.de
1687,GEODESY | A Geophysics.Online journal,https://journal.geodesyjournal.com/Gj/oai,ojs3.journal.geodesyjournal.com
1688,"GEOGRAPHY, ENVIRONMENT, SUSTAINABILITY",http://ges.rgo.ru/jour/oai,ojs.gesj.elpub.ru
1689,Geoinformatics FCE CTU,https://ojs.cvut.cz/ojs/index.php/gi/oai,ojs.cvut.cz
1690,Georgia Tech's Institutional Repository,http://smartech.gatech.edu/oai/request,""
1691,Georgia Tech's Institutional Repository,http://smartech.gatech.edu:8282/dspace-oai/request,""
1692,GERENCIA,http://revista.institutobolivar.edu.pe/index.php/gerencia/oai,ojs.revista.institutobolivar.edu.pe
1693,"Geriatrics, Gerontology and Aging",https://ggaging.com/oai,""
1694,"Giessener Elektronische Bibliothek, GERMANY",http://geb.uni-giessen.de/geb/oai/oai2.php,geb.uni-giessen.de
1695,Giessener Papyri- und Ostrakadatenbank,http://digibib.ub.uni-giessen.de/cgi-bin/populo/oai-pap.cgi,digibib.ub.uni-giessen.de
1696,Gifu University Repository,http://repository.lib.gifu-u.ac.jp/dspace-oai/request,""
1697,GIGA Journal Family,http://hup.sub.uni-hamburg.de/giga/journal-family/index/oai,hup.sub.uni-hamburg.de.giga
1698,Ginecología & Obstetricia Perú,http://catalogo.bibliolatino.com/ojs/index.php/GOPeru/oai,ojs.catalogo.bibliolatino.com
1699,GINMU,http://ginmu.naramed-u.ac.jp/dspace-oai/request,""
1700,GIPE,http://library.gipe.ac.in/oai/request,""
1701,Giresun University Institutional Repository,http://acikerisim.giresun.edu.tr/oai/request,acikerisim.giresun.edu.tr
1702,GISC Brasilia,http://gisc.inmet.gov.br/oai/provider,""
1703,GISC Pretoria,http://gisc.weathersa.co.za/oai/provider,""
1704,GKSS Publication Database for Open Access Full Text Documents,http://zitmac05.gkss.de/fmi/xsl/oai/oai.xsl,""
1705,Gladius,http://gladius.revistas.csic.es/index.php/gladius/oai,gladius.revistas.csic.es
1706,Glamorgan DSpace,http://dspace1.isd.glam.ac.uk/dspace-oai/request,""
1707,Glasgow ePrints Service,http://eprints.gla.ac.uk/perl/oai2,eprints.gla.ac.uk
1708,Glasgow University Theses Repository,http://theses.gla.ac.uk/perl/oai2,theses.gla.ac.uk
1709,GLIM Institution Repository,http://glim-re.glim.gakushuin.ac.jp/oai/request,""
1710,GLIM IR Institution Repository,http://glim-re.repo.nii.ac.jp/oai,""
1711,Global,http://ejournal.unsub.ac.id/index.php/FASILKOM/oai,ojs2.ejournal.unsub.ac.id
1712,Global Biosecurity,https://jglobalbiosecurity.com/jms/index.php/up/oai/,ojs.gbio.ubiquitypress.com
1713,Global Disclosure of Economics and Business,https://i-proclaim.my/journals/index.php/gdeb/oai,ojs2.i-proclaim.my
1714,Global Economics Review(GER),https://gerjournal.com/geroai/,""
1715,Global Education Review,http://ger.mercy.edu/index.php/ger/oai,ojs.schoolofeducation
1716,Global Heart,https://globalheartjournal.com/jms/index.php/up/oai/,ojs.globalheartjournal.com
1717,Global Iure,http://www.revistasjdc.com/main/index.php/giure/oai,ojs.www.revistasjdc.com
1718,Global Journal for Management and Administrative Sciences,https://gjmasuok.com/index.php/gjmas/oai,ojs2.gjmasuok.com
1719,"Global Journal of Agricultural Innovation, Research & Development",https://avantipublishers.com/jms/index.php/gjaird/oai,ojs.pkp.sfu.ca
1720,"Global Journal of Engineering,Science & Social Science Studies",http://www.gjess.co.in/index.php/gjess/oai,ojs.www.gjess.co.in
1721,Global Journal of Mathematical Analysis,http://www.sciencepubco.com/index.php/GJMA/oai,ojs.pkp.sfu.ca
1722,Global Medical & Health Communication,https://ejournal.unisba.ac.id/index.php/gmhc/oai,oai.ejournal.unisba.ac.id
1723,Global Proceedings Repository -  American Research Foundation,http://proceedings.sriweb.org/repository/index.php/index/index/oai,ocs.proceedings.sriweb.org
1724,Global Social Sciences Review(GSSR),https://gssrjournal.com/gssroai/,""
1725,Glocality,https://www.glocality.eu/jms/index.php/up/oai/,ojs.glocality.eu
1726,"GloPAD OAI Repository, Global Performing Arts Database",http://www.glopad.org/oai/oai2.php,""
1727,Glossa: a journal of general linguistics,https://www.glossa-journal.org/jms/index.php/up/oai/,ojs.www.glossa-journal.org
1728,Gobierno del Estado Chiapas,http://vitrina.bibliotecachiapas.gob.mx/cgi/oai2.cgi,vitrina.bibliotecachiapas.gob.mx
1729,Goescholar,http://goedoc.uni-goettingen.de/oai/request,""
1730,Goldsmiths Research Online,http://eprints-gro.gold.ac.uk/cgi/oai2,eprints.gold.ac.uk
1731,Gomal Journal of Medical Sciences,http://www.gjms.com.pk/ojs24/index.php/gjms/oai,ojs.pkp.sfu.ca
1732,Gorontalo Accounting Journal,http://jurnal.unigo.ac.id/index.php/gaj/oai,ojs.jurnal.unigo.ac.id
1733,GOUNI Journal of Management and Social Sciences,http://journal.gouni.edu.ng/index.php/fmss/oai,ojs.journal.gouni.edu.ng
1734,Graduate Institute of International and Development Studies,https://repository.graduateinstitute.ch/oai2d,repository.graduateinstitute.ch
1735,Graellsia,http://graellsia.revistas.csic.es/index.php/graellsia/oai,graellsia.revistas.csic.es
1736,Grasas y Aceites,http://grasasyaceites.revistas.csic.es/index.php/grasasyaceites/oai,grasasyaceites.revistas.csic.es
1737,Greenwich Academic Literature Archive,http://gala.gre.ac.uk/cgi/oai2,generic.eprints.org
1738,Greenwich Social Work Review,https://journals.gre.ac.uk/index.php/gswr/oai,journals.gre.ac.uk
1739,Griffith Research Online,http://www98.griffith.edu.au/dspace-oai/request,""
1740,GrowScience,https://growscience.org/index.php/index/oai,ojs.www.growscience.org
1741,Gruppo Italiano Frattura,http://www.gruppofrattura.it/ors/index.php/index/oai,ojs.www.gruppofrattura.it
1742,GSI Institutional Repository,http://repository.gsi.de/oai2d,repository.gsi.de
1743,GSTF Journal of Engineering Technology (JET),http://dl6.globalstf.org/index.php/jet/oai,ojs.dl6.globalstf.org
1744,GSTF Journal on Computing (JoC),http://dl6.globalstf.org/index.php/joc/oai,ojs.dl6.globalstf.org
1745,"GUIDENA: Jurnal Ilmu Pendidikan, Psikologi, Bimbingan dan Konseling",http://fkip.ummetro.ac.id/journal/index.php/bk/oai,ojs.journal.fkip.ummetro.ac.id
1746,Guruku: Jurnal Pendidikan dan Sosial Humaniora,https://e-journal.poltek-kampar.ac.id/index.php/GURUKU/oai,ojs2.e-journal.poltek-kampar.ac.id
1747,Gusau International Journal of Management and Social Sciences,https://gijmss.com.ng/index.php/gijmss/oai,ojs2.gijmss.com.ng
1748,Gusau Journal of Accounting and Finance,https://journals.gujaf.com.ng/index.php/gujaf/oai,ojs2.journals.gujaf.com.ng
1749,GUYUB: Journal of Community Engagement,https://ejournal.unuja.ac.id/index.php/guyub/oai,oai.ejournal.unuja.ac.id
1750,GÉNEROS - Multidisciplinary Journal of Gender Studies,http://hipatiapress.com/hpjournals/index.php/generos/oai,journals.hipatiapress.com
1751,Gümüşhane University Institutional Repository,http://acikerisim.gumushane.edu.tr/oai/request,acikerisim.gumushane.edu.tr
1752,Hacettepe Üniversitesi Yayın ve Açık Erişim Sistemi,http://acikarsiv.hacettepe.edu.tr/services_oai2/,""
1753,Hacı Bayram Veli Üniversitesi Açık Erişim Sistemi,https://acikerisim.hacibayram.edu.tr/Home/Oai/,acikerisim.hacibayram.edu.tr
1754,Hakkari University Institutional Repository,http://acikerisim.hakkari.edu.tr/oai/request,acikerisim.hakkari.edu.tr
1755,HamaMed-repository,http://hikumano.hama-med.ac.jp/dspace-oai/request,""
1756,Hamburg University Press,https://hup.sub.uni-hamburg.de/oa-pub/oai,hup.sub.uni-hamburg.de
1757,"Hamburg University Press, GERMANY, OPUS",http://hup.sub.uni-hamburg.de/opus/oai2/oai2.php,hup.sub.uni-hamburg.de-press
1758,HAMUT'AY,http://revistas.uap.edu.pe/ojs/index.php/HAMUT/oai,revistas.uap.edu.pe
1759,Harakat an-Nisa: Jurnal Studi Gender dan Anak,http://e-journal.lp2m.uinjambi.ac.id/ojp/index.php/an-Nisa/oai,e-journal.lp2m.uinjambi.ac.id
1760,Harvard Dataverse OAI Archive,https://dataverse.harvard.edu/oai,""
1761,Harvard Smithsonian Digital Video Library,http://www.hsdvl.org/oai/oai2.php,""
1762,Harvard University Library Virtual Collections,http://vcoai.lib.harvard.edu/vcoai/vc,vc.harvard.edu
1763,Hatay Mustafa Kemal University Institutional Repository,http://openaccess.mku.edu.tr/oai/request,openaccess.mku.edu.tr
1764,HAU: Journal of Ethnographic Theory,http://www.haujournal.org/index.php/hau/oai,ojs.haujournal.org
1765,HAWA,http://ejournal.iainbengkulu.ac.id/index.php/hawa/oai,ojs.ejournal.iainbengkulu.ac.id
1766,Health & Medical Journal,http://jurnal.unbrah.ac.id/index.php/heme/oai,ojs.jurnal.unbrah.ac.id
1767,Health & Medical Journal,https://jurnal.unbrah.ac.id/index.php/heme/oai,ojs.jurnal.unbrah.ac.id
1768,Health and Society,https://www.periodicojs.com.br/index.php/hs/oai,ojs.pkp.sfu.ca
1769,Health Information : Jurnal Penelitian,https://myjurnal.poltekkes-kdi.ac.id/index.php/HIJP/oai,ojs2.myjurnal.poltekkes-kdi.ac.id
1770,Health Psychology Bulletin,https://www.healthpsychologybulletin.com/jms/index.php/up/oai/,ojs.www.healthpsychologybulletin.com
1771,HEALTH SCIENCES QUARTERLY,https://journals.gen.tr/index.php/jsp/oai,ojs322.journals.gen.tr
1772,"Health, Culture and Society",http://hcs.pitt.edu/ojs/index.php/hcs/oai,ojs.hcs.pitt.edu
1773,HEART,http://repository.hyogo-u.ac.jp/dspace-oai/request,""
1774,HebrewBooks.org - The Society for the Preservation of Hebrew Books,http://www.publishyoursefer.com/reprints/forlibraries/oai/oai.pl,""
1775,Hedatuz,http://hedatuz.euskomedia.org/cgi/oai2,hedatuz.euskomedia.org
1776,Heian Jogakuin(St. Agnes’) University Institutional Repository,http://st.agnes.repo.nii.ac.jp/oai,""
1777,Heighpubs,https://www.heighpubs.org/oai/oai.php,heighpubs.org
1778,"Heighten Science Publications Inc., USA",https://www.hspioa.org/oai/index,hspioa.org
1779,"Heinrich-Heine-University Duesseldorf, Germany, Online Publications",http://docserv.uni-duesseldorf.de/servlets/OAIDataProvider,docserv.uni-duesseldorf.de
1780,Helda,http://helda.helsinki.fi/oai/request,""
1781,Helmholtz Zentrum fÃ¼r Infektionsforschung Repository,http://hzi.openrepository.com/hzi-oai/request,""
1782,Helsebibliotekets Research Archive,http://hera.helsebiblioteket.no/hera/oai/request,""
1783,"Helsinki University of Technology, Finland, Document Server",http://edoc.tkk.fi/oai/oai2.php,TKKdoc.fi
1784,Helvia :: Repositorio Institucional de la Universidad de Córdoba,https://helvia.uco.es/oai/request,helvia.uco.es
1785,Hematology Reports,http://www.pagepress.org/journals/index.php/hr/oai,ojs.pagepress.org
1786,Hemeroteca Científica Catalana,http://revistes.iec.cat/revistes/index.php/index/oai,ojs.revistes.iec.cat
1787,Hemeroteca Cientí­fica Catalana,https://revistes.iec.cat/index.php/index/oai,ojs.revistes.iec.cat
1788,"Herança - Revista de História, Património e Cultura",https://revistas.ponteditora.org/index.php/heranca/oai,revistas.ponteditora.org
1789,Herbert Simon Collection; Carnegie Mellon University Archives,http://diva.library.cmu.edu/webapp/simon/oai2/OAIHandler,archive.library.cmu.edu
1790,HERMES-IR (Hitotsubashi University Repository),http://hermes-ir.lib.hit-u.ac.jp/rs-oai/request,""
1791,Higher Learning Research Communications,http://www.hlrcjournal.com/index.php/HLRC/oai,liu.journals.sfu.ca
1792,Highlights in Bioinformatics,http://highlightsin.org/index.php/bioinformatics/oai,ojs.ojs.highlightsin.org
1793,HighWire Press OAI Repository,http://open-archive.highwire.org/handler,open-archive.highwire.org
1794,HIGIENE: Jurnal Kesehatan Lingkungan,http://journal.uin-alauddin.ac.id/index.php/higiene/oai,journal.uin-alauddin.ac.id
1795,Hijai - Journal on Arabic Language and Literature,https://journal.uinsgd.ac.id/index.php/hijai/oai,ojs.journal.uinsgd.ac.id
1796,Hikmah,https://jurnalhikmah.staisumatera-medan.ac.id/index.php/hikmah/oai,ojs2.jurnalhikmah.staisumatera-medan.ac.id
1797,HIKMAH: Jurnal Ilmu Dakwah dan Komunikasi Islam,http://e-journal.perpustakaanstainpsp.net/index.php/hikmah/oai,ojs.e-journal.perpustakaanstainpsp.net
1798,Hillsdale College Digital Commons,https://digitalcommons.hillsdale.edu/do/oai/,digitalcommons.hillsdale.edu
1799,Himeji University Academic Institutional Repository,http://himeji-u.repo.nii.ac.jp/oai,""
1800,Hipogrifo,http://www.revistahipogrifo.com/index.php/hipogrifo/oai,ojs.idea.accesibilidadparatodos.com
1801,Hirosaki Regional Repository,http://hrr.ul.hirosaki-u.ac.jp/dspace-oai/request,""
1802,Hirosaki University Repository for Academic Resources,http://repository.ul.hirosaki-u.ac.jp/dspace-oai/request,""
1803,Hirosaki University Repository for Academic Resources,http://repository.ul.hirosaki-u.ac.jp:8080/dspace-oai/request,""
1804,Hiroshima University Institutional Repository,http://ir.lib.hiroshima-u.ac.jp/api/oai/request,""
1805,Hirsla,http://www.hirsla.lsh.is/lsh-oai/request,""
1806,Hispana,https://hispana.mcu.es/i18n/oai/oai_hispana.mcu.es.do,hispana.mcu.es
1807,Hispania,http://hispania.revistas.csic.es/index.php/hispania/oai,hispania.revistas.csic.es
1808,Hispania Sacra,http://hispaniasacra.revistas.csic.es/index.php/hispaniasacra/oai,hispaniasacra.revistas.csic.es
1809,Historia Agraria de América Latina,https://haal.cl/index.php/haal/oai,ojs2.haal.cl
1810,Historia Regional,https://historiaregional.org/ojs/index.php/historiaregional/oai,historiaregional.org
1811,Historical Society of Pennsylvania Catalog,https://discover.hsp.org/OAI/Server,hsp.org
1812,Historiography: Journal of Indonesian History and Education,http://journal2.um.ac.id/index.php/JDS/oai,ojs.journal2.um.ac.id
1813,History and Scholarship Digital Archives,https://archives.law.nccu.edu/do/oai/,archives.law.nccu.edu
1814,História e Cultura,http://periodicos.franca.unesp.br/index.php/historiaecultura/oai,ojs.franca.unesp.br
1815,Hochschulschriftenserver der Bergischen Universität Wuppertal,http://elpub.bib.uni-wuppertal.de/servlets/OAIDataProvider,elpub.bib.uni-wuppertal.de
1816,Hokkaido University collection of scholarly and academic papers,http://eprints.lib.hokudai.ac.jp/dspace-oai/request,""
1817,Hokkaido University Northern Studies Collection,http://hoppo.lib.hokudai.ac.jp/hoppodb/oai2.php,hoppo.lib.hokudai.ac.jp
1818,Holistic al-Hadis,https://jurnal.uinbanten.ac.id/index.php/holistic/oai,ojs2.jurnal.uinbanten.ac.id
1819,HOLISTIC ECONOMICS,https://journals.gen.tr/index.php/holistecon/oai,ojs322.journals.gen.tr
1820,HOLISTIK JURNAL KESEHATAN,http://ejurnalmalahayati.ac.id/index.php/holistik/oai,ojs.ejurnalmalahayati.ac.id
1821,Hollins Digital Commons,https://digitalcommons.hollins.edu/do/oai/,digitalcommons.hollins.edu
1822,HOLOPRAXIS,http://www.revistaholopraxis.com/index.php/ojs/oai,ojs.localhost
1823,Home,http://repositorio.pucrs.br/oai/request,""
1824,Home DSpace INRA Avignon,http://w3.avignon.inra.fr/dspace-oai/request,""
1825,HOMEROS,http://www.ratingacademy.com.tr/ojs/index.php/homeros/oai,ojs2.ratingacademy.com.tr
1826,Hong Kong Education Bibliographic Database,http://bibliography.ied.edu.hk:8080/TRSOAI/servlet/OAIDataProvider,bibliography.ied.edu.hk
1827,Hong Kong Testing Database,http://museum.ied.edu.hk/paprod/aspx/repository.aspx,""
1828,Hope's Institutional Research Archive (HIRA),http://hira.hope.ac.uk/cgi/oai2,hira.hope.ac.uk
1829,Horizon / Pleins textes - Fonds documentaire de l'IRD,http://www.documentation.ird.fr/fdi/oai.php,ird.fr
1830,Horizontes de Enfermería,https://revistasdigitales.upec.edu.ec/index.php/enfermeria/oai,revistasdigitales.upec.edu.ec
1831,Horyzonty Polityki,https://horyzonty.ignatianum.edu.pl/HP/oai,horyzonty.ignatianum.edu.pl
1832,HOSEI UNIVERSITY REPOSITORY,http://hosei.repo.nii.ac.jp/oai,""
1833,Hosei University Repository,http://repo.lib.hosei.ac.jp/dspace-oai/request,""
1834,Hospital a Domicilio,http://revistahad.eu/index.php/revistahad/oai,ojs.revistahad.eu
1835,Hospitality & Tourism Review,https://riiopenjournals.com/index.php/hospitality-tourism-review/oai,ojs2.riiopenjournals.com
1836,HOT Skills in Mathematics Education,http://econference.stkip-pgri-sumbar.ac.id/index.php/NCME/index/oai,ocs.econference.stkip-pgri-sumbar.ac.id
1837,HRČAK - Portal of scientific journals of Croatia,https://hrcak.srce.hr/oai/,hrcak.srce.hr
1838,HSJI,http://hsji.litbang.depkes.go.id/index.php/index/oai,ojs.hsji.litbang.depkes.go.id
1839,http://repo.nara-u.ac.jp,http://repo.nara-u.ac.jp/modules/xoonips/oai.php,""
1840,"Huellas. Spanish Journal on Slavery, Colonialism,  Resistances and Legacies.",https://ojs.uv.es/index.php/huellas/oai,ojs.uv.es
1841,HUJOS - Earth Science and Environment,http://joshueuni.edu.vn/index.php/HUJOS-ESE/oai,ojs.hueuni.edu.vn
1842,Humanidades Populares,http://humanidadespopulares.cl/ojs/index.php/index/oai,ojs.humanidadespopulares.cl
1843,Humanidades: revista de la Universidad de Montevideo,http://revistas.um.edu.uy/index.php/revistahumanidades/oai,ojs2.revistas.um.edu.uy
1844,Humanities & Social Sciences Reviews,http://giapjournals.com/index.php/hssr/oai,ojs.giapjournals.com
1845,Humanities & Social Sciences Reviews,http://www.giapjournals.com/index.php/hssr/oai,ojs.pkp.sfu.ca
1846,HUMANITIES AND RIGHTS | GLOBAL NETWORK JOURNAL,https://www.humanitiesandrights.com/journal/index.php/har/oai,ojs2.humanitiesandrights.com
1847,Humboldt eScholar,http://escholar.humboldt.edu:8080/dspace-oai/request,""
1848,"Humboldt University of Berlin, GERMANY, Document Server",http://edoc.hu-berlin.de/OAI-2.0,HUBerlin.de
1849,Hunafa: Jurnal Studia Islamika,http://jurnalhunafa.org/index.php/hunafa/oai,ojs.www.jurnalhunafa.org
1850,Huskie Commons,http://commons.lib.niu.edu/oai/request,commons.lib.niu.edu
1851,Hypnos. Revista do Centro de Estudos da Antiguidade. ISSN 2177-5346,http://www.hypnos.org.br/revista/index.php/index/oai,ojs.www.hypnos.org.br
1852,HZSK Repository,http://corpora.uni-hamburg.de:8080/oai/provider,corpora.uni-hamburg.de
1853,Hórus,http://www.repositorio-bc.unirio.br:8080/oai/request,www.repositorio-bc.unirio.br
1854,I VARDANDE Revista Electrónica de Semiótica y Fenomenología Jurídicas,http://i-vardande.com/index.php/vard/oai,ojs.i-vardande.com
1855,i-ETC : ISEL Academic Journal of Electronics Telecommunications and Computers,http://journals.isel.pt/index.php/i-ETC/oai,i-ETC.journals.isel.pt
1856,I2D Revista Científica ,https://revista.investigacioni2d.com/index.php/i2drevista/oai,ojs2.revista.investigacioni2d.com
1857,"I4US Innovation, Intelligence, Initiatives, Information",http://www.openarchives.es/i4us/oai.asp,i4us
1858,IACS Digital Repository,http://arxiv.iacs.res.in:8080/oai/request,""
1859,IAES Institute of Advanced Engineering and Science,http://www.iaesjournal.com/online/index.php/index/oai,ojs.iaesjournal.com
1860,IAIN Manado Repository,http://repository.iain-manado.ac.id/cgi/oai2,repository.iain-manado.ac.id
1861,"IAPS : Digital Library :
 ",http://iaps.scix.net/cgi-bin/works/OAI,IAPSDigitalLibrary.id
1862,IARS' International Research Journal,http://researth.iars.info/index.php/curie/oai,ojs.researth.iars.info
1863,Iberoamericana – Nordic Journal of Latin American and Caribbean Studies,https://www.iberoamericana.se/jms/index.php/up/oai/,www.iberoamericana.se
1864,Iberoamérica Social: Revista-red de estudios sociales.,https://iberoamericasocial.com/ojs/index.php/index/oai,ojs.iberoamericasocial.com
1865,Ibersid,http://ibersid.eu/ojs/index.php/ibesid/oai,ojs.ibersid.eu
1866,Ibersid: revista de sistemas de información y documentación,http://ibersid.eu/ojs/index.php/ibersid/oai,ojs.ibersid.eu
1867,Ibn Haldun University Academic Activity Systems,http://meeting.ihu.edu.tr/index.php/index/index/oai,ocs.conferences.ihu.edu.tr
1868,Ibrahimy Online Journals,http://ojs.pps-ibrahimy.ac.id/index.php/index/oai,ojs.localhost
1869,Ibriez : Jurnal Kependidikan Dasar Islam Berbasis Sains,https://ibriez.iainponorogo.ac.id/index.php/ibriez/oai,ojs2.ibriez.iainponorogo.ac.id
1870,IBSS Repository,http://repository.ibss.org.ua/dspace-oai/request,""
1871,IBSU Scientific Journal,http://journal.ibsu.edu.ge/index.php/ibsusj/oai,journal.ibsu.edu.ge
1872,IBU Repository,http://eprints.ibu.edu.ba/cgi/oai2,eprints.ibu.edu.ba
1873,ICI Berlin Repository,https://www.ici-berlin.org/oa/oai/,ici-berlin.org
1874,ICM - DIR - Zasoby Polskie,http://dir.icm.edu.pl/dirop/oai/index.cgi,""
1875,Iconarp International Journal of Architecture and Planning,http://iconarp.selcuk.edu.tr/iconarp/oai,iconarp.selcuk.edu.tr
1876,ICONSS Proceeding Series,https://proceeding.iconss.id/ips/oai,ojs2.proceeding.iconss.id
1877,ICPBS Digital Cllections,http://icabs.repo.nii.ac.jp/oai,""
1878,iDEA: Drexel E-repository and Archives,https://idea.library.drexel.edu/oai/request,idea.library.drexel.edu
1879,IDEALIS : InDonEsiA journaL Information System,https://jom.fti.budiluhur.ac.id/index.php/IDEALIS/oai,ojs2.jom.fti.budiluhur.ac.id
1880,IDEALS Repository ,http://ideals.uiuc.edu/dspace-oai/request,""
1881,IDEALS: Research and Scholarship of the University of Illinois at Urbana-Champaign,http://www.ideals.uiuc.edu/dspace-oai/request,""
1882,idUS. Depósito de Investigación Universidad de Sevilla,http://idus.us.es/oai/request,idus.us.es
1883,IEREK Press,http://press.ierek.com/index.php/index/oai,ojs.www.ierek.com
1884,iFutures,http://conferencepapers.shef.ac.uk/index.php/iFutures/index/oai,ocs.git
1885,Igdir Universitesi Acik Erisim Sistemi,http://acikerisim.igdir.edu.tr:8080/oai/request,""
1886,Ihya' al 'Arabiyah,http://jurnal.uinsu.ac.id/index.php/ihya/oai,jurnal.uinsu.ac.id
1887,IIAP,http://190.254.17.3/metadatos/OAIPMH,""
1888,IIEP Paris - OAI repository,http://oai.iiep.unesco.org/oai2.php,""
1889,IIOAB Letters,http://iioablett.pitt.edu/ojs/index.php/iioablett/oai,ojs.iioablett.pitt.edu
1890,IJACTA,http://www.ijacta.com/index.php/ojs/oai,ojs.ijacta.com
1891,IJCER,http://ijcer.org/index.php/ojs/oai,ojs.ijcer.org
1892,IJCIT (Indonesian Journal on Computer and Information Technology),http://ejournal.bsi.ac.id/ejurnal/index.php/ijcit/oai,ojs.ejournal.bsi.ac.id
1893,IJCIT (Indonesian Journal on Computer and Information Technology),https://ejournal.bsi.ac.id/ejurnal/index.php/ijcit/oai,ojs.ejournal.bsi.ac.id
1894,IJEE (Indonesian Journal of English Education),http://journal.uinjkt.ac.id/index.php/ijee/oai,ojs.localhost
1895,IJEP - International Journal of Educational Psychology,http://hipatiapress.com/hpjournals/index.php/ijep/oai,journals.hipatiapress.com
1896,IJFAC (Indonesian Journal of Fundamental and Applied Chemistry),https://ijfac.unsri.ac.id/index.php/ijfac/oai,ijfac.unsri.ac.id
1897,IJIS - Indonesian Journal On Information System,http://ijiswiratama.org/index.php/home/oai,ojs.ijiswiratama.org
1898,IJIS Edu : Indonesian Journal Of Integrated Science Education,http://ejournal.iainbengkulu.ac.id/index.php/ijisedu/oai,ojs.ejournal.iainbengkulu.ac.id
1899,IJITR,http://www.ijitr.com/index.php/ojs/oai,ojs.ijitr.com
1900,Ijlil,https://ijlil.iain-jember.ac.id/index.php/ijl/oai,ojs2.ijlil.iain-jember.ac.id
1901,IJMCA,http://ijmca.org/index.php/ojs/oai,ojs.ijmca.org
1902,IJORCS,http://ijorcs.org/oai/oai2.php,ijorcs.org
1903,IJPE : International Journal of Primary Education,http://www.padisda.or.id/journal/index.php/ijpe/oai,ojs.padisda.or.id
1904,IJPTM,http://ijptm.com/index.php/ijptm/oai,ojs.sil.lab
1905,IJRCCT,http://ijrcct.org/index.php/ojs/oai,ojs.ijrcct.org
1906,IJRVET Administration,http://www.ijrvet.net/index.php/index/oai,ojs.www.irjvet.net
1907,IJSEAT,http://ijseat.com/index.php/ijseat/oai,ojs.www.ijseat.com
1908,Ijtimā'iyya: Journal of Muslim Society Research,http://ejournal.iainpurwokerto.ac.id/index.php/ijtimaiyya/oai,ojs.pkp.sfu.ca
1909,Iles d imesli,http://revue.ummto.dz/index.php/idi/oai,rrst.ummto.dz
1910,IMA Kerala Medical Journal,https://www.keralamedicaljournal.com/index.php/KMJ/oai,data.keralamedicaljournal.com
1911,IMDEA Networks Institute,https://dspace.networks.imdea.org/oai/request,dspace.networks.imdea.org
1912,IMEDTECH EISSN 2580-6033,http://ejournal.citrabakti.ac.id/index.php/imedtech/oai,ojs.ejournal.citrabakti.ac.id
1913,IMHOTEP: African Journal of Pure and Applied Mathematics,http://imhotep-journal.org/index.php/imhotep/oai,ojs.imhotep.ems-cdc.org
1914,IMHOTEP: African Journal of Pure and Applied Mathematics,http://imhotep.ems-cdc.org/index.php/imhotep/oai,ojs.imhotep.ems-cdc.org
1915,IMICAMS,http://wprim.whocc.org.cn/oai/oai2,wprim.whocc.org.cn
1916,Impressions@MAHE,https://impressions.manipal.edu/do/oai/,impressions.manipal.edu
1917,In Itinere,http://revistas.ufasta.edu.ar/index.php/initinere/oai,revistas.ufasta.edu.ar
1918,In Vestigium Ire,http://revistas.ustatunja.edu.co/index.php/ivestigium/oai,revistas.ustatunja.edu.co
1919,Independent Journal of Management & Production,http://www.ijmp.jor.br/index.php/index/oai,www.ijmp.jor.br
1920,Indian Agricultural Research Journals,https://epubs.icar.org.in/index.php/index/oai,ojs3.epubs.icar.org.in
1921,Indian Journal of Child Health,http://atharvapub.net/index.php/IJCH/oai,ojs.atharvapub.net
1922,Indian Journal Of Clinical Practice,https://ojs.ijcp.in/IJCP/oai,ojs2.ojs.ijcp.in
1923,Indian Journal of Commerce and Management Studies,http://scholarshub.net/index.php/ijcms/oai,ojs.scholarshub.net
1924,Indian Journal of Community Health,http://www.iapsmupuk.org/journal/index.php/IJCH/oai,ojs.pkp.sfu.ca
1925,Indian Journal of Community Health (IAPSM UPUK),http://www.iapsmupuk.org/journal/index.php/index/oai,ojs.iapsmupuk.org
1926,Indian Journal of Pharmaceutical and Biological Research,http://ijpbr.in/index.php/IJPBR/oai,ojs2.mripub.co.in
1927,Indian Journal of Physiotherapy and Rehabilitation,http://www.ijptre.com/IJPTRE/oai,ojs.ijptre.com
1928,Indian Journal of Psychiatric Social Work,http://pswjournal.org/index.php/ijpsw/oai,ojs2.pswjournal.org
1929,Indian Journal of Tamil,https://ijot.in/index.php/tamil/oai,ojs2.ijot.in
1930,Indian Phytopathology,http://epubs.icar.org.in/ejournal/index.php/IPPJ/oai,ojs.pkp.sfu.ca
1931,Indiana University Digital Library Program,http://oai.dlib.indiana.edu/phpoai/oai2.php,oai.dlib.indiana.edu
1932,INDIGO,http://indigo.lib.uic.edu:8080/dspace-oai/request,""
1933,INDIGO Institutional Repository,http://indigo.uic.edu/dspace-oai/request,""
1934,Indo-Fintech Intellectuals: Journal of Economics and Business,https://ejournal.indo-intellectual.id/index.php/ifi/oai,ejournal.indo-intellectual.id
1935,Indonesia Berdaya,https://ukinstitute.org/journals/ib/oai,ojs.ukinstitute.org
1936,Indonesia Prime,https://indonesiaprime.or.id/index.php/id/oai,ojs2.indonesiaprime.or.id
1937,Indonesia Prime,https://indonesiaprime.id/index.php/id/oai,omp.indonesiaprime.id
1938,Indonesian Aquaculture Journal,http://ejournal-balitbang.kkp.go.id/index.php/iaj/oai,ojs.ejournal-balitbang.kkp.go.id
1939,Indonesian Cardiology Journal,http://jki.or.id/index.php/jki/oai,ojs.ojs.me
1940,Indonesian EFL Journal,http://aisee.info/index.php/IEFLJ/oai,ojs.aisee.info
1941,Indonesian Food and Nutrition Progress,http://jurnal.ugm.ac.id/ifnp/oai,jurnal.ugm.ac.id
1942,Indonesian Journal of Biotechnology,http://jurnal.ugm.ac.id/ijbiotech/oai,jurnal.ugm.ac.id
1943,Indonesian Journal of Biotechnology,http://ijbiotech.ugm.ac.id/index.php/index/oai,ojs.journal.biotech.ugm.ac.id
1944,Indonesian Journal of Cancer Chemoprevention,http://ijcc.chemoprev.org/index.php/ijcc/oai,ojs.ijcc.chemoprev.org
1945,Indonesian Journal of Cancer Chemoprevention,https://ijcc.chemoprev.org/index.php/ijcc/oai,ojs.ijcc.chemoprev.org
1946,Indonesian Journal of Early Childhood Education (IJECE),https://ejournal.iain-manado.ac.id/index.php/IJECE/oai,ojs2.ejournal.iain-manado.ac.id
1947,Indonesian Journal of Educational Counseling,http://ijec.ejournal.id/index.php/counseling/oai,ojs.ijec.ejournal.id
1948,Indonesian Journal of Educational Development,https://ojs.ikippgribali.ac.id/index.php/ijed/oai,ojs.pkp.sfu.ca
1949,Indonesian Journal of Educational Research,http://edujurnal.iainjambi.ac.id/index.php/ijer/oai,ojs.edujurnal.iainjambi.ac.id
1950,Indonesian Journal of Islamic Early Childhood Education,http://journal.pps-pgra.org/index.php/Ijiece/oai,ojs.journal.pps-pgra.org
1951,Indonesian Journal of Obstetrics and Gynecology (INAJOG),http://inajog.com/ojs/index.php/journal/oai,ojs.inajog.com
1952,Indonesian Journal of Oral and Maxillofacial Pathology,https://ispammi.org/ojs/index.php/IJOMP/oai,ojs.ispammi.org
1953,Indonesian Journal of Oral and Maxillofacial Pathology,https://cellbiopharm.com/ojs/index.php/IJOMP/oai,ojs.www.cellbiopharm.com
1954,Indonesian Journal of Pharmacy,https://jurnal.ugm.ac.id/v3/IJP/oai,jurnal.ugm.ac.id
1955,INDONESIAN JOURNAL OF PHARMACY,http://indonesianjpharm.farmasi.ugm.ac.id/index.php/3/oai,ojs.indonesianjpharm.farmasi.ugm.ac.id
1956,Indonesian Journal of Religion and Society,https://journal.lasigo.org/index.php/IJRS/oai,ojs.journals.lasigo.org
1957,Indonesian Journal of Social Science Research,https://ijssrjournal.org/index.php/ijssr/oai,ojs2.ijssrjournal.org
1958,Indonesian Journal of Tropical and Infectious Disease,http://e-journal.unair.ac.id/index.php/IJTID/oai,e-journal.unair.ac.id
1959,Indonesian Journal of Urology,http://juri.urologi.or.id/index.php/juri/oai,ojs.juri.urologi.or.id
1960,Indonesian Management and Accounting Research (IMAR),http://www.trijurnal.lemlit.trisakti.ac.id/index.php/imar/oai,ojs.www.trijurnal.lemlit.trisakti.ac.id
1961,IndraStra Global,https://ojs.indrastra.com/index.php/indrastra/oai,ojs2.ojs.indrastra.com
1962,IndraStra Global Index,http://igi.indrastra.com/oai-pmh-repository/request,igi.indrastra.com
1963,Industria: Jurnal Teknologi dan Manajemen Agroindustri,http://industria.ub.ac.id/index.php/industri/oai,industria.ub.ac.id
1964,Industry Studies Working Papers,http://isapapers.pitt.edu/cgi/oai2,isapapers.pitt.edu
1965,INFOKOM (Informatika & Komputer),https://journal.piksi.ac.id/index.php/INFOKOM/oai,ojs2.journal.piksi.ac.id
1966,InfoLib OAI-PMH Repository EDITVer4.0,http://libir.josai.ac.jp/infolib/oai_repository/repository,libir.josai.ac.jp
1967,InfoLib OAI-PMH Repository EDITVer4.0,http://dlisv03.media.osaka-cu.ac.jp/infolib/oai_repository/repository,media.osaka-cu.ac.jp
1968,Infoman's : Jurnal Ilmu-ilmu Manajemen dan Informatika,http://ejournal.stmik-sumedang.ac.id/index.php/infomans/oai,ejournal.stmik-sumedang.ac.id
1969,Infoman's : Jurnal Ilmu-ilmu Manajemen dan Informatika,https://ejournal.stmik-sumedang.ac.id/index.php/infomans/oai,ejournal.stmik-sumedang.ac.id
1970,Infomotions' Musings on Information and Librarianship,http://www.infomotions.com/musings/oai/index.pl,""
1971,Informacijos mokslai,https://www.journals.vu.lt/informacijos-mokslai/oai,ojs.www4063.vu.lt
1972,Informatics in Primary Care,http://hijournal.bcs.org/index.php/jhi/oai,ojs.hijournal.bcs.org
1973,Informatika Mulawarman : Jurnal Ilmiah Ilmu Komputer,http://e-journals.unmul.ac.id/index.php/JIM/oai,ojs.localhost
1974,Informatika Society Journals,http://isjournals.com/index.php/index/oai,ojs.isjournals.com
1975,Informatio: Journal of Library and Information Science,https://jurnal.unpad.ac.id/informatio/oai,ojs.jurnal.unpad.ic.id
1976,Information & Media,https://www.journals.vu.lt/IM/oai,ojs.www4063.vu.lt
1977,Information and Technology,http://jurnal.unma.ac.id/index.php/infotech/oai,ojs.jurnal.unma.ac.id
1978,Information System and Informatics Journal,http://systemic.uinsby.ac.id/index.php/SYSTEMIC/oai,ojs.systemic.uinsby.ac.id
1979,Informação & Tecnologia,http://periodicos.ufpb.br/ojs/index.php/itec/oai,periodicos.ufpb.br
1980,Informação em Pauta,http://periodicos.ufc.br/informacaoempauta/oai,periodicos.ufc
2350,Islamika Indonesiana,http://journal.uinsgd.ac.id/index.php/isin/oai,ojs.journal.uinsgd.ac.id
1981,Informes de la Construcción,http://informesdelaconstruccion.revistas.csic.es/index.php/informesdelaconstruccion/oai,informesdeconstruccion.revistas.csic.es
1982,Infoscience,http://infoscience.epfl.ch/oai2d/,infoscience.epfl.ch
1983,iNFOTEZY,http://www.ujk.edu.pl/infotezy/ojs/index.php/infotezy/oai,ojs.www.ujk.edu.pl
1984,Ingeniare,http://revistas.unilibre.edu.co/index.php/ingeniare/oai,revistas.unilibre.edu.co
1985,Ingenieria y Universidad,http://revistas.javeriana.edu.co/index.php/iyu/oai,ojs.www.javeriana.edu.co
1986,INGENIERÍA Y COMPETITIVIDAD,http://revistas.univalle.edu.co/index.php/ingenieria_y_competitividad/oai,ojs.revistas.univalle.edu.co
1987,Ingeniería Hidráulica y Ambiental,https://riha.cujae.edu.cu/index.php/riha/oai,riha.cujae.edu.cu
1988,"Ingeniería, desarrollo e innovación",https://revistas.ul.edu.co/index.php/RIDEI/oai,ojs2.revistas.ul.edu.co
1989,Ingenio Magno,http://revistas.ustatunja.edu.co/index.php/ingeniomagno/oai,revistas.ustatunja.edu.co
1990,Ingenium,http://revistas.usc.edu.co/index.php/Ingenium/oai,ojs.revistas.usc.edu.co
1991,INGENIUM,http://revistas.usbbog.edu.co/index.php/ingenium/oai,revistas.usbbog.edu.co
1992,Iniciacom - Revista Brasileira de Iniciação Científica em Comunicação,http://revcom2.portcom.intercom.org.br/index.php/iniciacom/oai,ojs.portcom.intercom.org.br
1993,Inkunabula: Journal of Library Science and Islamic Information,https://jurnal.uindatokarama.ac.id/index.php/inkunabula/oai,ojs.pkp.sfu.ca
1994,Innovación Estética,https://innovacionestetica.indecsar.org/revista/index.php/innest/oai,ojs2.innovacionestetica.indecsar.org
1995,Innovación y Software,https://revistas.ulasalle.edu.pe/innosoft/oai,ojs.revistas.ulasalle.edu.pe
1996,Innovare Journal of Agricultural Science,http://innovareacademics.in/journals/index.php/ijags/oai,ojs.journals.innovareacademics.in
1997,Innovare Journal of Ayurvedic Science,http://innovareacademics.in/journals/index.php/ijas/oai,ojs.journals.innovareacademics.in
1998,Innovare Journal of Business Management,http://innovareacademics.in/journals/index.php/ijbm/oai,ojs.journals.innovareacademics.in
1999,Innovare Journal of Education,http://innovareacademics.in/journals/index.php/ijoe/oai,ojs.innovareacademics.in
2000,Innovare Journal of Engineering & Technology,http://innovareacademics.in/journals/index.php/ijet/oai,ojs.innovareacademics.in
2001,Innovare Journal of Health Science,http://innovareacademics.in/journals/index.php/ijhs/oai,ojs.innovareacademics.in
2002,Innovare Journal of Life Science,http://innovareacademics.in/journals/index.php/ijls/oai,ojs.journals.innovareacademics.in
2003,Innovare Journal of Medical Science,http://innovareacademics.in/journals/index.php/ijms/oai,ojs.journals.innovareacademics.in
2004,Innovare Journal of Science,http://innovareacademics.in/journals/index.php/ijs/oai,ojs.journals.innovareacademics.in
2005,Innovare Journal of Social Science,http://innovareacademics.in/journals/index.php/ijss/oai,ojs.innovareacademics.in
2006,INNOVATIO: Journal for Religious Innovation Studies,https://innovatio.pasca.uinjambi.ac.id/index.php/INNOVATIO/oai,ojs2.innovatio.pasca.uinjambi.ac.id
2007,Inovasi Kurikulum,https://ejournal.upi.edu/index.php/JIK/oai,ojs.ejournal.upi.edu
2008,Inovcom - Revista Brasileira de Inovação Científica em Comunicação,http://revcom2.portcom.intercom.org.br/index.php/inovcom/oai,ojs.portcom.intercom.org.br
2009,INSA de Lyon - DOC'INSA - CITHER,http://docinsa.insa-lyon.fr/oai/oai2.php,""
2010,INSAN Jurnal Psikologi dan Kesehatan Mental,http://e-journal.unair.ac.id/index.php/JPKM/oai,e-journal.unair.ac.id
2011,INSAN Jurnal Psikologi dan Kesehatan Mental,https://e-journal.unair.ac.id/JPKM/oai,e-journal.unair.ac.id
2012,Insaniyat: Journal of Islam and Humanities,http://journal.uinjkt.ac.id/index.php/insaniyat/oai,ojs.localhost
2013,"INSCIENTECH: Journal of Industrial, Science and Technology",http://inscientech.org/index.php/ins/oai,ojs2.inscientech.org
2014,Insight Management Journal,https://journals.insightpub.org/index.php/imj/oai,ojs2.journals.insightpub.org
2015,Insights,https://insights.uksg.org/jms/index.php/up/oai/,ojs.insights.uksg.org
2016,Insigth : Jurnal Pemikiran dan Penelitian Psikologi,http://jurnal.unmuhjember.ac.id/index.php/INSIGHT/oai,ojs.localhost
2017,INSODED Journal (International Social and Education Journal),http://ejournal.unulampung.ac.id/index.php/insoded/oai,ojs2.ejournal.unulampung.ac.id
2018,InSPIRe @ Redlands,https://inspire.redlands.edu/do/oai/,inspire.redlands.edu
2019,INSPIREE: Indonesian Sport Innovation Review,https://inspiree.review/index.php/inspiree/oai,ojs2.inspiree.review
2020,Institut d'Etudes Politiques de Lyon (France),http://doc-iep.univ-lyon2.fr/Oai/oai2.php,doc-iep.univ-lyon2.fr
2021,Institute of Philosophy,http://philosophy.tsu.ge/index.php/index/oai,ojs.philosophy.tsu.ge
2022,Institute of Research Advances,http://research-advances.org/index.php/index/oai,ojs.research-advances.org
2023,Institute of Technologists Repository,http://iot.repo.nii.ac.jp/oai,""
2024,Institute Repository at the National Graduate Institute for Policy Studies,http://grips.repo.nii.ac.jp/oai,""
2025,Institutional Knowledge at Singapore Management University,https://ink.library.smu.edu.sg/do/oai/,ink.library.smu.edu.sg
2026,Institutional Repository  @  University of Zimbabwe,http://ir.uz.ac.zw/oai/request,""
2027,Institutional Repository  at  University of Zimbabwe,http://ir.uz.ac.zw:8080/oai/request,""
2028,Institutional Repository of the Belgian Nuclear Research Centre (SCK-CEN),http://publications.sckcen.be/dspace-oai/request,""
2029,Institutional Repository UIN Syarif Hidayatullah Jakarta,http://repository.uinjkt.ac.id/oai/request,repository.uinjkt.ac.id
2030,Institutional Repository Unika Widya Karya Malang,http://repository.ukwk.ac.id/oai/request,repository.ukwk.ac.id
2031,Institutional Repository | Satya Wacana Christian University,http://repository.uksw.edu/oai/request,repository.uksw.edu
2032,Institutionelles Repositorium der Leibniz Universität Hannover,http://www.repo.uni-hannover.de/oai/request,www.repo.uni-hannover.de
2033,IntechOpen,http://mts.intechopen.com/oai/index.php,""
2034,Integración y Conocimiento,https://revistas.unc.edu.ar/index.php/integracionyconocimiento/oai,www.revistas.unc.edu.ar
2035,Integrated Journal for Research in Arts and Humanities,https://www.ijrah.com/index.php/ijrah/oai,ojs2.www.ijrah.com
2351,Islamology,http://islamology.in/journal/oai,ojs.islamology.in
2036,Integrated Journal of Business and Economics,http://ojs.ijbe-research.com/index.php/IJBE/oai,ojs.ojs.ijbe-research.com
2037,Integration: Journal Of Social Sciences And Culture,https://acityajournal.com/index.php/ijssc/oai,ojs2.acityajournal.com
2038,Integrative BioMedicine,http://ibm.kpfu.ru/index.php/ibm/oai,ojs.ibm.kpfu.ru
2039,Integrative dentistry and maxillofacial surgery,https://journals.scinnovations.uz/index.php/idmfs/oai,ojs2.journals.scinnovations.uz
2040,Inter Faculty,https://journal.hass.tsukuba.ac.jp/interfaculty/oai,ojs.hass.tsukuba.ac.jp
2041,Inter-American Development Bank Repository,http://repository.iadb.org/oai/request,""
2042,Interactive plus - Scientific Cooperation Center,https://interactive-plus.ru/oai,interactive-plus.ru
2043,Intercom - Revista Brasileira de Ciências da Comunicação,http://revcom2.portcom.intercom.org.br/index.php/rbcc/oai,ojs.portcom.intercom.org.br
2044,Interdental: Jurnal Kedokteran Gigi,https://e-journal.unmas.ac.id/index.php/interdental/oai,ojs2.e-journal.unmas.ac.id
2045,Interfaces numériques,https://www.unilim.fr/interfaces-numeriques/oai.php,asl.unilim.fr
2046,Intermestic: Journal of International Studies,http://intermesticjournal.fisip.unpad.ac.id/index.php/intermestic/oai,ojs.intermesticjournal.fisip.unpad.ac.id
2047,Internacional Multidisciplinary Journal of the Brazil ,https://imjbr.arcaeducacional.ga/index.php/imjbr/oai,ojs2.imjbr.com.br
2048,Internal Medicine and Medical Investigation Journal,http://imminv.com/index.php/imminv/oai,imminv.com
2049,International Annals of Science,https://journals.aijr.in/index.php/ias/oai,article.journals.aijr.in
2050,International Annals of Science,https://journals.aijr.org/index.php/ias/oai,ojs2.journals.aijr.org
2051,International Archives of Medicine,http://imedicalsociety.org/ojs/index.php/iam/oai,www.imedicalsociety.org
2052,International Association for People-Environment Studies,http://iaps.architexturez.net/oai-pmh,""
2053,International Business & Economics Research Journal (IBER),https://www.cluteinstitute.com/ojs/index.php/IBER/oai,ojs.localhost
2054,International Cardiovascular Forum Journal,http://icfjournal.org/index.php/icfj/oai,icfj.journals.sfu.ca
2055,International Conference on Education,http://pasca.um.ac.id/conferences/index.php/ice/oai,ojs.pasca.um.ac.id
2056,International Conference on Elementary Education,http://proceedings.upi.edu/index.php/icee/oai,ojs.proceedings.upi.edu
2057,International Energy Journal,http://www.rericjournal.ait.ac.th/index.php/reric/oai,ojs.www.rericjournal.ait.ac.th
2058,International Fellowship Journal of Interdisciplinary Research,https://ifjir.com/ifjir/oai,ojs.pkp.sfu.ca
2059,International Free and Open Source Software Law Review,http://www.ifosslr.org/index.php/ifosslr/oai,ifosslr.org
2060,International Healthcare Research Journal,http://ihrjournal.com/index.php/ihrj/oai,ojs2.ihrjournal.com
2061,International Healthcare Research Journal,http://www.ihrjournal.com/index.php/ihrj/oai,ojs2.ihrjournal.com
2062,International Healthcare Research Journal,https://ihrjournal.com/ihrj/oai,ojs2.ihrjournal.com
2063,International Healthcare Research Journal,https://ihrjournal.com/index.php/ihrj/oai,ojs2.ihrjournal.com
2064,International Journal for Computational Biology (IJCB),http://ijcb.in/ijcb/v1/index.php/index/oai,ojs.ijcb.in
2065,International Journal for Crime and Justice,http://www.crimejusticejournal.com/intjcj/oai,www.crimejusticejournal.com
2066,International Journal for Global Academic & Scientific Research,https://journals.icapsr.com/index.php/ijgasr/oai,ojs2.journals.icapsr.com
2067,International Journal for Research in Applied Sciences and Biotechnology,https://www.ijrasb.com/ojs/index.php/ojs-ijrasb/oai,ojs2.www.ijrasb.com
2068,International Journal for Research in Vocational Education and Training,https://journals.sub.uni-hamburg.de/hup2/ijrvet/oai,hup2.journals.sub.uni-hamburg.de
2069,International Journal for Research in Vocational Education and Training,http://www.ijrvet.net/index.php/IJRVET/oai,ojs.www.ijrvet.net
2070,International Journal for Research in Vocational Education and Training,http://134.102.80.111/index.php/IJRVET/oai,ojs.www.irjvet.net
2071,"International Journal in Information Technology in Governance, Education and Business",http://ijitgeb.org/ijitgeb/oai,ojs3.ijitgeb.org
2072,International Journal Of  Health Care And Nursing,https://journals.icapsr.com/index.php/ijhcn/oai,ojs2.journals.icapsr.com
2073,International Journal of  Human Capital Management (IJHCM),http://ijhcm.com/index.php/journal/oai,ojs.ijhcm.com
2074,International Journal of Academic Research in Management and Business,http://journals.editions-academiques.com/index.php/IJARMB/oai,ojs.editions-academiques.com
2075,International Journal of Accounting and Economics Studies,http://www.sciencepubco.com/index.php/IJAES/oai,ojs.pkp.sfu.ca
2076,"International Journal of Accounting, Finance, Auditing, Management and Economics",http://www.ijafame.org/index.php/ijafame/oai,ojs2.www.ijafame.org
2077,"International Journal of Accounting, Finance, Auditing, Management and Economics",https://www.ijafame.org/index.php/ijafame/oai,ojs2.www.ijafame.org
2078,International Journal of Advanced Astronomy,http://www.sciencepubco.com/index.php/IJAA/oai,ojs.pkp.sfu.ca
2079,International Journal of Advanced Chemistry,http://www.sciencepubco.com/index.php/IJAC/oai,ojs.pkp.sfu.ca
2080,International Journal of Advanced Computer Technology,http://ijact.org/index.php/ijact/oai,ojs2.ijact.org
2081,International Journal of Advanced Electronics and Communication Systems,http://techniche-edu.in/journals/index.php/ijaecs/oai,ojs.www.techniche-edu.in
2082,International Journal of Advanced Geosciences,http://www.sciencepubco.com/index.php/IJAG/oai,ojs.pkp.sfu.ca
2083,International Journal of Advanced Mathematical Sciences,http://www.sciencepubco.com/index.php/IJAMS/oai,ojs.pkp.sfu.ca
2084,International Journal of Advanced Multidisciplinary Research and Review,http://ijamrr.com/ojs-2.3.8/index.php/index/oai,ojs.ijamrr.com
2085,International Journal of Advanced Nursing Studies,http://www.sciencepubco.com/index.php/IJANS/oai,ojs.pkp.sfu.ca
2086,International Journal of Advanced Research in Computer Science,http://www.ijarcs.info/index.php/Ijarcs/oai,ojs.ijarcs.in
2087,International Journal of Advanced Research in Engineering (ISSN Online: 2412-4362),http://researchplusjournals.com/index.php/IJARE/oai,ojs.researchplusjournals.com
2352,ISLAS,https://islas.uclv.edu.cu/index.php/islas/oai,ojs2.islas.uclv.edu.cu
2088,International Journal of Advanced Statistics and Probability,http://www.sciencepubco.com/index.php/IJASP/oai,ojs.pkp.sfu.ca
2089,INTERNATIONAL JOURNAL OF ADVANCEMENT IN   EARTH AND ENVIRONMENTAL SCIENCES,http://www.irosss.org/ojs/index.php/IJAEES/oai,ojs.irosss.org
2090,"INTERNATIONAL JOURNAL OF ADVANCEMENT IN REMOTE SENSING, GIS AND GEOGRAPHY",http://www.irosss.org/ojs/index.php/IJARSGG/oai,ojs.irosss.org
2091,International Journal of Advances in Engineering Sciences,http://www.rgjournals.com/index.php/ijse/oai,rgjournals.com
2092,International Journal of Advances in Medical Biotechnology - IJAMB,http://journalamb.com/index.php/jamb/oai,ojs.journalamb.com
2093,International Journal of Advances in Medicine,https://www.ijmedicine.com/index.php/ijam/oai,ojs.ijmedicine.com
2094,International Journal of Advances in Pharmaceutical Analysis,https://ssjournals.com/index.php/ijapa/oai,ojs.pkp.sfu.ca
2095,International Journal of Advances in Pharmaceutics,https://ssjournals.com/index.php/ijap/oai,ojs.pkp.sfu.ca
2096,International Journal of Advances in Psychology Research,https://ssjournals.com/index.php/ijapr/oai,ojs.pkp.sfu.ca
2097,International Journal of Advances in Scientific Research,https://ssjournals.com/index.php/ijasr/oai,ojs.pkp.sfu.ca
2098,International Journal of Advances in Scientific Research,http://ssjournals.com/index.php/ijasr/oai,ojs.ssjournals.com
2099,INTERNATIONAL JOURNAL OF ADVANCES IN SIGNAL AND IMAGE SCIENCES,https://xlescience.org/index.php/IJASIS/oai,ojs.xlescience.org
2100,International Journal of Aging Research,https://escipub.org/index.php/IJOAR/oai,ojs2.escipub.org
2101,International Journal of Agricultural and Life Sciences,https://skyfox.co/ijals/index.php/als/oai,ojs2.skyfox.co
2102,International Journal of Agricultural and Life sciences,https://skyfox.co/ojs/index.php/IJALS/oai,ojs2.skyfox.co
2103,International Journal of Alternative Fuels and Energy,https://journals.psmpublishers.org/index.php/ijafe/oai,ojs2.journals.psmpublishers.org
2104,International Journal of Applied Arts Studies (IJAPAS),http://ijapas.org/index.php/ijapas/oai,ojs.www.ijapas.org
2105,International Journal of Applied Mathematical Research,http://www.sciencepubco.com/index.php/ijamr/oai,ojs.pkp.sfu.ca
2106,International Journal of Applied Mathematics and Computation,http://ijamc.psit.in/ijamc/index.php/ijamc/oai,oai.ijamc.psit.in
2107,International Journal of Applied Pharmaceutical Sciences and Research,http://www.sierrajournals.com/direct/index.php/IJAPSR/oai,ojs.www.sierrajournals.com
2108,International Journal of Applied Sciences: Current and Future Research Trends ,https://ijascfrtjournal.isrra.org/index.php/Applied_Sciences_Journal/oai,ojs2.ijsscfrt.isrra.org
2109,International Journal of Aquatic Biology,http://ij-aquaticbiology.com/index.php/ijab/oai,ojs.ij-aquaticbiology.com
2110,International Journal of Artificial Intelligence,https://lamintang.org/journal/index.php/ijai/oai,ojs2.lamintang.org
2111,International Journal of artificial intelligence research,http://ijair.id/index.php/ijair/oai,ojs.ijair.id
2112,"INTERNATIONAL JOURNAL OF ARTS, HUMANITIES, LITERATURE AND SCIENCE",http://ijahls.com/ojs/index.php/ijahls_publications/oai,ojs.ijahls.com
2113,International Journal of Asian Education,https://ijae.journal-asia.education/index.php/data/oai,ojs2.ijae.journal-asia.education
2114,International Journal of Ayurvedic Medicine,http://ijam.co.in/index.php/index/oai,ojs.ijam.co.in
2115,International Journal of Basic & Clinical Pharmacology,https://www.ijbcp.com/index.php/ijbcp/oai,ojs.ijbcp.com
2116,International Journal of Basic and Applied Sciences,http://www.sciencepubco.com/index.php/ijbas/oai,ojs.pkp.sfu.ca
2117,International Journal of Biological Research,http://www.sciencepubco.com/index.php/IJBR/oai,ojs.pkp.sfu.ca
2118,International Journal of Biomedical and Advance Research,https://ssjournals.com/index.php/ijbar/oai,ojs.pkp.sfu.ca
2119,International Journal of Biomedical Research,https://ssjournals.com/index.php/ijbr/oai,ojs.pkp.sfu.ca
2120,International Journal of Biotechnology for Wellness Industries,https://lifescienceglobal.com/pms/index.php/ijbwi/oai,pms.lifescienceglobal.com
2121,International Journal of Business Administration and Management Research(ISSN Online: 2412-4346),http://researchplusjournals.com/index.php/IJBAMR/oai,ojs.researchplusjournals.com
2122,International Journal of Business and Social Science Research,https://ijbssrnet.com/index.php/ijbssr/oai,ojs2.ijbssrnet.com
2123,International Journal of Business Ecosystem & Strategy (2687-2293),http://bussecon.com/ojs/index.php/ijbes/oai,ojs2019.bussecon.com
2124,International Journal of Business Studies,https://brjournals.comsresearch.com/index.php/ijbs/oai,ojs2.brjournals.comsresearch.com
2125,"International Journal of Business, Law, and Education",https://ijble.com/index.php/journal/oai,ojs2.ijble.com
2126,International Journal of Cancer Therapy and Oncology,http://www.ijcto.org/index.php/IJCTO/oai,ojs.ijcto.org
2127,International Journal of Cell & Molecular Biology,http://www.arjournals.org/index.php/ijcmb/oai,ojs.localhost
2128,International Journal of Clinical and Biomedical Research,https://ijcbr.com/index.php/ijcbr/oai,ojs2.ijcbr.com
2129,International Journal of Clinical and Biomedical Research,https://ijcbrjournal.biomedhub.info/index.php/ijcbr/oai,ojs2.ijcbrjournal.biomedhub.info
2130,International Journal of Clinical and Biomedical Research,https://sumathipublications.com/index.php/ijcbr/oai,ojs2.sumathipublications.com
2131,International Journal of Clinical and Biomedical Research,https://www.archives.sp.oajour.info/index.php/ijcbr/oai,ojs2.www.archives.sp.oajour.info
2132,International Journal of Clinical and Biomedical Research,https://www.ijcbr.com/index.php/ijcbr/oai,ojs2.www.ijcbr.com
2133,International Journal of Clinical and Biomedical Research,https://www.sumathipublications.com/index.php/ijcbr/oai,ojs2.www.sumathipublications.com
2134,International Journal of Clinical Trials,https://www.ijclinicaltrials.com/index.php/ijct/oai,ojs.ijclinicaltrials.com
2135,International Journal of Commerce and Finance,http://ijcf.ticaret.edu.tr/index.php/index/oai,ojs.ijcf.ticaret.edu.tr
2136,International Journal Of Community Medicine And Public Health,https://www.ijcmph.com/index.php/ijcmph/oai,ojs.ijcmph.com
2137,International Journal of Community Science and Technology,http://jjss.co.in/ij/index.php/index/oai,ojs.jjss.co.in
2138,International Journal of Computational and Electronics Aspects in Engineering,https://www.rame.org.in/rameojs/index.php/ijceae/oai,ojs2.www.rame.org.in
2139,International Journal of Computer (IJC),http://ijcjournal.org/index.php/InternationalJournalOfComputer/oai,ojs.ijcjournal.org
2140,International Journal of Computer (IJC),https://ijcjournal.org/index.php/InternationalJournalOfComputer/oai,ojs.ijcjournal.org
2141,International Journal of Computer and Information Technology(2279-0764),https://www.ijcit.com/ijcit/oai,ojs2.ijcit.com
2142,International Journal of Computer and Information Technology(2279-0764),https://www.ijcit.com/index.php/ijcit/oai,ojs2.ijcit.com
2143,International Journal of Computer Communications and Networks (IJCCN),http://iartc.net/index.php/Networks/oai,ojs.iartc.net
2144,International Journal of Computer Science: Theory and Application,http://www.orb-academic.org/index.php/journal-of-computer-science/oai,ojs.localhost
2145,International Journal of Contemporary Dentistry,http://edentj.com/index.php/ijcd/oai,ojs.edentj.com
2146,International Journal of Contemporary Economics and Administrative Sciences,http://www.ijceas.com/index.php/ijceas/oai,ojs.www.ijceas.com
2147,International Journal of Contemporary Pediatrics,https://www.ijpediatrics.com/index.php/ijcp/oai,ojs.ijpediatrics.com
2148,INTERNATIONAL JOURNAL OF CURRENT RESEARCH AND INNOVATIONS IN PHARMA SCIENCES,https://ijcrips.com/index.php/files/oai,ojs2.ijcrips.com
2149,International Journal of Current Research in Physiology and Pharmacology (IJCRPP),https://ijcrpp.com/index.php/ijcrpp/oai,ojs2.ijcrpp.com
2150,International Journal of Current Research in Physiology and Pharmacology (IJCRPP),https://sumathipublications.com/index.php/ijcrpp/oai,ojs2.sumathipublications.com
2151,International Journal of Current Research in Physiology and Pharmacology (IJCRPP),https://www.archives.sp.oajour.info/index.php/ijcrpp/oai,ojs2.www.archives.sp.oajour.info
2152,International Journal of Cyber Forensics and Advanced Threat Investigations,https://conceptechint.conceptechint.net/index.php/CFATI/oai,conceptechint.conceptechint.net
2153,International Journal of Cyber Forensics and Advanced Threat Investigations,https://conceptechint.net/index.php/CFATI/oai,conceptechint.conceptechint.net
2154,International Journal of Decision Sciences & Applications (2528-956X),https://www.ssbfnet.com/ojs/index.php/ijdsa/oai,ojs2.www.ssbfnet.com
2155,International Journal of Dental Biomaterials Research ,https://ijdbr.com/index.php/ijdbr/oai,ojs-ijdbr.com
2156,International Journal of Dental Research,http://www.sciencepubco.com/index.php/IJDR/oai,ojs.pkp.sfu.ca
2157,International Journal of Developmental and Educational Psychology. Revista INFAD de Psicología.,http://www.infad.eu/RevistaINFAD/OJS/index.php/IJODAEP/oai,ojs.www.infad.eu
2158,International Journal of Driving Science,https://www.ijds.eu/jms/index.php/up/oai/,ojs.www.ijds.eu
2159,International Journal of Drug Delivery,http://www.arjournals.org/index.php/ijdd/oai,ojs.localhost
2160,International Journal of Economic Practices and Theories,http://www.ijept.org/index.php/ijept/oai,ojs.www.ijept.org
2161,International Journal of Economic Studies and Management (IJESM),https://woasjournals.com/index.php/ijesm/oai,ojs2.www.woasjournals.com
2162,International Journal of Economics and Innovative Technologies,https://iqtisodiyot.tsue.uz/journal/index.php/iit/oai,ojs2.iqtisodiyot.tsue.uz
2163,"International Journal of Education, Language, Literature, Arts, Culture, and Social Humanities",https://pbsi-upr.id/index.php/ijellacush/oai,ojs2.pbsi-upr.id
2164,"International Journal of Education, Science, Technology, and Engineering",https://lamintang.org/journal/index.php/ijeste/oai,ojs2.lamintang.org
2165,International Journal of Educational Leadership and Management,http://hipatiapress.com/hpjournals/index.php/ijelm/oai,ojs.hipatiapress.com
2166,International Journal of Electronics and Telecommunications,http://ijet.pl/index.php/ijet/oai,ojs.ijet.ise.pw.edu.pl
2167,International Journal Of Emerging Technology and Computer Science,http://aspirepublishers.com/index.php/ijetcs/oai,ojs.aspirepublishers.com
2168,International Journal of Energetica,https://www.ijeca.info/index.php/IJECA/oai,ojs.ijeca.info
2169,International Journal of Engineering & Technology,http://www.sciencepubco.com/index.php/ijet/oai,ojs.pkp.sfu.ca
2170,International Journal of Engineering and Applied Physics,https://ijeap.org/ijeap/oai,ojs3.ijeap.org
2171,International Journal of Engineering and Management Research,https://ijemr.vandanapublications.com/index.php/ijemr/oai,oai.ijemr.vandanapublications.com
2172,International Journal of Engineering and Technology Innovation,https://ojs.imeti.org/index.php/IJETI/oai,ojs.imeti.org
2173,International Journal of Engineering and Technology Research,http://www.akamaiuniversity.us/journal/index.php/IJET/oai,ojs.www.akamaiuniversity.us
2174,International Journal of Engineering Education,https://ejournal2.undip.ac.id/index.php/ijee/oai,ojs.ejournal2.undip.ac.id
2175,International Journal of Engineering Science Technologies,https://www.granthaalayahpublication.org/ojs-sys/ijoest/oai,ijoest.www.granthaalayahpublication.org
2176,International Journal of Engineering Technologies and Management Research,https://www.granthaalayahpublication.org/ijetmr-ojms/ijetmr/oai,ijetmr.www.granthaalayahpublication.org
2177,"International Journal of Engineering, Information  Science and Applied Sciences (IJEIS-AS)",http://journal.stkipsingkawang.ac.id/index.php/IJEIS-AS/oai,ojs.journal.stkipsingkawang.ac.id
2178,International Journal of English and Comparative Literary Studies ,https://bcsdjournals.com/index.php/ijecls/oai,ojs2.bcsdjournals.com
2179,International Journal of English Education,http://ejournal.unuja.ac.id/index.php/english-education/oai,ojs.localhost
2180,"International Journal of Environment, Engineering & Education",http://ijeedu.com/ijeedu/oai,ijeedu.com
2181,International Journal of Environmental  Science & Sustainable Development.,http://ierek.com/press/index.php/ESSD/oai,ojs.www.ierek.com
2182,International Journal of Environmental  Science & Sustainable Development.,http://press.ierek.com/index.php/ESSD/oai,ojs.www.ierek.com
2183,"International Journal of Environmental, Sustainability, and Social Science",https://journal.keberlanjutan.co.id/index.php/ijesss/oai,ojs2.journal.keberlanjutan.co.id
2184,International Journal of Experiential Learning & Case Studies,http://journals.iobmresearch.com/index.php/JELCS/oai,ojs.www.journals.iobmresearch.com
2185,International Journal of Experiential Learning & Case Studies,http://www.journals.iobmresearch.com/index.php/JELCS/oai,ojs.www.journals.iobmresearch.com
2186,International Journal of Farm Sciences,http://www.inflibnet.ac.in/ojs/index.php/IJFS/oai,ojs.www.inflibnet.ac.in
2187,International Journal of Finance & Banking Studies (ISSN: 2147- 4486),http://www.ssbfnet.com/ojs/index.php/ijfbs/oai,ojs.www.ssbfnet.com
2188,International Journal of Fiqh and Usul al-Fiqh Studies (IJFUS),http://journals.iium.edu.my/al-fiqh/index.php/al-fiqh/oai,ojs.pkp.sfu.ca
2189,International Journal of Forensic Medical Investigation,http://ijfmi.com/index.php/home/oai,ojs.ijfmi.com
2190,"International Journal of Forest, Soil and Erosion (IJFSE)",http://www.ijfse.com/index.php/IJFSE/oai,ojs.www.ijfse.com
2191,International Journal of Formal Sciences: Current and Future Research Trends,https://ijfscfrtjournal.isrra.org/index.php/Formal_Sciences_Journal/oai,ojs2.ijsscfrt.isrra.org
2192,International Journal of Health,http://www.sciencepubco.com/index.php/IJH/oai,ojs.pkp.sfu.ca
2193,International Journal of Health and Biological Sciences,https://www.ijhbs.com/index.php/ijhbs/oai,ojs2.www.ijhbs.com
2194,International Journal of Health and Clinical Research,https://ijhcr.com/index.php/ijhcr/oai,ojs2.ijhcr.com
2195,International Journal of Health and Clinical Research,https://www.ijhcr.com/index.php/ijhcr/oai,ojs2.ijhcr.com
2196,International Journal of Health and Medicine (ISSN Online: 2518-0630),http://researchplusjournals.com/index.php/IJHM/oai,ojs.researchplusjournals.com
2197,International journal of health sciences,https://sciencescholar.us/journal/index.php/ijhs/oai,ojs.sciencescholar.us
2198,International Journal of Health Studies,http://ijhs.shmu.ac.ir/index.php/ijhs/oai,ojs.ijhs.shmu.ac.ir
2199,INTERNATIONAL JOURNAL OF HUMANITIES AND ART RESEARCHES,https://ijhar.net/oai/view,""
2200,International Journal of Humanities and Social Sciences Review (IJHSSR) ISSN 2582-9106 ,https://ijhssr.com/index.php/ijhssr/oai,ojs2.ijhssr.com
2201,"International Journal of Humanities, Management and Social Science",https://lamintang.org/journal/index.php/ij-humass/oai,ojs2.lamintang.org
2202,International Journal of Indonesian Sport Sciences (IJISS),http://ijis.co/index.php/ijis/oai,ojs.ijis.co
2203,"International Journal of Information, Communication Technology and Applications",http://www.ijicta.org/index.php/ijicta/oai,ojs.www.ijicta.org
2204,International Journal of Innovation in Engineering,https://ijie.ir/index.php/ijie/oai,ojs2.ijie.ir
2205,"International Journal of Innovation in Management, Economics and Social Sciences",https://ijimes.ir/index.php/ijimes/oai,ojs2.ijimes.ir
2206,International journal of Innovation in Marketing Elements,https://ijime.ir/index.php/ijime/oai,ojs2.ijime.ir
2207,International Journal of Integrated Care,https://www.ijic.org/jms/index.php/up/oai/,ojs.www.ijic.org
2208,International Journal of Interactive Multimedia and Artificial Intelligence,http://www.ijimai.org/journal/oai/provider,""
2209,INTERNATIONAL JOURNAL OF LANGUAGE AND AWARENESS  ,https://journals.gen.tr/index.php/ijla/oai,ojs322.journals.gen.tr
2210,International Journal of Language Education,http://ojs.unm.ac.id/index.php/ijole/oai,ojs.unm.ac.id
2211,International Journal of Language Teaching and Education,https://online-journal.unja.ac.id/IJoLTE/oai,ojs.pkp.sfu.ca
2212,International Journal of Librarianship,http://ojs.calaijol.org/index.php/ijol/oai,ojs.calaijol.org
2213,"International Journal of Linguistics, Literature and Culture",http://ijcu.us/online/journal/index.php/ijllc/oai,ojs.ijcu.us
2214,"International journal of linguistics, literature and culture",https://sloap.org/journals/index.php/ijllc/oai,sloap.org
2215,International Journal of Machine Learning and Networked Collaborative Engineering,http://www.mlnce.net/index.php/Home/oai,ojs2.fpr.org.in
2216,International Journal of Management & Entrepreneurship Research,http://fepbl.com/index.php/ijmer/oai,ojs.www.fepbl.com
2217,International Journal of Management & Information Systems (IJMIS),https://www.cluteinstitute.com/ojs/index.php/IJMIS/oai,ojs.localhost
2218,International Journal of Management and Scientific Research,http://www.ijmasr.com/index.php/IJMASR/oai,ojs.localhost
2219,International Journal of Management Excellence,http://www.ijmeonline.com/index.php/ijme/oai,ijme.tmresearch.ca
2220,International Journal of Management Research and Economics,https://jurnal.itbsemarang.ac.id/index.php/Ijmre/oai,ojs2.jurnal.itbsemarang.ac.id
2221,International Journal of Mathematics and Soft Computing,http://ijmsc.com/index.php/ijmsc/oai,ojs.www.ijsmc.com
2222,INTERNATIONAL JOURNAL OF MEDICAL AND ALLIED SPECIALTIES (IJMAAS),http://www.ijmaas.com/index.php/IJMAAS/oai,ojs.ijmaas.com
2223,International Journal of Medical Research and Review,https://ijmrr.medresearch.in/index.php/ijmrr/oai,oai.ijmrr.medresearch.in
2224,International Journal of Medical Sciences and Pharma Research,https://www.ijmspr.com/index.php/journal/oai,ojs2.ijmspr.com
2225,International Journal of Medicine,http://www.sciencepubco.com/index.php/IJM/oai,ojs.pkp.sfu.ca
2226,International Journal of Methodology,https://journals.aijr.org/index.php/ijm/oai,ojs2.journals.aijr.org
2227,International Journal of Modern Developments in Engineering and Science,https://journal.ijmdes.com/ijmdes/oai,ojs2.journal.ijmdes.com
2228,International Journal of Molecular Microbiology,https://journals.psmpublishers.org/index.php/ijmm/oai,ojs2.journals.psmpublishers.org
2229,International Journal of Multicultural and Multireligious Understanding,http://ijmmu.com/index.php/ijmmu/oai,ojs.ijmmu.com
2230,International Journal of Multicultural Research,http://www.soejournal.com/index.php/IJMR/oai,ojs.www.soejournal.com
2231,International Journal of Nanotechnology and Allied Sciences,https://journals.psmpublishers.org/index.php/ijnas/oai,ojs2.journals.psmpublishers.org
2232,International Journal of Natural Sciences: Current and Future Research Trends ,https://ijnscfrtjournal.isrra.org/index.php/Natural_Sciences_Journal/oai,ojs2.ijsscfrt.isrra.org
2233,International Journal of Nursing,http://www.ijnonline.com/index.php/ijn/oai,ojs.www.ijnonline.com
2234,International Journal of Nusantara Islam,http://journal.uinsgd.ac.id/index.php/ijni/oai,ojs.journal.uinsgd.ac.id
2235,International Journal of Nutrology,https://ijn.zotarellifilhoscientificworks.com/index.php/ijn/oai,ojs2.ijn.zotarellifilhoscientificworks.com
2236,International Journal of Operations and Logistics Management,http://absronline.org/journals/index.php/ijolm/oai,ojs.absronline.org
2237,International Journal of Orthoplastic Surgery,https://ijops.com/jms/index.php/up/oai/,ojs.ijops.com
2238,International Journal of Otorhinolaryngology and Head and Neck Surgery,https://www.ijorl.com/index.php/ijorl/oai,ojs.ijorl.com
2239,International Journal of Pharmaceutical and Phytopharmacological Research,https://eijppr.com/index.php/ejppr/oai,ojs.www.eijppr.com
2240,International Journal of Pharmaceutical Chemistry,https://ssjournals.com/index.php/ijpc/oai,ojs.pkp.sfu.ca
2241,International Journal of Pharmacological Research,https://ssjournals.com/index.php/ijpr/oai,ojs.pkp.sfu.ca
2242,International Journal of Pharmacology and Toxicology,http://www.sciencepubco.com/index.php/IJPT/oai,ojs.pkp.sfu.ca
2243,"International Journal of Physical Education, Fitness and Sports",https://ijpefs.org/index.php/ijpefs/oai,ojs2.ijpefs.org
2244,International Journal of Physical Research,http://www.sciencepubco.com/index.php/IJPR/oai,ojs.pkp.sfu.ca
2245,International Journal of Phytomedicine,http://www.arjournals.org/index.php/ijpm/oai,ojs.localhost
2246,International Journal of Phytopharmacy,https://ssjournals.com/index.php/ijpp/oai,ojs.pkp.sfu.ca
2247,International Journal of Power Electronics and Drive Systems (IJPEDS),http://iaescore.com/journals/index.php/IJPEDS/oai,ojs.www.iaescore.com
2248,International journal of Power Electronics Engineering,http://journalsofengineering.com/index.php/ijpee/oai,ojs.www.journalsofengineering.com
2249,International Journal of Recent Innovations in Academic Research,https://ijriar.com/index.php/ijriar/oai,ojs2.ijriar.com
2250,International Journal of Recent Innovations in Academic Research,https://www.ijriar.com/index.php/ijriar/oai,ojs2.ijriar.com
2251,International Journal of Renewable Energy Development,https://ejournal.undip.ac.id/index.php/ijred/oai,ojs.ejournal.undip.ac.id
2252,International Journal of Renewable Energy Development (IJRED),http://www.ijred.com/index.php/ijred/oai,ojs.www.ijred.com
2253,"International Journal of Reproduction, Contraception, Obstetrics and Gynecology",https://www.ijrcog.org/index.php/ijrcog/oai,ojs.ijrcog.org
2254,International Journal of Research -GRANTHAALAYAH,https://www.granthaalayahpublication.org/journals/granthaalayah/oai,ijrg.www.granthaalayahpublication.org
2255,International Journal of Research and Analysis in Science and Engineering,https://www.iarj.in/index.php/ijrase/oai,ojs2.iarj.in
2256,International Journal of Research in Business and Social Science (2147- 4478),https://www.ssbfnet.com/ojs/index.php/ijrbs/oai,ojs2.www.ssbfnet.com
2257,International Journal of Research in Business and Technology,http://www.ijrbtonline.com/index.php/ijrbt/oai.,ijrbt.tmresearch.ca
2258,International Journal of Research in Dermatology,https://www.ijord.com/index.php/ijord/oai,ojs.ijord.com
2259,International Journal of Research in Medical Sciences,https://www.msjonline.org/index.php/ijrms/oai,ojs.msjonline.org
2260,International Journal of Research in Orthopaedics,https://www.ijoro.org/index.php/ijoro/oai,ojs.ijoro.org
2261,International Journal of Research in Pharmaceutical Sciences and Technology,https://www.rubatosis.org/journals/index.php/ijrpst/oai,ojs2.rubatosis.org
2262,International Journal of Research in Science(ISSN Online: 2412-4389),http://researchplusjournals.com/index.php/IJRS/oai,ojs.researchplusjournals.com
2263,INTERNATIONAL JOURNAL OF RESEARCH PEDAGOGY AND TECHNOLOGY IN EDUCATION AND MOVEMENT SCIENCES,https://ijems.net/index.php/ijem/oai,oai.ijem.org
2264,International Journal of Research Studies in Computing,http://www.consortiacademia.org/index.php/ijrsc/oai,ojs.www.consortiacademia.org
2265,International Journal of Research Studies in Education,http://www.consortiacademia.org/index.php/ijrse/oai,ojs.www.consortiacademia.org
2266,International Journal of Research Studies in Language Learning,http://www.consortiacademia.org/index.php/ijrsll/oai,ojs.www.consortiacademia.org
2267,International Journal of Research Studies in Management,http://www.consortiacademia.org/index.php/ijrsm/oai,ojs.www.consortiacademia.org
2268,International Journal of Research Studies in Psychology,http://www.consortiacademia.org/index.php/ijrsp/oai,ojs.www.consortiacademia.org
2269,INTERNATIONAL JOURNAL OF SCIENCE AND ENGINEERING,http://ejournal.undip.ac.id/index.php/ijse/oai,ojs.ejournal.undip.ac.id
2270,International Journal of Sciences,https://www.ijsciences.com/oai_pmh/oai2.php,""
2271,International Journal of Sciences: Basic and Applied Research (IJSBAR),https://www.gssrr.org/index.php/JournalOfBasicAndApplied/oai,ojs.gssrr.org
2272,International Journal of Scientific Reports,https://www.sci-rep.com/index.php/scirep/oai,ojs.sci-rep.com
2273,International Journal of Scientific World,http://www.sciencepubco.com/index.php/IJSW/oai,ojs.pkp.sfu.ca
2274,International Journal of Seocology,http://seocologi.com/index.php/seocology/oai,ojs2.seocologi.com
2275,International Journal of Social Science Studies,http://redfame.com/journal/index.php/ijsss/oai,ojs.www.redfame.com
2276,International Journal of Social Sciences and Economic Review,https://ijsser.com/index.php/ijsser/oai,ojs2.ijsser.com
2277,International Journal of Social Sciences: Current and Future Research Trends,https://ijsscfrtjournal.isrra.org/index.php/Social_Science_Journal/oai,ojs2.ijsscfrt.isrra.org
2278,International Journal of Social Studies,http://rootspress.org/journals/index.php/IJSS/oai,ojs2.rootspress.org
2279,International Journal of Statistics and Medical Informatics,http://www.ijsmi.com/Journal/index.php/IJSMI/oai,ojs.ijsmi.com
2280,International Journal of Strategic Management and Economic studies (IJSMES),http://www.ijsmes.com/index.php/ijsmes/oai,ojs2.www.ijsmes.com
2281,International Journal of Students' Research,http://www.ijsronline.com/index.php/IJSR/oai,ojs.www.ijsronline.com
2282,International Journal of Sustainable Transportation Technology,https://unijourn.com/repository/ijstt/oai,unijourn.com.ijstt
2283,International Journal of System Modeling and Simulation (ISSN Online: 2518-0959),http://researchplusjournals.com/index.php/IJSMS/oai,ojs.researchplusjournals.com
2284,International Journal of Technology and Research,http://www.techpublications.org/index.php/IJTNR/oai,ijtnr.techpublications.org
2285,International Journal of Telerehabilitation,http://telerehab.pitt.edu/ojs/index.php/Telerehab/oai,ojs.telerehab.pitt.edu
2286,International Journal of the Commons,https://www.thecommonsjournal.org/jms/index.php/up/oai/,ojs.thecommonsjournal.org
2287,International Journal of the Whole Child,http://libjournals.mtsu.edu/index.php/ijwc/oai,ojs.libjournals.mtsu.edu
2288,International Journal of Waste Resources (IJWR),http://www.ijwr.co/index.php/ijwr/oai,ojs.www.ijwr.co
2289,International Journal of Whole Person Care,http://ijwpc.mcgill.ca/index.php/IWPC/oai,ojs.iwpc.mcgill.ca
2291,International Journal on Advanced Science Engineering and Information Technology,https://ijaset.org/index.php/ijaset/oai,ojs2.ijaset.org
2292,"INTERNATIONAL JOURNAL ON LANGUAGE, RESEARCH AND EDUCATION STUDIES",http://jurnal.uinsu.ac.id/index.php/ijlres/oai,jurnal.uinsu.ac.id
2293,International Journal Online of Humanities (IJOHMN),https://ijohmn.com/index.php/ijohmn/oai,ojs2.ijohmn.com
2294,International Journal Series,http://ijseries.com/index.php/index/oai,ojs.ijseries.com
2295,International Knowledge Press,http://www.ikprress.org/index.php/index/oai,ojs2.ikprress.org
2296,International Multilingual Academic Journal,http://aasrc.org/aasrj/index.php/imaj/oai,ojs.aasrc.org
2297,International Research Center for Japanese Studies Repository,http://nichibun.repo.nii.ac.jp/oai,""
2298,International Research Journal of Advanced Science,https://irjas.com/index.php/sciencejournal/oai,ojs2.irjas.com
2299,International Research Journal of Arts & Humanities (IRJAH),http://sujo.usindh.edu.pk/index.php/IRJAH/oai,ojs.sujo.usindh.edu.pk
2300,International Research Journal of Automotive Technology,http://www.mapletreejournals.com/index.php/IRJAT/oai,ojs2.mapletreejournals.com
2301,International Research Journal of Electronics and Computer Engineering (ISSN Online: 2412-4370),http://researchplusjournals.com/index.php/IRJECE/oai,ojs.researchplusjournals.com
2302,"International Research Journal of Engineering, IT & Scientific Research",http://ijcu.us/online/journal/index.php/irjeis/oai,ojs.ijcu.us
2303,"International research journal of engineering, IT & scientific research",https://sloap.org/journals/index.php/irjeis/oai,sloap.org
2304,"International Research Journal of Management, IT & Social Sciences",http://ijcu.us/online/journal/index.php/irjmis/oai,ojs.ijcu.us
2305,"International research journal of management, IT and social sciences",https://sloap.org/journals/index.php/irjmis/oai,sloap.org
2306,International Research Journal of Tamil Literary Studies,https://vahaipublication.com/irjtls/oai,ojs2.vahaipublication.com
2307,International Review of Social Psychology,https://www.rips-irsp.com/jms/index.php/up/oai/,ojs.www.rips-irsp.com
2308,International Seminar Rural Urban and Community Health (ISRUNCH),https://isrunch.stikku.ac.id/index.php/isrunch/oai,isrunch.stikku.ac.id
2309,International Surgery Journal,https://www.ijsurgery.com/index.php/isj/oai,ojs.ijsurgery.com
2310,International Union of Crystallography Open Archive Initiative Repository,http://scripts.iucr.org/cgi-bin/oai,journals.iucr.org
2311,Internet Archive OAI Repository,http://www.archive.org/services/oai2.php,archive.org
2312,Interscience Research Network,https://www.interscience.in/do/oai/,www.interscience.in
2313,InterSedes,https://revistas.ucr.ac.cr/index.php/intersedes/oai,portal.ucr.ac.cr
2314,Interstices: Journal of Architecture and Related Arts,http://interstices.aut.ac.nz/ijara/index.php/ijara/oai,interstices.aut.ac.nz
2315,INVESTIGACION E INNOVACION EN INGENIERIAS,http://publicaciones.unisimonbolivar.edu.co/rdigital/ojs/index.php/innovacioning/oai,ojs.publicaciones.unisimonbolivar.edu.co
2316,Investigaciones Sobre Lectura,http://comprensionlectora.es/revistaisl/index.php/revistaISL/oai,ojs.www.comprensionlectora.es
2317,Investigaciones y Ensayos,https://iye.anh.org.ar/index.php/iye/oai,ojs2.iye.anh.org.ar
2318,Investigación Agraria,https://www.agr.una.py/revista/index.php/ria/oai,ojs.www.agr.una.py
2319,Investigationes Linguisticae,http://pressto.amu.edu.pl/index.php/il/oai,ojs.pressto.amu.edu.pl
2320,Investigo,http://www.investigo.biblioteca.uvigo.es/oai/request,""
2321,IOE Eprints,http://eprints.ioe.ac.uk/cgi/oai2,eprints.ioe.ac.uk.oai2
2322,IoE Eprints,http://eprints.ioe.ac.uk/perl/oai2,eprints.ioe.ac.uk.OAI2
2323,Iowa State University Digital Repository,https://lib.dr.iastate.edu/do/oai/,lib.dr.iastate.edu
2324,IPF: Inovasi Pendidikan Fisika,https://ejournal.unesa.ac.id/index.php/inovasi-pendidikan-fisika/oai,ejournal.unesa.ac.id
2325,"IPSA Scientia, revista científica multidisciplinaria",https://latinjournal.org/index.php/ipsa/oai,oai.latinjournal.org
2326,IPTEK Journals,http://iptek.its.ac.id/index.php/index/oai,ojs.iptek2.its.ac.id
2327,IPTEK The Journal for Technology and Science,http://iptek.its.ac.id/index.php/jts/oai,ojs.iptek2.its.ac.id
2328,IPv6 Eprints Server,http://www.6journal.org/perl/oai2,IPv6.EPrints.Server
2329,IQTISHADIA: Jurnal Ekonomi & Perbankan Syariah,http://ejournal.stainpamekasan.ac.id/index.php/iqtishadia/oai,ojs.www.ejournal.stainpamekasan.ac.id
2330,Iran University of Medical Sciences (IUMS) ePrints Repository,http://eprints.iums.ac.ir/cgi/oai2,eprints.iums.ac.ir
2331,Iranian Consortium of National Content,http://icnc.ir/oai/,""
2332,"Iranian Journal of Health, Safety and Environment",http://ijhse.ir/index.php/IJHSE/oai,ojs.localhost
2333,iRAPA International Journal of Business Studies,https://journals.irapa.org/index.php/IIJBS/oai,ojs2.journals.irapa.org
2334,"iRAPA, Journal Managing System",https://journals.irapa.org/index.php/index/oai,ojs2.journals.irapa.org
2335,iRepository,https://ir.iba.edu.pk/do/oai/,ir.iba.edu.pk
2336,IRIS - UNIPD - prod,https://www.research.unipd.it/oai/request,www.research.unipd.it
2337,Iris Publishers,https://irispublishers.com/oai-pmh,www.irispublishers.com
2338,Iris Publishers,https://irispublishers.com/oai-pmh.xml,www.irispublishers.com
2339,IRIS Università degli Studi di Palermo,https://iris.unipa.it/oai/request,iris.unipa.it
2340,Irish Journal of Paramedicine,http://irishparamedicine.com/index.php/ijp/oai,ojs.irishparamedicine.com
2341,IRL @ UMSL,https://irl.umsl.edu/do/oai/,irl.umsl.edu
2342,IRTA,http://repositori.irta.cat/oai/request,repositori.irta.cat
2343,Isegoría,http://isegoria.revistas.csic.es/index.php/isegoria/oai,isegoria.revistas.csic.es
2344,ISFOL OA,http://isfoloa.isfol.it/oai/request,""
2345,ISI Denpasar | Institutional Repository,http://repo.isi-dps.ac.id/cgi/oai2,repo.isi-dps.ac.id
2346,Isik University Institutional Repository,https://acikerisim.isikun.edu.tr/oai/request,acikerisim.isikun.edu.tr
2347,Iskenderun Technical University Institutional Repository,http://openaccess.iste.edu.tr/oai/request,openaccess.iste.edu.tr
2348,Islamijah: Journal of Islamic Social Sciences,http://jurnal.uinsu.ac.id/index.php/islamijah/oai,jurnal.uinsu.ac.id
2349,ISLAMIKA,https://ejournal.stitpn.ac.id/index.php/islamika/oai,ojs2.ejournal.stitpn.ac.id
2353,"ISLLAC : Journal of Intensive Studies on Language, Literature, Art, and Culture",http://journal2.um.ac.id/index.php/jisllac/oai,ojs.journal2.um.ac.id
2354,ISMMS Journal of Science and Medicine,https://www.journal-of-science-and-medicine.org/jms/index.php/up/oai/,ojs.www.journal-of-science-and-medicine.org
2355,IssueLab - a service of the Foundation Center,http://harvest.issuelab.org/provider/oai,harvest.issuelab.org
2356,Issues and Ideas in Education,https://iie.chitkara.edu.in/index.php/iie/oai,ojs.pkp.sfu.ca
2357,Issues In Social And Environmental Accounting,http://isea.icseard.uns.ac.id/index.php/isea/oai,ojs.pkp.sfu.ca
2358,Istanbul Health and Technology University Institutional Repository,http://openaccess.istun.edu.tr/oai/request,openaccess.istun.edu.tr
2359,Istanbul Kent University Institutional Repository,http://acikerisim.kent.edu.tr/oai/request,acikerisim.kent.edu.tr
2360,Istanbul Medipol University Institutional Repository,http://acikerisim.medipol.edu.tr/oai/request,openaccess.medipol.edu.tr
2361,Istanbul Sabahattin Zaim University Institutional Repository,http://openaccess.izu.edu.tr/oai/request,openaccess.izu.edu.tr
2362,istar,http://istardb.org/cgi/oai2,istardb.org
2363,Istawa: Jurnal Pendidikan Islam,http://journal.umpo.ac.id/index.php/istawa/oai,ojs.journal.umpo.ac.id
2364,Istech Journal (International Science And Technology Journal),http://ejournal.unulampung.ac.id/index.php/istech/oai,ojs2.ejournal.unulampung.ac.id
2365,Istidlal: Jurnal Ekonomi dan Hukum Islam,http://ojs.pps-ibrahimy.ac.id/index.php/istidlal/oai,ojs2.ojs.pps-ibrahimy.ac.id
2366,Istidlal: Jurnal Ekonomi dan Hukum Islam,https://ojs.pps-ibrahimy.ac.id/index.php/istidlal/oai,ojs2.ojs.pps-ibrahimy.ac.id
2367,Istidlal: Jurnal Ekonomi dan Hukum Islam,https://ojs.pps.ibrahimy.ac.id/index.php/istidlal/oai,ojs2.ojs.pps-ibrahimy.ac.id
2368,ISTORIA: Jurnal Pendidikan dan Ilmu Sejarah,https://journal.uny.ac.id/index.php/istoria/oai,journal.uny.ac.id
2369,Italian Group Fracture,http://www.fracturae.com/index.php/index/oai,ojs.www.gruppofrattura.it
2370,ITECKNE,http://revistas.ustabuca.edu.co/index.php/ITECKNE/oai,revistas.ustabuca.edu.co
2371,Itenas Repository,http://eprints.itenas.ac.id/cgi/oai2,eprints.itenas.ac.id
2372,Iter Ad Veritatem,http://revistas.ustatunja.edu.co/index.php/iaveritatem/oai,revistas.ustatunja.edu.co
2373,ITMO University Repository,http://openbooks.ifmo.ru/oai/,openbooks.ifmo.ru
2374,ITQAN : Jurnal Ilmu-Ilmu Kependidikan,http://ejurnal.iainlhokseumawe.ac.id/index.php/itqan/oai,ojs2.ejurnal.iainlhokseumawe.ac.id
2375,IUBio Software Archive,http://iubio.bio.indiana.edu:7780/perl/oai2,iubio.bio.indiana.edu.biosoft.OAI2
2376,IUPUIScholarWorks,http://scholarworks.iupui.edu/oai/request,scholarworks.iupui.edu
2377,IURIS Digital. Biblioteca Virtual de la Real Academia de Jurisprudencia y Legislación,http://bvrajyl.rajyl.es/i18n/oai/oai_bvrajyl.rajyl.es.cmd,bvrajyl.rajyl.es
2378,Ius Positum (Journal Of Law Theory And Law Enforcement),https://journal.jfpublisher.com/index.php/jlte/oai,ojs2.journal.jfpublisher.com
2379,IUScholarWorks: DSpace at Indiana University,http://scholarworks.iu.edu/dspace-oai/request,""
2380,IUSTITIA,http://revistas.ustabuca.edu.co/index.php/IUSTITIA/oai,revistas.ustabuca.edu.co
2381,Iwate Medical University Repository,http://iwatemed.repo.nii.ac.jp/oai,""
2382,Iwate University Repository,http://ir.iwate-u.ac.jp/dspace-oai/request,""
2383,IWMI Publications,http://quest.library.illinois.edu/gateway.net/oai.aspx/iwmi.catalog.cgiar.org/oaisteriwmipubs.xml,""
2384,IYOKAN - Institutional Repository : the EHIME area,https://opac1.lib.ehime-u.ac.jp/oai/oai-pmh.do,opac1.lib.ehime-u.ac.jp
2385,IYOKAN - Institutional Repository : the EHIME area,http://iyokan.lib.ehime-u.ac.jp/dspace-oai/request,""
2386,"Izdihar : Journal of Arabic Language Teaching, Linguistics, and Literature",http://ejournal.umm.ac.id/index.php/izdihar/oai,ojs.ejournal.umm.ac.id
2387,Izmir Katip Celebi University,https://katalogtarama.ikcu.edu.tr/yordam/oai/request,katalogtarama.ikcu.edu.tr
2388,Izmir Kavram Vocational School Institutional Repository,http://openaccess.kavram.edu.tr/oai/request,openaccess.idealkultur.edu.tr
2389,Iztapalapa. Revista de Ciencias Sociales y Humanidades,https://revistaiztapalapa.izt.uam.mx/index.php/izt/oai,revistaiztapalapa.izt.uam.mx
2390,IZTECH GCRIS,http://gcris.iyte.edu.tr/oai/request,gcris.iyte.edu.tr
2391,J Curr Biomed Rep,https://jcbior.com/index.php/JCBioR/oai,ojs.jcbior.com
2392,J-Dinamika : Jurnal Pengabdian Masyarakat,https://publikasi.polije.ac.id/index.php/j-dinamika/oai,ojs.publikasi.polije.ac.id
2393,J-ENSITEC,http://jurnal.unma.ac.id/index.php/JE/oai,ojs.jurnal.unma.ac.id
2394,J-ENSITEC (Journal Of Engineering and Sustainable Technology),https://ejournal.unma.ac.id/index.php/j-ensitec/oai,oj2.ejournal.unma.ac.id
2395,J-INTECH,http://jurnal.stiki.ac.id/J-INTECH/oai,ojs.pkp.sfu.ca
2396,J-PEN Borneo : Jurnal Ilmu Pertanian,http://jurnal.borneo.ac.id/index.php/j-pen/oai,ojs.pkp.sfu.ca
2397,JagWorks@USA,https://jagworks.southalabama.edu/do/oai/,jagworks.southalabama.edu
2398,Jai Maa Saraswati Gyandayini An International Multidisciplinary e-Journal,http://www.jmsjournals.in/index.php/jmsg/oai,jmsojs.jmsjournals.in
2399,JAIST Repository,http://dspace.jaist.ac.jp/dspace-oai/request,""
2400,JAKIYAH,http://ejournal.polita.ac.id/index.php/jakiyah/oai,ojs.localhost
2401,JAKK | Jurnal Akuntansi dan Keuangan Kontemporer,http://jurnal.umsu.ac.id/index.php/JAKK/oai,ojs.jurnal.umsu.ac.id
2402,JALL (Journal of Applied Linguistics and Literacy),https://jurnal.unigal.ac.id/index.php/jall/oai,oai.jurnal.unigal.ac.id
2403,Jambura Geoscience Review,http://ejurnal.ung.ac.id/index.php/jgeosrev/oai,ejurnal.ung.ac.id
2404,Jambura Journal of Educational Management,https://ejournal-fip-ung.ac.id/ojs/index.php/JJEM/oai,ojs2.ejournal-fip-ung.ac.id
2405,JAMSTEC Repository,http://www.jamstec.go.jp/jir/infolib/oai_repository/repository,jamstec.go.jp
2406,JANGKA Jurnal Pendidikan Matematika Ekasakti,https://ejurnal-unespadang.ac.id/index.php/JANGKA/oai,ojs2.ejurnal-unespadang.ac.id
2407,Janus Unbound: Journal of Critical Studies,https://journals.library.mun.ca/ojs/index.php/JU/oai,ojs.journals.library.mun.ca
2408,JAPANEDU: Jurnal Pendidikan dan Pengajaran Bahasa Jepang,http://ejournal.upi.edu/index.php/japanedu/oai,ojs.ejournal.upi.edu
2577,Journal of Economics and Financial Analysis,http://ojs.tripaledu.com/jefa/oai,ojs.tripal.com
2409,"Japanese Research on Linguistics, Literature and Culture",http://publikasi.dinus.ac.id/index.php/jrllc/oai,publikasi.dinus.ac.id
2410,Jaringan Laboratorum Medis,http://analis.polkesmar.id/ojs/index.php/jlm/oai,ojs.analis.polkesmar.id
2411,JARSSH,http://jarssh.com/oai/oai-pmh-repository/request,jarssh.com
2412,JASEE Journal of Application and Science on Electrical Engineering ,https://jurnal.widyagama.ac.id/index.php/jasee/oai,ojs2.jurnal.widyagama.ac.id
2413,JASEE Journal of Application and Science on Electrical Engineering ,http://publishing-widyagama.ac.id/ejournal-v3/index.php/jasee/oai,ojs2.publishing-widyagama.ac.id
2414,JASEE Journal of Application and Science on Electrical Engineering ,http://v3.publishing-widyagama.ac.id/index.php/jasee/oai,ojs2.publishing-widyagama.ac.id
2415,JASS (Journal of Accounting for Sustainable Society),https://ojs.stiesa.ac.id/index.php/jass/oai,ojs2.www.ojs.stiesa.ac.id
2416,Jaunųjų mokslininkų darbai,https://www.journals.vu.lt/jaunuju-mokslininku-darbai/oai,ojs.www4063.vu.lt
2417,JayScholar,https://jayscholar.etown.edu/do/oai/,jayscholar.etown.edu
2418,JBFI (Journal of Banking and Financial Innovation),https://ojs.stiesa.ac.id/index.php/jbfi/oai,ojs2.www.ojs.stiesa.ac.id
2419,JCE Digital Library (dev),http://resgenchem15.chem.wisc.edu/spt/SPT--OAI.php,""
2420,JDMP (Jurnal Dinamika Manajemen Pendidikan),https://journal.unesa.ac.id/index.php/jdmp/oai,journal.unesa.ac.id
2421,JEBA (Journal of Economics and Business Aseanomics),http://academicjournal.yarsi.ac.id/index.php/jeba/oai,ojs.localhost
2422,JEBI (Jurnal Ekonomi dan Bisnis Islam),http://journal.febi.iainimambonjol.ac.id/index.php/JEBI/oai,ojs.febi.iainimambonjol.ac.id
2423,JEBI (Jurnal Ekonomi dan Bisnis Islam),http://journal.febi.uinib.ac.id/index.php/jebi/oai,ojs.journal.febi.uinib.ac.id
2424,JEELS,https://jurnal.stainkediri.ac.id/index.php/jeels/oai,ojs.jurnal.stainkediri.ac.id
2425,jelit,http://www.jelit.org/perl/oai2,www.jelit.org
2426,JEMPER (Jurnal Ekonomi Manajemen Perbankan),http://jurnal.usbypkp.ac.id/index.php/jemper/oai,jurnal.usbypkp.ac.id
2427,"JETL (Journal Of Education, Teaching and Learning)",http://journal.stkipsingkawang.ac.id/index.php/JETL/oai,ojs.journal.stkipsingkawang.ac.id
2428,"JGEET (JOURNAL OF GEOSCIENCE, ENGINEERING, ENVIRONMENT, AND TECHNOLOGY)",http://jurnal.uir.ac.id/index.php/JGEET/oai,ojs.localhost
2429,JGISE: Journal of Geospatial Information Science and Engineering,https://jurnal.ugm.ac.id/jgise/oai,jurnal.ugm.ac.id
2430,JHU Macksey Journal,https://www.mackseyjournal.org/do/oai/,www.mackseyjournal.org
2431,JHU Macksey Symposium Commons,https://www.mackseysymposium.org/do/oai/,www.mackseysymposium.org
2432,JIAFE (Jurnal Ilmiah Akuntansi Fakultas Ekonomi),https://journal.unpak.ac.id/index.php/jiafe/oai,ojs.journal.unpak.ac.id
2433,JID: Jurnal Inovasi Daerah,https://ejournal.bappeda.cilacapkab.go.id/index.php/jid/oai,ejournal.bappeda.cilacapkab.go.id
2434,JIEMS (Journal of Industrial Engineering Management Systems),http://journal.ubm.ac.id/index.php/jiems/oai,ojs.training.ubm.ac.id
2435,JIIA Eprints Repository,http://eprints.jiia.it/perl/oai2,eprints.jiia.it
2436,JIIA Eprints Repository,http://eprints.jiia.it:8080/perl/oai2,eprints.jiia.it
2437,JIIP - Jurnal Ilmiah Ilmu Pendidikan,http://jiip.stkipyapisdompu.ac.id/index.php/JIIP/oai,ojs2.jiip.stkipyapisdompu.ac.id
2438,JIIP - Jurnal Ilmiah Ilmu Pendidikan,http://jiip.stkipyapisdompu.ac.id/jiip/index.php/JIIP/oai,ojs2.jiip.stkipyapisdompu.ac.id
2439,JIM - Jornal de Investigação Médica ,https://revistas.ponteditora.org/index.php/jim/oai,revistas.ponteditora.org
2440,Jin Sen Feng,http://www.ijcet.org/OAI/Default.aspx,""
2441,JINGLER : Jurnal Teknik Pengolahan Pertanian,https://e-journal.poltek-kampar.ac.id/index.php/JINGLER/oai,ojs2.e-journal.poltek-kampar.ac.id
2442,JINR Document Server,http://jdsweb.jinr.ru/oai2d,jdsweb.jinr.ru
2443,JIPI: Jurnal Ilmu Perpustakaan dan Informasi,http://jurnal.uinsu.ac.id/index.php/jipi/oai,jurnal.uinsu.ac.id
2444,JIPIS,http://ejournal.unis.ac.id/index.php/JIPIS/oai,ojs.ejournal.unis.ac.id
2445,JISC Information Environment Service Registry (IESR),http://iesr.ac.uk/service/iesroai,iesr.ac.uk
2446,JISTEM Journal of Information Systems and Technology Management,http://www.jistem.fea.usp.br/index.php/jistem/oai,ojs.www.tecsi.fea.usp.br
2447,"JITEL (Jurnal Ilmiah Telekomunikasi, Elektronika, dan Listrik Tenaga)",https://jitel.polban.ac.id/jitel/oai,ojs2.jitel.polban.ac.id
2448,JKM (Jurnal Kebidanan Malahayati),http://ejurnalmalahayati.ac.id/index.php/kebidanan/oai,ojs.ejurnalmalahayati.ac.id
2449,JLA (Jurnal Lingua Applicata),https://jurnal.ugm.ac.id/jla/oai,jurnal.ugm.ac.id
2450,JNANALOKA,https://lenteradua.net/jurnal/index.php/jnanaloka/oai,ojs.lenteradua.net
2451,Joetsu University of Education Repository,http://repository.lib.juen.ac.jp/dspace-oai/request,""
2452,"Johannes Gutenberg-Universität, GERMANY, OPUS",http://ubm.opus.hbz-nrw.de/oai2/oai2.php,ubm.opus.hbz-nrw.de
2453,JOHME: Journal of Holistic Mathematics Education,https://ojs.uph.edu/index.php/JOHME/oai,ojs.uph.edu
2454,JOLADU: Journal of Language Education,https://asianpublisher.id/journal/index.php/joladu/oai,ojs2.asianpublisher.id
2455,Journal Academic Marketing Mysticism Online,http://www.journalacademicmarketingmysticismonline.net/index.php/JAMMO/oai,ojs.www.journalacademicmarketingmysticismonline.net
2456,Journal Agriment,http://e-journal.politanisamarinda.ac.id/index.php/jagr/oai,ojs2.e-journal.politanisamarinda.ac.id
2457,journal AL-MUDARRIS,http://e-journal.staima-alhikam.ac.id/index.php/al-mudarris/oai,ojs.e-journal.staima-alhikam.ac.id
2458,Journal An-Nafs: Kajian Penelitian Psikologi,http://ejournal.iai-tribakti.ac.id/index.php/psikologi/oai,ejournal.iai-tribakti.ac.id
2459,Journal Cis-Trans,http://journal2.um.ac.id/index.php/jct/oai,ojs.journal2.um.ac.id
2460,"Journal Corner of Education, Linguistics, and Literature",http://journal.jcopublishing.com/index.php/jcell/oai,ojs2.journal.jcopublishing.com
2461,journal EVALUASI,http://e-journal.staima-alhikam.ac.id/index.php/evaluasi/oai,ojs.e-journal.staima-alhikam.ac.id
2462,Journal for Business Education and Management,https://jbem.org/index.php/jbem/oai,ojs2.ijbes.com
2463,Journal for Foundations and Applications of Physics,http://sciencefront.org/ojs/index.php/jfap/oai,ojs.sciencefront.org
2464,Journal for Research in Applied Sciences and Biotechnology,https://jrasb.com/index.php/jrasb/oai,ojs2.jrasb.com
2465,Journal for the Advancement of Performance Information & Value,http://cibw117.com/journal/index.php/performance-info-and-value/oai,ojs.cibw117.com
2466,Journal for the History of Knowledge,https://journalhistoryknowledge.org/jms/index.php/up/oai/,ojs.journalhistoryknowledge.org
2467,Journal für Psychoanalyse,http://www.psychoanalyse-journal.ch/oai,www.hope.uzh.ch
2468,"Journal of  Mobile, Embedded and Distributed Systems",http://jmeds.eu/index.php/jmeds/oai,ojs.jmeds.eu
2469,Journal of Abstract and Computational Mathematics,http://www.ntmsci.com/jacm/ajaxtool/oai,""
2470,Journal of Academic Writing,http://e-learning.coventry.ac.uk/ojs/index.php/joaw/oai,ojs.pkp.sfu.ca
2471,JOURNAL OF ADVANCED APPLIED SCIENTIFIC RESEARCH,http://www.joaasr.com/index.php/joaasr/oai,www.joaasr.com
2472,Journal of Advanced Computer Science & Technology,http://www.sciencepubco.com/index.php/JACST/oai,ojs.pkp.sfu.ca
2473,Journal of Advanced Laboratory Research in Biology,https://e-journal.sospublication.co.in/index.php/jalrb/oai,ojs2.e-journal.sospublication.co.in
2474,Journal of Advanced Research in Economics and Administrative Sciences,https://bcsdjournals.com/index.php/jareas/oai,ojs2.bcsdjournals.com
2475,Journal of Advanced Veterinary Research,http://www.advetresearch.com/index.php/avr/oai,ojs.advetresearch.com
2476,Journal of Advances in English Language Teaching,http://european-science.com/jaelt/oai,ojs.european-science.com
2477,Journal of Advances in Information Technology,http://ojs.academypublisher.com/index.php/jait/oai,ojs.www.academypublisher.com
2478,Journal of Advances in Science and Engineering,https://sciengtexopen.org/index.php/jase/oai,sciengtexopen.org
2479,"Journal of Aesthetics, Design, and Art Management ",https://ejournal.catuspata.com/index.php/jadam/oai,oai.ejournal.catuspata.com
2480,"Journal of Aesthetics, Design, and Art Management ",https://ejournal.sidyanusa.org/index.php/jadam/oai,oai.ejournal.catuspata.com
2481,Journal of Agriculture and Environment,http://jae.cifra.science/oai,ojs2.jae.research-journal.org
2482,Journal of Agriculture and Rural Development in the Tropics and Subtropics (JARTS),http://www.jarts.info/index.php/jarts/oai,jarts.info
2483,JOURNAL OF AL MAYADINE AL IKTISSADIA	,https://www.jmi.dz/jmi/index.php/jmi/oai,ojs2.www.jmi.dz
2484,JOURNAL OF AL WASHLIYAH STUDIES,https://www.cas.or.id/index.php/JOAS/oai,ojs2.cas.or.id
2485,Journal of Alevism – Bektashism Studies,https://abked.de/index.php/abked/oai,abked.de
2486,Journal of Algebra Combinatorics Discrete Structures and Applications,http://www.eds.yildiz.edu.tr/jacodesmath/ajaxtool/oai,""
2487,JOURNAL OF ALIFBATA: Journal of Basic Education (JBE),https://journal.staidk.ac.id/index.php/alifbata/oai,ojs2.journal.staidk.ac.id
2488,Journal of Altmetrics,https://www.journalofaltmetrics.org/jms/index.php/up/oai/,ojs.journalofaltmetrics.org
2489,Journal of Applied Agricultural Science and Technology,http://kinfopolitani.com/index.php/JAAST/oai,ojs2.kinfopolitani.com
2490,Journal of Applied and Emerging Sciences,http://journal.buitms.edu.pk/j/index.php/bj/oai,ojs.localhost
2491,Journal of Applied and Natural Science,https://journals.ansfoundation.org/index.php/jans/oai,journals.ansfoundation.org
2492,Journal of Applied And Theoretical Social Sciences,http://iccsor.com/index.php/jatss/oai,iccsor.com
2493,Journal of Applied Business Research (JABR),https://www.cluteinstitute.com/ojs/index.php/JABR/oai,ojs.localhost
2494,Journal of Applied Health Sciences and Medicine,https://jpub.org/journal/index.php/jahsm/oai,ojs2.jpub.org
2495,JOURNAL OF APPLIED MICROECONOMETRICS,https://journals.gen.tr/index.php/jame/oai,ojs322.journals.gen.tr
2496,Journal of Applied Pharmaceutical Research,http://www.japtronline.com/index.php/JOAPR/oai,ojs2.www.japtronline.com
2497,Journal of Applied Pharmaceutical Research,https://www.japtronline.com/index.php/JOAPR/oai,ojs2.www.japtronline.com
2498,Journal of Applied Science and Education (JASE) ,https://jase.a2zjournals.com/index.php/ase/oai,oai.jase.a2zjournals.com
2499,"Journal of Applied Science, Engineering, Technology, and Education",http://jurnal.ahmar.id/index.php/asci/oai,ojs2.jurnal.ahmar.id
2500,Journal of Applied Social Theory,http://socialtheoryapplied.com/journal/jast/oai,ojs.socialtheoryapplied.com
2501,Journal of architecture&ENVIRONMENT,http://iptek.its.ac.id/index.php/joae/oai,ojs.iptek2.its.ac.id
2502,Journal of Artificial Intelligence Research,http://jair.fetch.com/oai2.php,jair.org
2503,JOURNAL OF ARTS,http://www.ratingacademy.com.tr/ojs/index.php/arts/oai,ojs2.ratingacademy.com.tr
2504,JOURNAL OF ARTS,https://journals.gen.tr/index.php/arts/oai,ojs322.journals.gen.tr
2505,Journal of ASEAN Dynamics and Beyond,https://jurnal.uns.ac.id/adab/oai,jurnal.uns.ac.id
2506,Journal of ASEAN Studies,http://journal.binus.ac.id/index.php/jas/oai,ojs.journal.binus.ac.id
2507,Journal of ASEAN Studies,http://journal.binus.ac.id/index.php/jas/oai.,ojs.journal.binus.ac.id
2508,Journal of Astronomy & Earth Sciences Education (JAESE),https://www.cluteinstitute.com/ojs/index.php/JAESE/oai,ojs.localhost
2509,JOURNAL OF AWARENESS,http://www.ratingacademy.com.tr/ojs/index.php/joa/oai,ojs2.ratingacademy.com.tr
2510,JOURNAL OF AWARENESS,https://journals.gen.tr/index.php/joa/oai,ojs322.journals.gen.tr
2511,Journal of Ayurveda and Holistic Medicine,http://jahm.in/index.php/JAHM/oai,ojs.jahm.in
2512,Journal of Ayurveda and Holistic Medicine (JAHM),http://jahm.in/index.php/JAHM/oai.,ojs.jahm.in
2513,Journal of Ayurveda and Integrated Medical Sciences,https://jaims.in/jaims/oai,oai.jaims.in
2514,Journal of Ayurvedic Herbal and Integrative Medicine,https://www.granthaalayahpublication.org/journal/ayurvedic-herbal-integr-medicine/oai,JAHIM.www.granthaalayahpublication.org
2515,Journal of Balkan Libraries Union,http://bkdb.trakya.edu.tr/index.php/bluj/oai,bkdb.trakya.edu.tr
2516,Journal of Basic and Applied Research in Biomedicine,https://www.jbarbiomed.com/index.php/home/oai,ojs2.jbarbiomed.com
2517,Journal of Bioinformatics and Genomics,http://journal-biogen.org/oai,ojs2.jae.research-journal.org
2518,Journal of Biological Methods,http://www.jbmethods.org/jbm/oai,ojs.jbmethods.org
2519,Journal of Biological Sciences and Medicine,http://jbscim.com/mss/index.php/jbsm/oai,ojs.jbscim.com
2520,Journal of Biological Sciences and Medicine,http://www.jbscim.com/index.php/jbsm/oai,ojs.pkp.sfu.ca
3021,Jurnal Kajian Seni,http://jurnal.ugm.ac.id/jks/oai,jurnal.ugm.ac.id
2521,Journal of Bone Biology and Osteoporosis,http://www.gratisoa.org/journals/index.php/JBO/oai,ojs.gratisoa.org
2522,Journal of Building Materials and Structures,http://journals.lagh-univ.dz/index.php/jbms/oai,journals.lagh-univ.dz
2523,Journal of Building Materials and Structures,http://journals.oasis-pubs.com/index.php/jbms/oai,ojs.jbms.oasis-pubs.com
2524,Journal of Building Materials and Structures,https://journals.oasis-pubs.com/index.php/jbms/oai,ojs.jbms.oasis-pubs.com
2525,Journal of Business & Economics Research (JBER),https://www.cluteinstitute.com/ojs/index.php/JBER/oai,ojs.localhost
2526,Journal of Business and Behavioural Entrepreneurship,http://journal.unj.ac.id/unj/index.php/jobbe/oai,jurnalunj.journal.unj.ac.id
2527,Journal of Business Case Studies (JBCS),https://www.cluteinstitute.com/ojs/index.php/JBCS/oai,ojs.localhost
2528,Journal Of Business Management & Social Sciences Research,http://borjournals.com/a/index.php/jbmssr/oai,ojs.pkp.sfu.ca
2529,Journal of Business Management Education (JBME),https://ejournal.upi.edu/index.php/JBME/oai,ojs.ejournal.upi.edu
2530,Journal of Business on Hospitality and Tourism,http://jbhost.org/jbhost/index.php/jbhost/oai,ojs.jbhost.org
2531,"Journal of Business, Universidad del Pacífico (Lima, Peru)",https://revistas.up.edu.pe/index.php/business/oai,ojs.revistas.up.edu.pe
2532,Journal of Canada’s Physician Assistants,http://ojs.lib.umanitoba.ca/index.php/jcpa/oai,ojs.ojs.lib.umanitoba.ca
2533,Journal of Case Studies in Homeopathy,http://jcshom.com/index.php/jcsh/oai,ojs.jcshom.com
2534,Journal of Circadian Rhythms,https://www.jcircadianrhythms.com/jms/index.php/up/oai/,ojs.www.jcircadianrhythms.com
2535,Journal of Cognition,https://www.journalofcognition.org/jms/index.php/up/oai/,ojs.journalofcognition.org
2536,Journal of College Teaching & Learning (TLC),https://www.cluteinstitute.com/ojs/index.php/TLC/oai,ojs.localhost
2537,Journal of Communication Sciences (JCoS),http://journal-uim-makassar.ac.id/index.php/JCoS/oai,ojs.journal-uim-makassar.ac.id
2538,Journal of Communications,http://ojs.academypublisher.com/index.php/jcm/oai,ojs.www.academypublisher.com
2539,Journal of Community Empowerment for Health,https://jurnal.ugm.ac.id/jcoemph/oai,jurnal.ugm.ac.id
2540,Journal of Comorbidity,http://www.jcomorbidity.com/index.php/index/oai,ojs.pkp.sfu.ca
2541,Journal of Comparative Literature and Culture,http://worldsciencepublisher.org/journals/index.php/JCLC/oai,ojs.worldsciencepublisher.org
2542,Journal of Comparative Social Work,http://journal.uia.no/index.php/JCSW/oai,ojs.journal.uia.no
2543,Journal of Computational Geometry,http://jocg.org/index.php/jocg/oai,ojs.jocg.org
2544,Journal of Computer Applications in Archaeology,https://journal.caa-international.org/jms/index.php/up/oai/,ojs.journal.caa-international.org
2545,Journal of Computer Science,http://journals.sjp.ac.lk/index.php/jcs/oai,ojs.www.sci.sjp.ac.lk
2546,Journal of Computer Science and Cybernetics,http://vjs.ac.vn/index.php/jcc/oai,ojs.and.ac.vn
2547,Journal of Computer Science and Information,http://jiki.cs.ui.ac.id/index.php/jiki/oai,jiki.cs.ui.ac.id
2548,Journal of Computer Sciences Institute,https://ph.pollub.pl/index.php/jcsi/oai,ojs2.ph.pollub.pl
2549,Journal of Computers,http://ojs.academypublisher.com/index.php/jcp/oai,ojs.www.academypublisher.com
2550,Journal of Computing & organisational dynamics,http://jcod.ebusinessdynamic.com/index.php/JCOD/oai,ojs.jcod.ebusinessdynamic.com
2551,Journal of Condesed Matter,http://worldscience.in/index.php/JCM/oai,ojs2.worldscience.in
2552,Journal of Condesed Matter,https://worldscience.in/index.php/JCM/oai,ojs2.worldscience.in
2553,Journal of Conservation and Museum Studies,https://www.jcms-journal.com/jms/index.php/up/oai/,ojs.www.jcms-journal.com
2554,Journal of Consumer Sciences,http://journal.ipb.ac.id/index.php/jcs/oai,ojs.journal.ipb.ac.id
2555,Journal of Contemporary Accounting Research,http://publikasi.mercubuana.ac.id/index.php/jcar/oai,ojs.publikasi.mercubuana.ac.id
2556,Journal of Contemporary Islam and Muslim Societies,http://jurnal.uinsu.ac.id/index.php/JCIMS/oai,jurnal.uinsu.ac.id
2557,Journal of Contemporary Issues in Higher Education,http://jcihe.org/journal/index.php/JCIHE/oai,ojs.pkp.sfu.ca
2558,Journal of Current Chinese Affairs,http://hup.sub.uni-hamburg.de/giga/jcca/oai,hup.sub.uni-hamburg.de.giga
2559,Journal of Current Health Sciences,https://ukinstitute.org/journals/2/jchs/oai,ojs.pkp.sfu.ca
2560,Journal of Current Southeast Asian Affairs,http://hup.sub.uni-hamburg.de/giga/jsaa/oai,hup.sub.uni-hamburg.de.giga
2561,Journal of Curriculum Theorizing,http://journal.jctonline.org/index.php/jct/oai,ojs.journal.jctonline.org
2562,Journal of Cybersecurity Research (JCR),https://www.cluteinstitute.com/ojs/index.php/JCR/oai,ojs.localhost
2563,Journal of Data Analysis,http://jurnal.unsyiah.ac.id/JDA/oai,jurnal.unsyiah.ac.id
2564,Journal of Data Analytics,https://journal-data.ir/index.php/JDA/oai,ojs2.journal-data.ir
2565,Journal of Degraded and Mining Lands Management,http://jdmlm.ub.ac.id/index.php/jdmlm/oai,ojs.jdmlm.ub.ac.id
2566,Journal of Deliberative Democracy,https://delibdemjournal.org/jms/index.php/up/oai/,ojs.delibdemjournal.org
2567,Journal of Design for Resilience in Architecture and Planning,https://drarch.org/index.php/drarch/oai,drarch.org
2568,Journal of Development and Social Sciences,https://ojs.jdss.org.pk/journal/oai,ojs2.ojs.jdss.org.pk
2569,"Journal of Digital Forensics, Security and Law",http://ojs.jdfsl.org/index.php/jdfsl/oai,ojs.ojs.jdfsl.org
2570,Journal of Digital Information static repository,http://OAIscotland.cdlr.strath.ac.uk/services/gateway/hairst.cdlr.strath.ac.uk/repositories/jodi1.xml,""
2571,Journal of Digital Technologies and Law,https://www.lawjournal.digital/jour/oai,oai.digitallaw.elpub.ru
2572,Journal of Disruptive Learning Innovation (JODLI),http://journal2.um.ac.id/index.php/jodli/oai,ojs.journal2.um.ac.id
2573,Journal of Diversity Management (JDM),https://www.cluteinstitute.com/ojs/index.php/JDM/oai,ojs.localhost
2574,Journal of Drug Delivery and Therapeutics,http://jddtonline.info/index.php/jddt/oai,ojs.pkp.sfu.ca
2575,Journal of Eastern European and Central Asian Research (JEECAR),http://ieeca.org/journal/index.php/JEECAR/oai,ojs.ieeca.org
2576,Journal of Economic Impact,http://www.scienceimpactpub.com/journals/index.php/jei/oai,ojs2.scienceimpactpub.com
2578,Journal of Edge Computing,https://acnsci.org/journal/index.php/jec/oai,ojs2.acnsci.org
2579,"Journal of Education, Management and Development Studies",https://journals.cspc.edu.ph/index.php/jemds/oai,ojs2.journals.cspc.edu.ph
2580,Journal of Educational Management & Social Sciences,https://journals.irapa.org/index.php/jemss/oai,ojs2.journals.irapa.org
2581,"Journal of Electrical, Control and Telecommunication Research",https://sciengtexopen.org/index.php/jectr/oai,sciengtexopen.org
2582,Journal of ELT Research,http://journal.uhamka.ac.id/index.php/jer/oai,ojs.localhost
2583,Journal of Embodied Research,https://jer.openlibhums.org/jms/index.php/up/oai/,jer.openlibhums.org
2584,Journal of Emerging Technologies in Web Intelligence,http://ojs.academypublisher.com/index.php/jetwi/oai,ojs.www.academypublisher.com
2585,Journal of Empowerment,https://jurnal.unsur.ac.id/je/oai,jurnal.unsur.ac.id
2586,Journal of Engineering,http://worldsciencepublisher.org/journals/index.php/JOE/oai,ojs.worldsciencepublisher.org
2587,"Journal of Engineering and Applied Sciences (JEAS), University of Engineering and Technology, Peshawar",http://journals.uetjournals.com/index.php/JEAS/oai,journals.uetjournals.com
2588,Journal of Engineering Computers & Applied Sciences,http://borjournals.com/a/index.php/jecas/oai,ojs.borjournals.com
2589,Journal of English Education,http://usnsj.com/index.php/JEE/oai,ojs.usnsj.com
2590,Journal of English Education Program,https://jurnal.untan.ac.id/index.php/JEEP/oai,jurnal.untan.ac.id
2591,Journal of English Education Studies,http://jees.ejournal.id/index.php/english/oai,ojs2.jees.ejournal.id
2592,Journal of English Language and Literature,http://jellonline.com/index.php/jell/oai,jell.tmresearch.ca
2593,Journal of English Language Teaching and Cultural Studies,http://jurnal.untirta.ac.id/index.php/JELTS/oai,jurnal.untirta.ac.id
2594,Journal of Entrepreneurial and Business Diversity,https://acityajournal.com/index.php/jebd/oai,ojs2.acityajournal.com
2595,Journal of Environmental and Agricultural Sciences,http://agropub.com/Journals/index.php/JEAS/oai,ojs.agropub.com
2596,"Journal of Exercise, Movement, and Sport",http://www.scapps.org/jems/index.php/1/oai,ojs.www.scapps.org
2597,Journal of Experimental and Molecular Biology,http://www.jemb.bio.uaic.ro/index.php/jemb/oai,ojs.pkp.sfu.ca
2598,Journal of Expert Systems,http://worldsciencepublisher.org/journals/index.php/JES/oai,ojs.worldsciencepublisher.org
2599,Journal of Extension Education,http://extensioneducation.org/index.php/jee/oai,ojs.extensioneducation.org
2600,Journal of Faculty of Health Sciencies,http://journalhealthsciences.com/index.php/index/oai,ojs.journalhealthsciences.com
2601,Journal of Fibers and Polymer Composites,https://journals.gesociety.org/index.php/jfpc/oai,ojs2.journals.gesociety.org
2602,Journal of French and Francophone Philosophy,http://jffp.pitt.edu/ojs/index.php/jffp/oai,ojs.jffp.pitt.edu
2603,"Journal of Game, Game Art, and Gamification (JGGAG)",http://gamenetwork.university-id.net/journal/index.php/jggag/oai,ojs.gamenetwork.university-id.net
2604,Journal of Gandhara Medical and Dental Science,http://jgmds.org.pk/index.php/JGMDS/oai,ojs2.jgmds.org.pk
2605,Journal of Genes and Cells,http://genesandcells.com/index.php/gnc/oai,ojs.genesandcells.com
2606,Journal of Genes and Cells,https://genesandcells.com/journal/index.php/gnc/oai,ojs.pkp.sfu.ca
2607,Journal of Geophysics,https://journal.geophysicsjournal.com/JofG/oai,ojs3.journal.geophysicsjournal.com
2608,"JOURNAL OF GEOSCIENCE, ENGINEERING, ENVIRONMENT, AND TECHNOLOGY",http://journal.uir.ac.id/index.php/JGEET/oai,ojs3.journal.uir.ac.id
2609,Journal of Global Citizenship & Equity Education,http://journals.sfu.ca/jgcee/index.php/jgcee/oai,jgcee.journals.sfu.ca
2610,Journal of Global Climate Change,https://journals.gen.tr/index.php/jgcc/oai,ojs322.journals.gen.tr
2611,Journal of Global Education Sciences,http://journals.cincader.org/index.php/gesj/oai,journals.cincader.org
2612,"Journal of Governance, Taxation and Auditing",https://journalkeberlanjutan.com/index.php/JoGTA/oai,ojs2.journalkeberlanjutan.com
2613,Journal of Government Science (GovSci) : Jurnal Ilmu Pemerintahan,https://govsci.fisip-unmul.ac.id/site/index.php/govsci/oai,ojs2.govsci.fisip-unmul.ac.id
2614,Journal of Halal Product and Research,https://e-journal.unair.ac.id/JHPR/oai,e-journal.unair.ac.id
2615,Journal of Hate Studies,https://jhs.press.gonzaga.edu/jms/index.php/up/oai/,ojs.jhs.press.gonzaga.edu
2616,Journal of Health Policy and Economics,https://johpec.lse.ac.uk/jms/index.php/up/oai/,ojs.johpec.lse.ac.uk
2617,Journal of Health Science and Prevention,http://jurnalfpk.uinsby.ac.id/index.php/jhsp/oai,oai.jurnalfpk.uinsby.ac.id
2618,Journal of Health Science and Prevention,http://jhsp.uinsby.ac.id/index.php/jhsp/oai,ojs2.jhsp.uinsby.ac.id
2619,Journal of Health Sciences,http://ojs.ukw.edu.pl/index.php/johs/oai.,ojs.ukw.edu.pl
2620,Journal of Higher Education Athletics & Innovation,https://journals.shareok.org/jheai/oai,journals.shareok.org
2621,Journal of Himalayan Ecology And Sustainable Development,http://ojs.uok.edu.in/ojs/index.php/jhesd/oai,ojs.localhost
2622,Journal of Horticultural Sciences,https://jhs.iihr.res.in/index.php/jhs/oai,jhs.iihr.res.in
2623,Journal of Humanities and Social Science Research,https://jhssrnet.com/index.php/jhssr/oai,ojs2.jhssrnet.com
2624,Journal of Humanities and Social Sciences invention,http://jhssi.com/index.php/JHSSI/oai,ojs3.jhssi.com
2625,Journal of Humanity,http://journalofhumanity.org/index.php/jh/oai,ojs.journalofhumanity.org
2626,Journal of Illicit Economies and Development,https://account.jied.lse.ac.uk/index.php/lse-j-jied/oai,ojs.pkp.sfu.ca
2627,Journal of Indigenous Wellbeing,http://manage.journalindigenouswellbeing.com/index.php/joiw/oai,ojs.joiw.localhost
2628,Journal of Indonesian Economy and Business,http://jurnal.ugm.ac.id/jieb/oai,jurnal.ugm.ac.id
2629,JOURNAL OF INDONESIAN ISLAM,http://jiis.uinsby.ac.id/index.php/JIIs/oai,ojs.jiis.uinsby.ac.id
2630,Journal of Indonesian Ulama,https://journal.cas.or.id/index.php/jiu/oai,ojs2.journal.cas.or.id
2631,Journal of Industrial Policy and Technology Management,http://www.jipat.org/index.php/index/oai,ojs.jipat.org
2632,Journal of Informatics Electrical and Electronics Engineering (JIEEE),https://jieee.a2zjournals.com/index.php/ieee/oai,oai.jieee.a2zjournals.com
2633,Journal of Information and Library Studies,http://ojs.uninus.ac.id/index.php/BIBLIOTHECA/oai,ojs.localhost
2634,Journal of Information Policy,http://jip.vmhost.psu.edu/ojs/index.php/jip/oai,ojs.localhost
2635,"Journal of Information System,Graphics, Hospitality and Technology",https://jurnal.stts.edu/index.php/insight/oai,ojs.pkp.sfu.ca
2636,Journal of Information Systems,http://jsi.cs.ui.ac.id/index.php/jsi/oai,ojs.jsi.cs.ui.ac.id
2637,Journal of Information Systems for Public Health,http://jurnal.ugm.ac.id/jisph/oai,jurnal.ugm.ac.id
2638,"Journal of Information Systems, Digitization and Business",https://journalkeberlanjutan.com/index.php/jisdb/oai,ojs2.journalkeberlanjutan.com
2639,Journal of Information Technology and Computer Science (JOINTECS),http://publishing-widyagama.ac.id/ejournal-v2/index.php/jointecs/oai,ojs.publishing-widyagama.ac.id
2640,Journal of Innovation in Business and Economics,http://ejournal.umm.ac.id/index.php/jibe/oai,ojs.ejournal.umm.ac.id
2641,Journal of Innovation in Polytechnic Education,http://jipe.ca/index.php/jipe/oai,ojs.vpstest3.lib.sfu.ca
2642,Journal of Innovation Information Technology and Application (JINITA),https://ejournal.pnc.ac.id/index.php/jinita/oai,ejournal.pnc.ac.id
2643,Journal of Integrated -OMICS,http://www.jiomics.com/index.php/index/oai,ojs.xistral.ei.uvigo.es
2644,Journal of Interactive Media in Education,https://jime.open.ac.uk/jms/index.php/up/oai/,ojs.jime.open.ac.uk
2645,Journal of Intercultural Communication,https://www.immi.se/intercultural/oai,ojs2.immi.com
2646,Journal of Interdisciplinary Debates,https://www.periodicojs.com.br/index.php/jid/oai,ojs.pkp.sfu.ca
2647,Journal of International Commercial Law and Technology,http://jiclt.com/index.php/jiclt/oai,ojs.pkp.sfu.ca
2648,Journal of International Commercial Law and Technology,http://www.jiclt.com/index.php/jiclt/oai,ojs.pkp.sfu.ca
2649,Journal of International Education Research (JIER),https://www.cluteinstitute.com/ojs/index.php/JIER/oai,ojs.localhost
2650,Journal of International Energy Policy (JIEP),https://www.cluteinstitute.com/ojs/index.php/JIEP/oai,ojs.localhost
2651,"Journal of International Trade, Logistics and Law",http://jital.org/index.php/index/oai,ojs.pkp.sfu.ca
2652,Journal of Islamic Education Research,https://jier.iain-jember.ac.id/index.php/jier/oai,ojs2.jier.iain-jember.ac.id
2653,Journal of Kidney Cancer and VHL,http://jkcvhl.com/index.php/jkcvhl/oai,jkcv.journals.sfu.ca
2654,Journal of Knowledge Globalization,http://journal.kglobal.org/index.php/index/oai,journal.kglobal.org
2655,Journal of Language Teaching and Research,http://ojs.academypublisher.com/index.php/jltr/oai,ojs.www.academypublisher.com
2656,Journal of Law and Commerce,http://jlc.law.pitt.edu/ojs/index.php/jlc/oai,jlc.law-dev.library.pitt.edu
2657,Journal of Law and Sustainable Development,https://www.journalsdg.org/jlss/oai,ojs.emnuvens.com.br
2658,Journal of Learning for Development - JL4D,http://www.jl4d.org/index.php/ejl4d/oai,ejl4d.journals.sfu.ca
2659,Journal of Liberty and International Affairs,https://e-jlia.com/index.php/jlia/oai,ojs2.e-jlia.com
2660,JOURNAL OF LIFE ECONOMICS,http://www.ratingacademy.com.tr/ojs/index.php/jlecon/oai,ojs2.ratingacademy.com.tr
2661,JOURNAL OF LIFE ECONOMICS,https://journals.gen.tr/index.php/jlecon/oai,ojs322.journals.gen.tr
2662,Journal of Livestock and Animal Health,https://jurnalpolitanipyk.ac.id/index.php/JLAH/oai,ojs2.jurnalpolitanipyk.ac.id
2663,Journal of Long-Term Care,https://journal.ilpnetwork.org/jms/index.php/up/oai/,ojs.journal.ilpnetwork.org
2664,Journal of Lumbini Medical College,http://jlmc.edu.np/index.php/JLMC/oai,ojs.jlmc.edu.np
2665,Journal of Lumbini Medical College,https://jlmc.edu.np/index.php/JLMC/oai,ojs.jlmc.edu.np
2666,Journal of Malikussaleh Public Economics,http://ojs.unimal.ac.id/index.php/jompe/oai,ojs.localhost
2667,Journal of Management,http://jurnalmanagement.org/index.php/manage/oai,ojs2.jurnalmanagement.org
2668,Journal of Management and Business,https://www.journalmabis.org/mabis/oai,ojs.www.journalmabis.org
2669,Journal of Management and Service Science (JMSS),https://jmss.a2zjournals.com/index.php/mss/oai,oai.jmss.a2zjournals.com
2670,Journal of Management for Global Sustainability,http://journals.ateneo.edu/ojs/index.php/jmgs/oai,ojs.journals.ateneo.edu
2671,"Journal of Management Information System, Computer Science, and Applications",https://journal.trunojoyo.ac.id/v3/jomiscsa/oai,ojs2.journal.trunojoyo.ac.id
2672,"Journal Of Management, Accounting, Tourism & Hospitality Studies",https://journal.phang-edu.com/index.php/JOMATH/oai,ojs.journal.phang-edu.com
2673,Journal of Manufacturing Technologies,http://jmt.wip.pw.edu.pl/index.php/JMT/oai,jmt.wip.pw.edu.pl
2674,Journal of Manufacturing Technologies,http://www.jmt.wip.pw.edu.pl/index.php/JMT/oai,jmt.wip.pw.edu.pl
2675,Journal of Markets & Morality,http://www.marketsandmorality.com/index.php/mandm/oai,ojs.pkp.sfu.ca
2676,Journal of Materials and Engineering Structures « JMES »,http://revue.ummto.dz/index.php/JMES/oai,rrst.ummto.dz
2677,Journal of Mathematical Pedagogy (JoMP),https://journal.unesa.ac.id/index.php/JOMP/oai,journal.unesa.ac.id
2678,Journal of Mechanical and Construction Engineering (JMCE),https://jmce.a2zjournals.com/index.php/mce/oai,oai.jmce.a2zjournals.com
2679,Journal of Medical and Biomedical Science,https://jmbs.online/index.php/index/oai,ojs.jmbs.online
2680,Journal of Medical Research and Innovation,http://www.jmri.org.in/index.php/jmri/oai,ojs.pkp.sfu.ca
2681,Journal of Mediterranean Earth Sciences,http://ojs.uniroma1.it/index.php/JMES/oai,ojssapienza.caspur.it
2682,Journal of Mediterranean Earth Sciences,http://www.jmes.uniroma1.it/index.php/JMES/oai,ojssapienza.caspur.it
2683,Journal of Microbiology and Biotechnology Research,https://www.jmbronline.com/index.php/JMBR/oai,ojs.jmbronline.com
2684,Journal of Military and Information Science,http://www.jmisci.com/index.php/JMIS/oai,oai.jmisci.com
2685,Journal of Modeling and Simulation of Materials,https://journals.aijr.org/index.php/jmsm/oai,ojs2.journals.aijr.org
2686,Journal of Modern Materials,https://journals.aijr.in/index.php/jmm/oai,article.journals.aijr.in
2687,Journal of Modern Materials,https://journals.aijr.org/index.php/jmm/oai,ojs2.journals.aijr.org
2688,Journal of Modern Philosophy,https://jmphil.org/jms/index.php/up/oai/,ojs.jmphil.org
2689,Journal of Molecular Biochemistry,http://www.jmolbiochem.com/index.php/JmolBiochem/oai,ojs.jmolbiochem.com
2690,Journal of Molecular Docking,http://journal.umpalangkaraya.ac.id/index.php/jmd/oai,journal.umpalangkaraya.ac.id
2691,Journal of Molecular Signaling,https://www.jmolecularsignaling.com/jms/index.php/up/oai/,ojs.jmolecularsignaling.com
2692,Journal of Montessori Research & Education,https://journalofmore.org/jms/index.php/up/oai/,ojs.jmre.ubiquitypress.com
2693,Journal of Multidisciplinary Applied Natural Science,https://journal.pandawainstitute.com/index.php/jmans/oai,ojs2.journal.pandawainstitute.com
2694,Journal of Multimedia,http://ojs.academypublisher.com/index.php/jmm/oai,ojs.www.academypublisher.com
2695,Journal of Namibian Studies : History Politics Culture,http://ojs.ub.rub.de/index.php/JNS/oai,ojs.ub.rub.de
2696,Journal of Nanotechnology,http://journals.cincader.org/index.php/nanoj/oai,journals.cincader.org
2697,Journal of Networks,http://ojs.academypublisher.com/index.php/jnw/oai,ojs.www.academypublisher.com
2698,Journal of New Approaches in Educational Research,http://naerjournal.ua.es/index.php/naer/oai,ojs.naer.ua.es
2699,Journal of New Trends in Sciences,https://jurnal.aksaraglobal.co.id/index.php/jnts/oai,ojs2.jurnal.aksaraglobal.co.id
2700,"Journal of Nuclear Physics, Material Sciences, Radiation and Applications",https://jnp.chitkara.edu.in/index.php/jnp/oai,ojs2.jnp.chitkara.edu.in
2701,Journal of Nusantara Studies (JONUS),https://journal.unisza.edu.my/jonus/index.php/jonus/oai,jonus.journal.unisza.edu.my
2702,Journal of Nutritional Biology,http://www.gratisoa.org/journals/index.php/GJFN/oai,ojs.gratisoa.org
2703,Journal of Open Archaeology Data,https://openarchaeologydata.metajnl.com/jms/index.php/up/oai/,ojs.openarchaeologydata.metajnl.com
2704,Journal of Open Hardware,https://openhardware.metajnl.com/jms/index.php/up/oai/,ojs.openhardware.metajnl.com
2705,Journal of Open Humanities Data,https://openhumanitiesdata.metajnl.com/jms/index.php/up/oai/,ojs.openhumanitiesdata.metajnl.com
2706,Journal of Open Psychology Data,https://openpsychologydata.metajnl.com/jms/index.php/up/oai/,ojs.openpsychologydata.metajnl.com
2707,Journal of Open Research Software,https://openresearchsoftware.metajnl.com/jms/index.php/up/oai/,ojs.openresearchsoftware.metajnl.com
2708,Journal of Oral Research,http://www.joralres.com/index.php/JOR/oai,ojs.joralres.com
2709,JOURNAL OF ORIGINAL STUDIES,https://journals.gen.tr/index.php/jos/oai,ojs322.journals.gen.tr
2710,Journal of Ozone Therapy,https://ojs.uv.es/index.php/JO3T/oai,ojs.uv.es
2711,Journal of Pharmacopolium,http://ejurnal.stikes-bth.ac.id/index.php/P3M_JoP/oai,ejurnal.stikes-bth.ac.id
2712,Journal of Pharmacy and BioAllied Sciences,http://opubs.com/jpbs/index.php/jpbs/oai,ojs.opubs.com
2713,Journal of Philosophy in Schools,https://jps.bham.ac.uk/jms/index.php/up/oai/,ojs.jps.bham.ac.uk
2714,Journal of Physical Education and Sports Studies,http://besad.org/index.php/index/oai,ojs.www.besad.org
2715,Journal of Phytopathology and Pest Management,http://ppmj.net/index.php/index/oai,ojs.ppmj.net
2716,Journal of Political And Legal Sovereignty,https://acityajournal.com/index.php/jpls/oai,ojs2.acityajournal.com
2717,Journal of Political Discourse,https://jopd.com.ng/index.php/jopd/oai,ojs2.jopd.com.ng
2718,Journal of Politics in Latin America,http://hup.sub.uni-hamburg.de/giga/jpla/oai,hup.sub.uni-hamburg.de.giga
2719,Journal of Portuguese Linguistics,https://jpl.letras.ulisboa.pt/jms/index.php/up/oai/,ojs.jpl.letras.ulisboa.pt
2720,Journal of Positive Psychology and Wellbeing,http://www.journalppw.com/index.php/index/oai,ojs.www.journalppw.com
2721,Journal of Preventive Medicine and Hygiene,http://www.jpmh.org/index.php/index/oai,ojs.www.jpmh.org
2722,Journal of Production and Industrial Engineering,https://www.rame.org.in/rameojs/index.php/jpie/oai,ojs2.www.rame.org.in
2723,Journal of Psychological Perspective,https://ukinstitute.org/journals/jopp/oai,ojs.ukinstitute.org
2724,JOURNAL OF Public Health Concerns,https://e-jurnal.iphorr.com/index.php/phc/oai,ojs2.e-jurnal.iphorr.com
2725,Journal of Public Health Research,http://www.jphres.org/index.php/jphres/oai,ojs.www.jphres.org
2726,Journal of pure & Applied sciences,https://sebhau.edu.ly/journal/index.php/jopas/oai,journal.sebhau.edu.ly
2727,Journal of Quality Assurance  in Islamic Education (JQAIE),https://e-jurnal.iainsorong.ac.id/index.php/jqaie/oai,ojs2.e-jurnal.iainsorong.ac.id
2728,Journal of Recovery Science,http://recoverysciencejournal.org/index.php/JORS/oai,ojs2.recoverysciencejournal.org
2729,Journal of Renal and Hepatic Disorders,https://jrenhep.com/index.php/jrenhep/oai,jrenhep.journals.sfu.ca
2730,Journal of Research and Development,http://ojs.uok.edu.in/ojs/index.php/jrd/oai,ojs.localhost
2731,Journal of Research in Economics and Finance Management,https://journals.csrpublisher.com/index.php/JREFM/oai,ojs2.journals.csrpublisher.com
2732,Journal of Research in Marketing,http://www.jormonline.com/index.php/ijrbt/oai,jorm.tmresearch.ca
2733,Journal of Research in Medical and Dental Science,https://jrmds.in/index.php/JRMDS/oai,ojs.www.jrmds.in
2734,Journal of Science,http://worldsciencepublisher.org/journals/index.php/JOS/oai,ojs.worldsciencepublisher.org
2735,Journal of Science and Research: Revista Ciencia e Investigación,http://revista.utb.edu.ec/index.php/sr/oai,revista.utb.edu.ec
2736,Journal of Science and Research: Revista Ciencia e Investigación,http://revistas.utb.edu.ec/index.php/sr/oai,revista.utb.edu.ec
2737,Journal of Science and Technology of the Arts,http://artes.ucp.pt/ojs/index.php/citarj/oai,ojs.artes.porto.ucp.pt
2738,Journal of Sciences and Engineering,http://journals.cincader.org/index.php/sej/oai,journals.cincader.org
2739,Journal of Scientific Innovation in Medicine,https://journalofscientificinnovationinmedicine.org/jms/index.php/up/oai/,ojs.journalofscientificinnovationinmedicine.org
2740,JOURNAL OF SCIENTIFIC PERSPECTIVES,http://www.ratingacademy.com.tr/ojs/index.php/jsp/oai,ojs2.ratingacademy.com.tr
2741,Journal of Service Science (JSS),https://www.cluteinstitute.com/ojs/index.php/JSS/oai,ojs.localhost
2742,Journal of Small Business Strategy,http://libjournals.mtsu.edu/index.php/jsbs/oai,ojs.libjournals.mtsu.edu
2743,Journal of Social and Political Psychology,http://jspp.psychopen.eu/index.php/index/oai,jspp.psychopen.eu
2744,Journal of Social Sciences and Humanities,https://jsshuok.com/oj/index.php/jssh/oai,ojs2.jsshuok.com
2745,Journal of Socio Economic Research Studies,https://jsers.org/index.php/jsers/oai,ojs2.jsers.org
2746,Journal of Sociology and Christianity,http://sociologyandchristianity.org/ojs2/index.php/jsc/oai,ojs.sociologyandchristianity.org
2747,Journal of Software,http://ojs.academypublisher.com/index.php/jsw/oai,ojs.www.academypublisher.com
2748,Journal Of Student Assignments,http://article.jamestangkudung.com/index.php/josa/oai,ojs2.article.jamestangkudung.com
2749,Journal of Student Science and Technology,http://journal.fsst.ca/jsst/index.php/jsst/oai,jsst.journals.sfu.ca
2750,Journal of Studies in Dynamics and Change (JSDC) -ISSN: 2348-7038,http://jsdc.lokkatha.com/OJS/index.php/jsdc/oai,ojs.jsdc.lokkatha.com
2751,Journal of Sustainability Management (JSM),https://www.cluteinstitute.com/ojs/index.php/JSM/oai,ojs.localhost
2752,Journal of Sustainable Development of Transport and Logistics,https://jsdtl.sciview.net/index.php/jsdtl/oai,ojs2.jsdtl.sciview.net
2753,Journal of System Safety,https://jsystemsafety.com/index.php/jss/oai,ojs2.jsystemsafety.com
2754,Journal of Technology and Exploitation in Mechanical Engineering,https://ph.pollub.pl/index.php/jteme/oai,ojs2.ph.pollub.pl
2755,Journal of Technology Management & Innovation,http://www.jotmi.org/index.php/GT/oai,ojs.jotmi.org
2756,Journal of the Belgian Society of Radiology,https://www.jbsr.be/jms/index.php/up/oai/,ojs.www.jbsr.be
2757,Journal of the European Second Language Association,https://www.euroslajournal.org/jms/index.php/up/oai/,ojs.euroslajournal.org
2758,JOURNAL of THEOLOGICAL STUDENTS,http://jurnal.sttkao.ac.id/index.php/JTS/oai,ojs.jurnal.sttkao.ac.id
2759,Journal of Thermal Engineering,http://www.eds.yildiz.edu.tr/journal-of-thermal-engineering/ajaxtool/oai,""
2760,Journal of Tourism Economics and Policy,https://journalkeberlanjutan.com/index.php/jtep/oai,ojs2.journalkeberlanjutan.com
2761,Journal of Tourism Sustainability,https://jtos.polban.ac.id/jtos/oai,ojs2.jtos.polban.ac.id
2762,Journal of Tourism Sustainability,https://jtos.polban.ac.id/JTOSPOLBAN/oai,ojs2.jtos.polban.ac.id
2763,Journal of Toxicological Education,http://www.jtoxed.org/index.php/jtoxed/oai,ojs.jtoxed.org
2764,Journal of Tropical AgriFood,http://e-journals.unmul.ac.id/index.php/JTAF/oai,ojs.localhost
2765,Journal of Tropical Crop Science,http://j-tropical-crops.com/index.php/agro/oai,ojs.localhost
2766,Journal of Undergraduate Medical Research,https://jumr.co.in/index.php/main/oai,ojs2.jumr.co.in
2767,JOURNAL OF UNIVERSITAS MUHAMMADIYAH PALANGKARAYA,http://journal.umpalangkaraya.ac.id/index.php/index/oai,journal.umpalangkaraya.ac.id
2768,Journal of Universitas Muhammadiyah Sidoarjo,http://ojs.umsida.ac.id/index.php/index/oai,ojs.pkp.sfu.ca
2769,Journal of University of Babylon for Engineering Sciences,https://www.journalofbabylon.com/index.php/JUBES/oai,ojs.pkp.sfu.ca
2770,JOURNAL OF UNIVERSITY OF BABYLON for pure and applied sciences,https://www.journalofbabylon.com/index.php/JUBPAS/oai,ojs.pkp.sfu.ca
2771,Journal of Urban Technology and Sustainability,https://journaluts.emnuvens.com.br/journaluts/oai,ojs.journaluts.emnuvens.com.br
2772,JOURNAL OF VETERINARY ANDROLOGY,http://cesica.org/publicaciones/index.php/journal_veterinary_andrology/oai,ojs.cesica.org
2773,Journal of Veterinary Public Health,http://iavphs.org/jvph/index.php/index/oai,ojs.iavphs.org
2774,Journal Of Vocational Health Studies,https://e-journal.unair.ac.id/JVHS/oai,e-journal.unair.ac.id
2775,Journal of Wireless Sensor Network,http://www.journal.wsnmagazine.com/index.php/journal/oai,ojs.www.journal.wsnmagazine.com
2776,Journal of Work and Organizational Psychology,https://journals.copmadrid.org/jwop/oai,journals.copmadrid.org
2777,Journal of World-Historical Information,http://jwhi.pitt.edu/ojs/index.php/jwhi/oai,ojs.jwhi.pitt.edu
2778,Journal of Zoological And Bioscience Research,https://www.journalzbr.com/index.php/jzbr/oai,ojs.journalzbr.com
2779,Journal on Migration and Human Security,http://jmhs.cmsny.org/index.php/jmhs/oai,jmhs.journals.sfu.ca
2780,Journal Pekommas,https://jurnal.kominfo.go.id/index.php/pekommas/oai,ojs.jurnal.kominfo.go.id
2781,Journal Phasis - Greek and Roman Studies,http://phasis.tsu.ge/index.php/phasis/oai,ojs.phasis.tsu.ge
2782,Journal Sampurasun : Interdisciplinary Studies for Cultural Heritage,http://journal.unpas.ac.id/index.php/sampurasun/oai,ojs.journal.unpas.ac.id
2783,Journal Scientific and Applied of Informatics (JSAI),http://www.jurnal.umb.ac.id/index.php/JSAI/oai,ojs.localhost
2784,Journal Siddiq Institute,https://journal.siddiqinstitute.org/index/oai,journal.siddiqinstitute.org
2785,Journal Sport Academy,https://jurnal.jsa.ikippgriptk.ac.id/index.php/jsa/oai,jurnal.jsa.ikippgriptk.ac.id
2786,Journal Widya Mandala Catholic University Surabaya,http://journal.wima.ac.id/index.php/index/oai,ojs.jurnal.wima.ac.id
2787,Journalism Research,https://www.journals.vu.lt/zurnalistikos-tyrimai/oai,ojs.www4063.vu.lt
2788,Journals of International Black Sea University,http://journal.ibsu.edu.ge/index.php/index/oai,ojs.www.ibsu.edu.ge
2789,Journées de l'interdisciplinarité,https://www.unilim.fr/journees-interdisciplinarite/oai.php,lji.unilim.fr
2790,"JPEKA: Jurnal Pendidikan Ekonomi, Manajemen dan Keuangan",https://journal.unesa.ac.id/index.php/jpeka/oai,journal.unesa.ac.id
2791,JPF (Jurnal Pendidikan Fisika) Universitas Islam Negeri Alauddin Makassar,http://journal.uin-alauddin.ac.id/index.php/PendidikanFisika/oai,journal.uin-alauddin.ac.id
2792,JPI: Journal of Political Issues,https://www.jpi.ubb.ac.id/index.php/JPI/oai,ojs2.jpi.ubb.ac.id
2793,JPM17: Jurnal Pengabdian Masyarakat,http://jurnal.untag-sby.ac.id/index.php/jpm17/oai,jurnal.untag-sby.ac.id
2794,JPP IPTEK (Jurnal Pengabdian dan Penerapan IPTEK),https://ejurnal.itats.ac.id/jpp-iptek/oai,ojs.itats.journal
2795,JPPUMA: Jurnal Ilmu Pemerintahan dan Sosial Politik UMA (Journal of Governance and Political Social UMA),http://ojs.uma.ac.id/index.php/jppuma/oai,ojs.ojs.uma.ac.id
2796,JRK (Jurnal Riset Komunikasi),https://jurnal.untirta.ac.id/index.php/JRKom/oai,jurnal.untirta.ac.id
2797,JRMSI - Jurnal Riset Manajemen Sains Indonesia,http://journal.unj.ac.id/unj/index.php/jrmsi/oai,jurnalunj.journal.unj.ac.id
2798,JS International Journal of Multidisciplinary Research,https://jconsortium.com/index.php/jsijmr/oai,ojs2.jconsortium.com
2799,JScholarship at JHU Sheridan Libraries,http://oai.library.jhu.edu/oai-dspace/request,""
2800,JSU Digital Commons,https://digitalcommons.jsu.edu/do/oai/,digitalcommons.jsu.edu
2801,Jukung (Jurnal Teknik Lingkungan),https://ppjp.ulm.ac.id/journal/index.php/jukung/oai,ojs.ppjp.ulm.ac.id
2802,JUMANJI (Jurnal Masyarakat Informatika Unjani),http://jumanji.unjani.ac.id/index.php/jumanji/oai,ojs2.jumanji.unjani.ac.id
2803,Juniper Publishers,https://juniperpublishers.com/oai.xml,www.juniperpublishers.com
2804,Jurist-Diction,https://e-journal.unair.ac.id/JD/oai,e-journal.unair.ac.id
2805,JURNAL ABDI MERCUSUAR,http://jurnal.mercubaktijaya.ac.id/index.php/jam/oai,ojs2.jurnal.mercubaktijaya.ac.id
2806,Jurnal ABDIMAS PARIWISATA,http://www.amptajurnal.ac.id/index.php/JAP/oai,ojs.amptajurnal.ac.id
2807,Jurnal Adabiyah,http://journal.uin-alauddin.ac.id/index.php/adabiyah/oai,journal.uin-alauddin.ac.id
2808,Jurnal Adhikari,https://www.jurnal-adhikari.id/index.php/adhikari/oai,ojs2.www.jurnal-adhikari.id
2809,Jurnal Administrasi Negara,http://journal.stialanmakassar.ac.id/index.php/jurnal_administrasi_negara/oai,ojs.journal.stialanmakassar.ac.id
2810,Jurnal Administrative Reform (JAR),http://e-journals.unmul.ac.id/index.php/JAR/oai,ojs.localhost
2811,Jurnal Agercolere,https://faperta.unisan.ac.id/jurnal/index.php/jac/oai,ojs.pkp.sfu.ca
2812,JURNAL AGHNIYA,http://ejournal.stiesnu-bengkulu.ac.id/index.php/aghniya/oai,ojs.ejournal.stiesnu-bengkulu.ac.id
2813,Jurnal Aisyah : Jurnal Ilmu Kesehatan,https://aisyah.journalpress.id/index.php/jika/oai,ojs.aisyah.journalpress.id
2814,Jurnal Aisyah : Jurnal Ilmu Kesehatan,https://www.aisyah.journalpress.id/index.php/jika/oai,ojs.aisyah.journalpress.id
2815,Jurnal Aisyah : Jurnal Ilmu Kesehatan,http://ejournal.stikesaisyah.ac.id/index.php/jika/oai,ojs.ejournal.stikesaisyah.ac.id
2816,Jurnal Aisyah : Jurnal Ilmu Kesehatan,https://ejournal.stikesaisyah.ac.id/index.php/jika/oai,ojs.ejournal.stikesaisyah.ac.id
2817,Jurnal Akademika Kimia,http://jurnal.untad.ac.id/jurnal/index.php/JAK/oai,ojs.pkp.sfu.ca
2818,JURNAL AKUNTANSI,http://jurnalfe.ustjogja.ac.id/index.php/akuntansi/oai,ojs.jurnalfe.ustjogja.ac.id
2819,Jurnal Akuntansi dan Bisnis,http://journal.politeknik-pratama.ac.id/index.php/JIAB/oai,journal.politeknik-pratama.ac.id
2820,Jurnal Akuntansi dan Ekonomi Bisnis,https://jurnal.polinema.ac.id/index.php/jaeb/oai,ojs2.jurnal.polinema.ac.id
2821,Jurnal Akuntansi dan Keuangan,http://puslit2.petra.ac.id/ejournal/index.php/aku/oai,puslit2.petra.ac.id
2822,Jurnal Akuntansi dan Manajemen,https://ejournal.stei.ac.id/index.php/JAM/oai,ejournal.stei.ac.id
2823,JURNAL AKUNTANSI DAN PAJAK,http://jurnal.stie-aas.ac.id/index.php/jap/oai,jurnal.stie-aas.ac.id
2824,"Jurnal Akuntansi, Bisnis dan Ekonomi",http://journal.widyatama.ac.id/index.php/jabe/oai,ojs2.journal.widyatama.ac.id
2825,"JURNAL AKUNTANSI, EKONOMI DAN MANAJEMEN BISNIS",http://jurnal.polibatam.ac.id/index.php/JAEMB/oai,jurnal.polibatam.ac.id
2826,Jurnal al Muta'aliyah: Pendidikan Guru Madrasah Ibtidaiyah,https://journal.staidk.ac.id/index.php/almutaliyah/oai,ojs.journal.staidk.ac.id
2827,Jurnal Al-Dirayah,http://jurnal.stiqlathifiyyah.ac.id/index.php/dirayah/oai,ojs.jurnal.stiqlathifiyyah.ac.id
2828,Jurnal AL-IJTIMAIYYAH: Media Kajian Pengembangan Masyarakat Islam,https://jurnal.ar-raniry.ac.id/index.php/PMI/oai,ojs.jurnal.ar-raniry.ac.id
2829,Jurnal Algoritma,https://jurnal.itg.ac.id/index.php/algoritma/oai,ojs3.jurnal.itg.ac.id
2830,Jurnal AlifLam: Journal of Islamic Studies and Humanities,https://journal.staidk.ac.id/index.php/aliflam/oai,ojs2.journal.staidk.com
2831,Jurnal Analis Farmasi,http://ejurnalmalahayati.ac.id/index.php/analisfarmasi/oai,ojs.ejurnalmalahayati.ac.id
2832,Jurnal Anestesi,https://jurnal.stikeskesdam4dip.ac.id/index.php/Anestesi/oai,ojs2.jurnal.stikeskesdam4dip.ac.id
2833,Jurnal Anestesiologi Indonesia,http://ejournal.undip.ac.id/index.php/janesti/oai,ojs.ejournal.undip.ac.id
2834,JURNAL ansiru PAI,http://jurnal.uinsu.ac.id/index.php/ansiru/oai,jurnal.uinsu.ac.id
2835,Jurnal Antropologi: Isu-Isu Sosial Budaya,http://jurnalantropologi.fisip.unand.ac.id/index.php/jantro/oai,ojs.jurnalantropologi.fisip.unand.ac.id
2836,Jurnal Aplikasi IPTEK Indonesia,http://bk.ppj.unp.ac.id/index.php/aiptekin/oai,ojs.bk.ppj.unp.ac.id
2837,Jurnal Arsip Rekayasa Sipil dan Perencanaan,http://jurnal.unsyiah.ac.id/JARSP/oai,jurnal.unsyiah.ac.id
2838,Jurnal Artikula,http://ja.ejournal.id/index.php/artikula/oai,ojs2.ja.ejournal.id
2839,Jurnal ASPIKOM,http://jurnalaspikom.org/index.php/aspikom/oai,ojs.jurnalaspikom.org
2840,JURNAL AT-TURAS,https://ejournal.unuja.ac.id/index.php/at-turas/oai,oai.ejournal.unuja.ac.id
2841,Jurnal BAABU AL-ILMI: Ekonomi dan Perbankan Syariah,http://ejournal.iainbengkulu.ac.id/index.php/alilmi/oai,ojs.ejournal.iainbengkulu.ac.id
2842,Jurnal Bahasa dan Sastra,http://ejournal.unp.ac.id/index.php/ibs/oai,ojs.ejournal.unp.ac.id
2843,JURNAL BELO,https://ojs3.unpatti.ac.id/index.php/belo/oai,ojs3.unpatti.ac.id
2844,Jurnal Benefita,http://ejournal.kopertis10.or.id/index.php/benefita/oai,ojs.ejournal.kopertis10.or.id
2845,Jurnal Berita Ilmu Keperawatan,https://journals2.ums.ac.id/index.php/bik/oai,ojs2.journals2.ums.ac.id
2846,Jurnal Berkala Kesehatan,http://ppjp.unlam.ac.id/journals/index.php/berkala-kesehatan/oai,ojs.ppjp.unlam.ac.id
2847,Jurnal Biology Education,https://www.ojs.serambimekkah.ac.id/jurnal-biologi/oai,ojs2.ojs.serambimekkah.ac.id
2848,Jurnal Biolokus: Jurnal Penelitian Pendidikan Biologi dan Biologi,http://jurnaltarbiyah.uinsu.ac.id/index.php/biolokus/oai,jurnaltarbiyah.uinsu.ac.id
2849,Jurnal Biomedika dan Kesehatan,https://jbiomedkes.org/index.php/jbk/oai,jbiomedkes.org
2850,Jurnal Bisnis Digital (BIDIG),https://ejournal.unmuha.ac.id/index.php/bidig/oai,ojs.pkp.sfu.ca
2851,Jurnal BisTek PERTANIAN: Agribisnis dan Teknologi Hasil Pertanian,https://bistek.journalwidyakarya.ac.id/index.php/bistek/oai,ojs2.bistek.journalwidyakarya.ac.id
2852,Jurnal Borneo Administrator,http://samarinda.lan.go.id/jba/index.php/jba/oai,ojs.localhost
2853,JURNAL COMPUTECH & BISNIS,http://jurnal.stmik-mi.ac.id/index.php/jcb/oai,ojs.jurnal.stmik-mi.ac.id
2854,JURNAL CRANKSHAFT,https://jurnal.umk.ac.id/index.php/cra/oai,ojs.jurnal.umk.ac.id
2855,"Jurnal Darussalam: Jurnal Pendidikan, Komunikasi dan Pemikiran Hukum Islam",http://ejournal.iaida.ac.id/index.php/darussalam/oai,ejournal.iaida.ac.id
2856,Jurnal Didaktika Pendidikan Dasar,https://ojsdikdas.kemdikbud.go.id/index.php/didaktika/oai,ojs2.ojsdikdas.kemdikbud.go.id
2857,Jurnal DIKMAS,https://jurnal.sttarastamarngabang.ac.id/index.php/arastamar/oai,ojs2.jurnal.sttarastamarngabang.ac.id
2858,Jurnal Dimensi Pendidikan dan Pembelajaran,https://journal.umpo.ac.id/index.php/dimensi/oai,ojs.journal.umpo.ac.id
2859,JURNAL DUNIA KESMAS,http://ejurnalmalahayati.ac.id/index.php/duniakesmas/oai,ojs.ejurnalmalahayati.ac.id
2860,Jurnal Ecoment Global; Kajian Bisnis dan Manajemen,http://ejournal.uigm.ac.id/index.php/EG/oai,ejournal.uigm.ac.id
2861,JURNAL ECONOMICA,http://ejournal.stkip-pgri-sumbar.ac.id/index.php/economica/oai,ojs.ejournal.stkip-pgri-sumbar.ac.id
2862,JURNAL EDUCATION AND DEVELOPMENT,http://journal.ipts.ac.id/index.php/ED/oai,ojs2.e-journal.stkiptapselpsp.ac.id
2863,"Jurnal EECCIS (Electrics, Electronics, Communications, Controls, Informatics, Systems)",https://jurnaleeccis.ub.ac.id/index.php/eeccis/oai,jurnaleeccis.ub.ac.id
2864,"Jurnal Ekologi, Masyarakat dan Sains",https://journals.ecotas.org/index.php/ems/oai,ojs2.journals.ecotas.org
2865,Jurnal Ekonomi Bisnis dan Akuntansi (JEBAKU),https://ejurnal.politeknikpratama.ac.id/index.php/jebaku/oai,ojs2.ejurnal.politeknikpratama.ac.id
2866,JURNAL EKONOMI BISNIS DAN MANAJEMEN,https://jurnal.alimspublishing.co.id/index.php/JISE/oai,ojs2.jurnal.alimspublishing.co.id
2867,Jurnal Ekonomi dan Bisnis,https://ejournal.upnvj.ac.id/index.php/ekobis/oai,ojs.upnvj.ac.id
2868,Jurnal Ekonomi dan Bisnis,https://ejurnal.stie-portnumbay.ac.id/index.php/jeb/oai,ojs2.ejurnal.stie-portnumbay.ac.id
2869,Jurnal Ekonomi dan Bisnis Airlangga (J E B A) | Journal of Economics and Business Airlangga,https://e-journal.unair.ac.id/JEBA/oai,e-journal.unair.ac.id
2870,JURNAL EKONOMI DAN PERBANKAN SYARIAH,https://journal.sebi.ac.id/index.php/jeps/oai,ojs.jurnal.sebi.ac.id
2871,Jurnal Ekonomi dan Studi Pembangunan,http://journal2.um.ac.id/index.php/JESP/oai,ojs.journal2.um.ac.id
2872,Jurnal Ekonomi dan Studi Pembangunan (JESP),http://journal.um.ac.id/index.php/jesp/oai,ojs.journal.um.ac.id
2873,Jurnal Ekonomi KIAT,http://jurnalkiatuir.com/index.php/kiat/oai,ojs.jurnalkiatuir.com
2874,JURNAL EKONOMI PENDIDIKAN DAN KEWIRAUSAHAAN,https://journal.unesa.ac.id/index.php/jepk/oai,journal.unesa.ac.id
2875,"Jurnal Ekonomi, Bisnis & Entrepreneurship",http://jurnal.stiepas.ac.id/index.php/jebe/oai,ojs.jurnal.stiepas.ac.id
2876,"Jurnal Ekonomi, Bisnis dan Pendidikan (JEBP)",http://journal3.um.ac.id/index.php/fe/oai,journal3.um.ac.id
2877,Jurnal Eksplora Informatika,https://eksplora.stikom-bali.ac.id/index.php/eksplora/oai,eksplora.stikom-bali.ac.id
2878,Jurnal Elektronika dan Teknik Informatika Terapan ( JENTIK ),https://e-journal.poltek-kampar.ac.id/index.php/JENTIK/oai,ojs2.e-journal.poltek-kampar.ac.id
2879,JURNAL ELTEK,http://jurnal.polinema.ac.id/index.php/eltek/oai,ojs2.jurnal.polinema.ac.id
2880,Jurnal Endurance,http://ejournal.kopertis10.or.id/index.php/endurance/oai,ojs.ejournal.kopertis10.or.id
2881,Jurnal Energi Baru dan Terbarukan,https://ejournal2.undip.ac.id/index.php/jebt/oai,ojs.ejournal2.undip.ac.id
2882,Jurnal Energi dan Teknologi Manufaktur (JETM),https://jurnal.polinema.ac.id/index.php/JETM/oai,ojs2.jurnal.polinema.ac.id
2883,Jurnal Equation,http://ejournal.iainbengkulu.ac.id/index.php/equation/oai,ojs.ejournal.iainbengkulu.ac.id
2884,Jurnal Equation: Teori dan Penelitian Pendidikan Matematika,https://ejournal.iainbengkulu.ac.id/index.php/equation/oai,ojs.ejournal.iainbengkulu.ac.id
2885,JURNAL FAKULTAS ILMU TARBIYAH DAN KEGURUAN,http://jurnaltarbiyah.uinsu.ac.id/index.php/index/oai,jurnaltarbiyah.uinsu.ac.id
2886,Jurnal Fakultas Syari'ah dan Ekonomi Islam UIN Ar Raniry,http://mediasyariahjurnal.com/index.php/index/oai,ojs.www.mediasyariahjurnal.com
2887,Jurnal Farmamedika (Pharmamedika Journal),https://ejournal.sttif.ac.id/index.php/farmamedika/oai,ojs2.localhost
2888,Jurnal Farmasi Malahayati,http://ejurnalmalahayati.ac.id/index.php/farmasi/oai,ojs.ejurnalmalahayati.ac.id
2889,Jurnal Farmasi Sandi Karsa,https://farmasisandikarsa.ac.id/ojs/index.php/JFS/oai,ojs2.farmasisandikarsa.ac.id
2890,Jurnal Farmasi Sandi Karsa,http://jurnal.farmasisandikarsa.ac.id/ojs/index.php/JFS/oai,ojs2.jurnal.farmasisandikarsa.ac.id
2891,Jurnal Filsafat,http://jurnal.ugm.ac.id/wisdom/oai,jurnal.ugm.ac.id
2892,Jurnal Fisika Unand,http://jfu.fmipa.unand.ac.id/index.php/jfu/oai,ojs.jfu.fmipa.unand.ac.id
2893,JURNAL FISIOTERAPI DAN ILMU KESEHATAN SISTHANA,https://jurnal.stikeskesdam4dip.ac.id/index.php/JUFDIKES/oai,ojs2.jurnal.stikeskesdam4dip.ac.id
2894,Jurnal Fitofarmaka Indonesia,http://jurnal.farmasi.umi.ac.id/index.php/fitofarmakaindo/oai,ojs.jurnal.farmasi.umi.ac.id
2895,Jurnal Garasi Buku dan Obrolan Keilmuan,https://sibook.id/index.php/about/oai,ojs2.journal.sibook.id
2896,Jurnal Gema Keperawatan,https://ejournal.poltekkes-denpasar.ac.id/index.php/JGK/oai,ojs.ojs.poltekkes-denpasar.ac.id
2897,Jurnal Gema Ngabdi,http://gemangabdi.unram.ac.id/index.php/gemangabdi/oai,ojs.gemangabdi.unram.ac.id
2898,Jurnal Genta Kebidanan,https://ejournal.politeknikkesehatankartinibali.ac.id/index.php/JGK/oai,ojs2.ejournal.politeknikkesehatankartinibali.ac.id
2899,Jurnal Gizi dan Dietetik Indonesia (Indonesian Journal of Nutrition and Dietetics),http://ejournal.almaata.ac.id/index.php/IJND/oai,ojs.ejournal.almaata.ac.id
2900,Jurnal Global & Strategis,http://e-journal.unair.ac.id/index.php/JGS/oai,e-journal.unair.ac.id
2901,Jurnal Global & Strategis,https://e-journal.unair.ac.id/JGS/oai,e-journal.unair.ac.id
2902,Jurnal Go Infotech,http://jurnal.stmik-aub.ac.id/index.php/goinfotech/oai,ojs.jurnal.stmik-aub.ac.id
2903,Jurnal Go Infotech,https://jurnal.stmik-aub.ac.id/index.php/goinfotech/oai,ojs.jurnal.stmik-aub.ac.id
2904,JURNAL HADRATUL MADANIYAH,http://journal.umpalangkaraya.ac.id/index.php/jhm/oai,journal.umpalangkaraya.ac.id
2905,Jurnal Hama dan Penyakit Tumbuhan Tropika,http://journal.unila.ac.id/index.php/jhtrop/oai,ojs.jurnal.unila.ac.id
2906,Jurnal Hukum Adigama,https://journal.untar.ac.id/index.php/adigama/oai,journal.untar.ac.id
2907,Jurnal Hukum Dan Keadilan,https://jurnal.fhubhara.com/index.php/judiciary/oai,ojs2.jurnal.fhubhara.com
2908,Jurnal Hukum dan Peradilan,http://www.jurnalhukumdanperadilan.org/index.php/index/oai,ojs.jurnalhukumdanperadilan.org
2909,Jurnal Hukum Malahayati,http://ejurnalmalahayati.ac.id/index.php/hukummalahayati/oai,ojs.ejurnalmalahayati.ac.id
2910,Jurnal Hukum Media Bhakti,http://jurnalonlineupb.com/index.php/Mediahukum/oai,ojs.jurnalonlineupb.com
2911,Jurnal Hukum Novelty,http://journal.uad.ac.id/index.php/Novelty/oai,ojs.www.journal.uad.ac.id
2912,JURNAL HURRIAH: Jurnal Evaluasi Pendidikan dan Penelitian,https://academicareview.com/index.php/jh/oai,ojs.academicareview.com
2913,Jurnal IAIN Pontianak,http://jurnaliainpontianak.or.id/index.php/index/oai,ojs.jurnaliainpontianak.or.id
2914,Jurnal ICT : Information Communication & Technology,https://ejournal.ikmi.ac.id/index.php/jict-ikmi/oai,ojs.ejournal.ikmi.ac.id
2915,Jurnal Ilmiah  ILKOMINFO - Ilmu Komputer & Informatika,http://jilkominfo.org/index.php/ejournalaikom/oai,ojs.localhost
2916,Jurnal Ilmiah Akuntansi dan Finansial Indonesia,https://ojs.umrah.ac.id/index.php/jiafi/oai,ojs.pkp.sfu.ca
2917,Jurnal Ilmiah Al-Syir'ah,http://journal.iain-manado.ac.id/index.php/JIS/oai,ojs.journal.iain-manado.ac.id
2918,Jurnal Ilmiah Betrik,https://ejournal.lppmsttpagaralam.ac.id/index.php/betrik/oai,ojs2.ejournal.lppmsttpagaralam.ac.id
2919,Jurnal Ilmiah Binary STMIK Bina Nusantara Jaya,http://e-journal.stmik-bnj.ac.id/index.php/JB/oai,ojs.e-journal.stmik-bnj.ac.id
2920,Jurnal Ilmiah Biosaintropis (Bioscience-Tropic),https://biosaintropis.unisma.ac.id/index.php/biosaintropis/oai,ojs.pkp.sfu.ca
2921,Jurnal Ilmiah Bisnis dan Ekonomi Asia,https://jurnal.stie.asia.ac.id/index.php/jibeka/oai,ojs2.jibeka.asia.ac.id
2922,Jurnal Ilmiah CORE IT,http://jurnalcoreit.lppm-stmik.ibbi.ac.id/oai2_0,""
2923,JURNAL ILMIAH DAN KARYA MAHASISWA (JIKMA),https://jurnal.itbsemarang.ac.id/index.php/JIKMA/oai,ojs2.jurnal.itbsemarang.ac.id
2924,Jurnal Ilmiah Econosains,http://ojs.econosains.com/index.php/econosains/oai,ojs.ojs.econosains.com
2925,JURNAL ILMIAH ECONOSAINS,http://ojs.econosains.com/index.php/index/oai,ojs.ojs.econosains.com
2926,JURNAL ILMIAH EKONOMI ISLAM,http://jurnal.stie-aas.ac.id/index.php/jei/oai,jurnal.stie-aas.ac.id
2927,Jurnal Ilmiah Ekotrans & Erudisi,https://ejurnal-unespadang.ac.id/index.php/JIEE/oai,ojs2.ejurnal-unespadang.ac.id
2928,Jurnal Ilmiah Guru Madrasah,https://www.ojs.man1pidie.com/index.php/jigm/oai,ojs2.ojs.man1pidie.com
2929,Jurnal Ilmiah Hukum LEGALITY,http://ejournal.umm.ac.id/index.php/legality/oai,ojs.ejournal.umm.ac.id
2930,Jurnal Ilmiah Informatika,https://journal.ibrahimy.ac.id/index.php/JIMI/oai,ojs2.journal.ibrahimy.ac.id
2931,Jurnal Ilmiah Inovasi,https://publikasi.polije.ac.id/index.php/jii/oai,ojs.publikasi.polije.ac.id
2932,Jurnal Ilmiah Islam Futura,http://jurnal.ar-raniry.ac.id/index.php/islamfutura/oai,ojs.jurnal.ar-raniry.ac.id
2933,Jurnal Ilmiah KOMPUTASI,http://ejournal.jak-stik.ac.id/index.php/komputasi/oai,ojs.ejournal.jak-stik.ac.id
2934,JURNAL ILMIAH MANAJEMEN & BISNIS,http://jurnal.umsu.ac.id/index.php/mbisnis/oai,ojs.jurnal.umsu.ac.id
2935,Jurnal Ilmiah Manajemen dan Kewirausahaan,https://ejurnal.stie-trianandra.ac.id/index.php/jimak/oai,journal.stiestekom.ac.id
2936,Jurnal Ilmiah Manajemen Kontigensi,http://jurnal.dim-unpas.web.id/index.php/JIMK/oai,ojs.jurnal.dim-unpas.web.id
2937,JURNAL ILMIAH MATRIK,http://jurnal.binadarma.ac.id/index.php/jurnalmatrik/oai,ojs.jurnal.binadarma.ac.id
2938,"Jurnal Ilmiah Media, Public Relations, dan Komunikasi (IMPRESI)",https://jurnal.uns.ac.id/impresi/oai,jurnal.uns.ac.id
2939,Jurnal Ilmiah Nizamia,https://www.jurnalnizamia.com/index.php/nizamia/oai,ojs2.jurnalnizamia.com
2940,Jurnal Ilmiah Pangabdhi,https://journal.trunojoyo.ac.id/pangabdhi/oai,ojs.journal.trunojoyo.ac.id
2941,JURNAL ILMIAH PENDAS: PRIMARY EDUCATION JOURNAL,http://journal.unram.ac.id/index.php/pendas/oai,ojs.journal.unram.ac.id
2942,JURNAL ILMIAH PENDIDIKAN KEBUDAYAAN DAN AGAMA,https://jurnal.alimspublishing.co.id/index.php/JIPA/oai,ojs2.jurnal.alimspublishing.co.id
2943,Jurnal Ilmiah Pendidikan Pancasila dan Kewarganegaraan,http://journal2.um.ac.id/index.php/jppk/oai,ojs.journal2.um.ac.id
2944,Jurnal Ilmiah Penelitian dan Pembelajaran Informatika (JIPI),http://jurnal.stkippgritulungagung.ac.id/index.php/jipi/oai,jurnal.stkippgritulungagung.ac.id
2945,Jurnal Ilmiah Perikanan dan Kelautan,https://e-journal.unair.ac.id/JIPK/oai,e-journal.unair.ac.id
2946,Jurnal Ilmiah Peuradeun,http://journal.scadindependent.org/index.php/jipeuradeun/oai,ojs2.journal.scadindependent.org
2947,Jurnal Ilmiah Rekayasa Pertanian dan Biosistem,https://jrpb.unram.ac.id/index.php/jrpb/oai,ojs2.jrpb.unram.ac.id
2948,Jurnal Ilmiah Religiosity Entity Humanity (JIREH),https://ojs-jireh.org/index.php/jireh/oai,ojs2.ojs-jireh.org
2949,JURNAL ILMIAH SAINS TEKNOLOGI DAN INFORMASI,https://jurnal.alimspublishing.co.id/index.php/JITI/oai,ojs2.jurnal.alimspublishing.co.id
2950,Jurnal Ilmiah SINUS,http://p3m.sinus.ac.id/jurnal/index.php/e-jurnal_SINUS/oai,ojs.p3m.sinus.ac.id
2951,Jurnal Ilmiah SINUS,https://p3m.sinus.ac.id/jurnal/index.php/e-jurnal_SINUS/oai,ojs.p3m.sinus.ac.id
2952,Jurnal Ilmiah Sosio Agribis,https://journal.uwks.ac.id/index.php/sosioagribis/oai,ojs2.journal.uwks.ac.id
2953,JURNAL ILMIAH SYI'AR,http://ejournal.iainbengkulu.ac.id/index.php/syiar/oai,ojs.ejournal.iainbengkulu.ac.id
2954,JURNAL ILMIAH TEKNIK INDUSTRI DAN INOVASI,https://jurnal.alimspublishing.co.id/index.php/JISI/oai,ojs2.jurnal.alimspublishing.co.id
2955,Jurnal Ilmiah Teknik Sipil Agregat,http://ojs.polmed.ac.id/index.php/agregat/oai,ojs.polmed.ac.id
2956,Jurnal Ilmiah Teknologi Informasi Asia,http://jurnal.stmikasia.ac.id/index.php/jitika/oai,jurnal.stmikasia.ac.id
2957,Jurnal Ilmiah Teknologi Informasi Asia,http://www.jurnal.stmikasia.ac.id/index.php/jitika/oai,jurnal.stmikasia.ac.id
2958,Jurnal Ilmiah Teknologi Informasi Asia,http://jurnal2.stmikasia.ac.id/index.php/jitika/oai,oai.jurnal2.stmikasia.ac.id
2959,Jurnal Ilmiah Teknologi Informasi Terapan,http://jitter.widyatama.ac.id/index.php/jitter/oai,ojs.jitter.widyatama.ac.id
2960,Jurnal Ilmiah Teknologi Maritim WAVE,http://ejurnal.bppt.go.id/index.php/JW/oai,ojs.ejurnal.bppt.go.id
2961,Jurnal Ilmiah Universitas Trunojoyo Madura,https://journal.trunojoyo.ac.id/index.php/index/oai,ojs.journal.trunojoyo.ac.id
2962,Jurnal Ilmiah Widya Pustaka Pendidikan,https://jiwpp.unram.ac.id/index.php/widya/oai,ojs2.jiwpp.unram.ac.id
2963,Jurnal Ilmiah Widya Warta,http://puslit2.petra.ac.id/ejournal/index.php/jiw/oai,puslit2.petra.ac.id
2964,Jurnal Ilmu Agama dan Pendidikan Agama Budha,https://journal-stabdharmawidya.ac.id/index.php/contents/oai,ojs2.journal-stabdharmawidya.ac.id
2965,Jurnal Ilmu dan Teknologi Kelautan Tropis,http://journal.ipb.ac.id/index.php/jurnalikt/oai,ojs.journal.ipb.ac.id
2966,Jurnal Ilmu Kebidanan,http://jurnal.adila.ac.id/index.php/jik/oai,ojs.jurnal.adila.ac.id
2967,Jurnal Ilmu Kedokteran dan Kesehatan,http://ejurnalmalahayati.ac.id/index.php/kesehatan/oai,ojs.ejurnalmalahayati.ac.id
2968,Jurnal Ilmu Kehutanan,http://jurnal.ugm.ac.id/jikfkt/oai,jurnal.ugm.ac.id
2969,Jurnal Ilmu Keislaman : Kopertais Wilayah IV,http://maraji.kopertais4.or.id/index.php/index/oai,ohs.kopertais4.or.id
2970,Jurnal Ilmu Keluarga & Konsumen,http://journal.ipb.ac.id/index.php/jikk/oai,ojs.journal.ipb.ac.id
2971,Jurnal Ilmu Keperawatan dan Kebidanan,http://ejr.stikesmuhkudus.ac.id/index.php/jikk/oai,ojs.ejr.stikesmuhkudus.ac.id
2972,Jurnal Ilmu Kesehatan Aisyah,http://stikesaisyah.info/ejurnal/index.php/KESEHATAN/oai,ojs.stikesaisyah.info
2973,Jurnal Ilmu Kesehatan Bhakti Husada: Health Sciences Journal,https://ejournal.stikku.ac.id/index.php/stikku/oai,ojs.pkp.sfu.ca
2974,Jurnal Ilmu Kesehatan MAKIA,http://jurnal.stikesicsada.ac.id/index.php/jmakia/oai,ojs.jurnal.stikesicsada.ac.id
2975,Jurnal Ilmu Komputer dan Bisnis,https://ojs.stmikdharmapalariau.ac.id/index.php/jikb/oai,ojs2.stmikdharmapalariau.ac.id
2976,Jurnal ILMU KOMUNIKASI,https://ojs.uajy.ac.id/index.php/jik/oai,oai.ojs.uajy.ac.id
2977,Jurnal Ilmu Komunikasi,http://ojs.uajy.ac.id/index.php/jik/oai,ojs.uajy.ac.id
2978,Jurnal Ilmu Komunikasi UHO : Jurnal Penelitian Kajian Ilmu  Komunikasi dan Informasi,https://jurnalilmukomunikasi.uho.ac.id/index.php/journal/oai,ojs2.jurnalilmukomunikasi.uho.ac.id
2979,Jurnal Ilmu Manajemen Advantage,https://ejournal.stiewidyagamalumajang.ac.id/index.php/adv/oai,ojs2.ejournal.stiewidyagamalumajang.ac.id
2980,Jurnal Ilmu Perpustakaan & Informasi KHIZANAH AL-HIKMAH,http://journal.uin-alauddin.ac.id/index.php/khizanah-al-hikmah/oai,ojs.demo.uin-alauddin.ac.id
2981,Jurnal Ilmu Sosial dan Ilmu Politik,http://jurnal.ugm.ac.id/jsp/oai,jurnal.ugm.ac.id
2982,Jurnal Ilmu-Ilmu Pertanian Indonesia,https://ejournal.unib.ac.id/index.php/JIPI/oai,ojs.localhost
2983,Jurnal IMT,http://digital-semesta.com/qjournal/index.php/imt/oai,ojs.digital-semesta.com
2984,Jurnal Indah Sains dan Klinis,http://stikesindah.ac.id/jurnal/index.php/jisk/oai,ojs2.stikesindah.ac.id
2985,Jurnal Industri Pertanian,http://jurnal.unpad.ac.id/justin/oai,ojs.jurnal.unpad.ic.id
2986,JURNAL INFO KESEHATAN,http://jurnal.poltekeskupang.ac.id/index.php/infokes/oai,ojs88.jurnal.poltekeskupang.ac.id
2987,Jurnal Informasi Pengabdian Masyarakat,https://e-journal.nalanda.ac.id/index.php/jipm/oai,ojs2.e-journal.nalanda.ac.id
2988,"Jurnal Informasi, Perpustakaan, dan Kearsipan (JIPKA)",https://jurnal.untan.ac.id/index.php/JIPKA/oai,jurnal.untan.ac.id
2989,Jurnal Informatika,http://puslit2.petra.ac.id/ejournal/index.php/inf/oai,puslit2.petra.ac.id
2990,Jurnal Informatika : Jurnal Pengembangan IT,http://ejournal.poltektegal.ac.id/index.php/informatika/oai,ojs.ejournal.poltektegal.ac.id
2991,Jurnal Informatika dan Sains,http://jurnal.ietrilogi.id/index.php/JISA/oai,ojs2.jurnal.ietrilogi.id
2992,Jurnal Informatika dan Teknik Elektro Terapan,https://journal.eng.unila.ac.id/index.php/jitet/oai,ojs.journal.eng.unila.ac.id
2993,Jurnal Informatika Universitas Pamulang,http://openjournal.unpam.ac.id/index.php/informatika/oai,openjurnal.unpam.ac.id
2994,Jurnal INKOFAR,http://www.politeknikmeta.ac.id/meta/ojs/index.php/inkofar/oai,ojs.politeknikmeta.ac.id
2995,Jurnal Inovasi Bisnis,http://ejournal.polbeng.ac.id/index.php/IBP/oai,ojs.ejournal.polbeng.ac.id
2996,Jurnal Inovasi Ilmu Sosial dan Politik (JISoP),https://riset.unisma.ac.id/index.php/JISoP/oai,oai.riset.unisma.id
2997,Jurnal Inovasi Matematika,https://inomatika.stkipmbb.ac.id/index.php/inomatika/oai,ojs.inomatika.stkipmbb.ac.id
2998,Jurnal Insan Cendekia,http://digilib.stikesicme-jbg.ac.id/ojs/index.php/jic/oai,ojs.digilib.stikesicme-jbg.ac.id
2999,Jurnal INTECH Teknik Industri Universitas Serang Raya,http://e-jurnal.lppmunsera.org/index.php/INTECH/oai,e-jurnal.lppmunsera.org
3000,JURNAL INTEGRASI,http://jurnal.polibatam.ac.id/index.php/JI/oai,jurnal.polibatam.ac.id
3001,Jurnal Integrasi dan Harmoni Inovatif Ilmu-Ilmu Sosial (JIHI3S),http://journal3.um.ac.id/index.php/fis/oai,journal3.um.ac.id
3002,Jurnal Integrasi Kesehatan & Sains,https://ejournal.unisba.ac.id/index.php/jiks/oai,oai.ejournal.unisba.ac.id
3003,Jurnal Integrasi Sumber Daya Manusia,https://jurnal.amalinsani.org/index.php/jisdm/oai,ojs2.jurnal.amalinsani.org
3004,Jurnal Interaktif: Warta Pengabdian Pendidikan,https://jiwpp.unram.ac.id/index.php/jiwpp/oai,ojs2.jiwpp.unram.ac.id
3005,Jurnal IPTEK,http://ejurnal.itats.ac.id/index.php/iptek/oai,ojs.itats.journal
3006,JURNAL IPTEKKOM : Jurnal Ilmu Pengetahuan & Teknologi Informasi,https://jurnal.kominfo.go.id/index.php/iptekkom/oai,ojs.jurnal.kominfo.go.id
3007,Jurnal Ipteks Terapan,http://ejournal.kopertis10.or.id/index.php/jit/oai,ojs.ejournal.kopertis10.or.id
3008,Jurnal Ipteks Terapan  (Research Of Applied Science And Education ),http://publikasi.lldikti10.id/index.php/jit/oai,publikasi.lldikti10
3009,Jurnal IUS Online Journal System,http://jurnalius.ac.id/ojs/index.php/index/oai,ojs.pkp.sfu.ca
3010,Jurnal Jaffray,http://ojs.sttjaffray.ac.id/index.php/JJV71/oai,ojs.localhost
3011,JURNAL JUDIKHU,https://ejurnal.universitaskarimun.ac.id/index.php/JUDIKHU/oai,ojs2.ejurnal.universitaskarimun.ac.id
3012,JURNAL KABAR MASYARAKAT,https://jurnal.itbsemarang.ac.id/index.php/JKB/oai,ojs2.jurnal.itbsemarang.ac.id
3013,Jurnal Kajian Bimbingan dan Konseling,http://journal.um.ac.id/index.php/bk/oai,ojs.journal.um.ac.id
3014,Jurnal Kajian Bimbingan dan Konseling,http://journal2.um.ac.id/index.php/jkbk/oai,ojs.journal2.um.ac.id
3015,Jurnal Kajian Bimbingan dan Konseling,http://journal-fip.um.ac.id/index.php/jkbk/oai,ojs2.journal-fip.um.ac.id
3016,Jurnal Kajian Bimbingan dan Konseling,http://journal.fip.um.ac.id/index.php/jkbk/oai,ojs2.journal.fip.um.ac.id
3017,Jurnal Kajian dan Penalaran Ilmu Manajemen,https://jurnal.aksaraglobal.co.id/index.php/jkpim/oai,ojs2.jurnal.aksaraglobal.co.id
3018,Jurnal Kajian dan Penelitian Umum,https://e-journal.nalanda.ac.id/index.php/jkpu/oai,ojs2.e-journal.nalanda.ac.id
3019,Jurnal Kajian Ilmiah Kesehatan dan Teknologi,http://jurnal.polanka.ac.id/index.php/JKIKT/oai,ojs2.jurnal.polanka.ac.id
3020,Jurnal Kajian Penelitian Pendidikan dan Kebudayaan,https://jurnal.aksaraglobal.co.id/index.php/jkppk/oai,ojs2.jurnal.aksaraglobal.co.id
3022,Jurnal Kajian Stratejik Ketahanan dan Ilmu Sosial,https://jurnal.aksaraglobal.co.id/index.php/jkstis/oai,ojs2.jurnal.aksaraglobal.co.id
3023,Jurnal Kajian Wilayah,http://jkw.psdr.lipi.go.id/index.php/jkw/oai,ojs.pkp.sfu.ca
3024,Jurnal Kawistara,http://jurnal.ugm.ac.id/kawistara/oai,jurnal.ugm.ac.id
3025,Jurnal Keamanan Nasional,http://jurnal.ubharajaya.ac.id/index.php/kamnas/oai,ojs.ojs.ubharajaya.ac.id
3026,Jurnal Keamanan Nasional,http://ojs.ubharajaya.ac.id/index.php/kamnas/oai,ojs2.ojs.ubharajaya.ac.id
3027,Jurnal Kebidanan,http://digilib.stikesicme-jbg.ac.id/ojs/index.php/jib/oai,ojs.digilib.stikesicme-jbg.ac.id
3028,Jurnal Kebidanan Mutiara Mahakam,http://jurnal.stikesmm.ac.id/index.php/jkmm/oai,jurnal.akbidmm.ac.id
3029,JURNAL KEDOKTERAN DIPONEGORO (DIPONEGORO MEDICAL JOURNAL),https://ejournal3.undip.ac.id/index.php/medico/oai,ojs.ejournal3.undip.ac.id
3030,Jurnal Kedokteran Meditek,http://ejournal.ukrida.ac.id/ojs/index.php/Meditek/oai,ojs.pkp.sfu.ca
3031,Jurnal Kedokteran YARSI,http://academicjournal.yarsi.ac.id/index.php/jurnal-fk-yarsi/oai,ojs.localhost
3032,Jurnal Kelautan dan Perikanan Indonesia,https://jurnal.unsyiah.ac.id/JKPI/oai,jurnal.unsyiah.ac.id
3033,"Jurnal Kepariwisataan: Destinasi, Hospitalitas dan Perjalanan",https://journal.stp-bandung.ac.id/index.php/jk/oai,ojs2.journal.stp-bandung.ac.id
3034,Jurnal Keperawatan,http://digilib.stikesicme-jbg.ac.id/ojs/index.php/jip/oai,ojs.digilib.stikesicme-jbg.ac.id
3035,JURNAL KEPERAWATAN SISTHANA,https://jurnal.stikeskesdam4dip.ac.id/index.php/SISTHANA/oai,ojs2.jurnal.stikeskesdam4dip.ac.id
3036,Jurnal Kesehatan,http://ejurnal.stikesprimanusantara.ac.id/index.php/JKPN/oai,ojs.ejurnal.stikesprimanusantara.ac.id
3037,Jurnal Kesehatan,https://jurkes.polije.ac.id/index.php/journal/oai,ojs.jurkes.polije.ac.id
3038,Jurnal Kesehatan,https://journal.stikesborromeus.ac.id/index.php/jks/oai,ojs2.journal.stikesborromeus.ac.id
3039,Jurnal Kesehatan Andalas,http://jurnal.fk.unand.ac.id/index.php/jka/oai,ojs.jurnal.fk.unand.ac.id
3040,Jurnal Kesehatan Ibu dan Anak,http://e-journal.poltekkesjogja.ac.id/index.php/kia/oai,ojs2.e-journal.poltekkesjogja.ac.id
3041,JURNAL KESEHATAN INDRA HUSADA,http://ojs.stikesindramayu.ac.id/index.php/JKIH/oai,ojs.localhost
3042,Jurnal Kesehatan Komunitas,http://jurnal.htp.ac.id/index.php/keskom/oai,ojs.pkp.sfu.ca
3043,Jurnal Kesehatan Madani Medika (JKMM),https://jurnalmadanimedika.ac.id/index.php/JMM/oai,ojs2.jurnalmadanimedika.ac.id
3044,JURNAL KESEHATAN MERCUSUAR,http://jurnal.mercubaktijaya.ac.id/index.php/mercusuar/oai,ojs2.jurnal.mercubaktijaya.ac.id
3045,Jurnal Kesehatan Panca Bhakti Lampung,http://ejournal.pancabhakti.ac.id/index.php/jkpbl/oai,ojs2.ejournal.pancabhakti.ac.id
3046,Jurnal Kesehatan Qamarul Huda,https://jkqh.uniqhba.ac.id/index.php/kesehatan/oai,ojs2.jkqh.uniqhba.ac.id
3047,Jurnal Kesehatan SAMODRA ILMU,http://ejournal.stikes-yogyakarta.ac.id/index.php/jksi/oai,ojs.ejournal.stikes-yogyakarta.ac.id
3048,Jurnal Ketahanan Nasional,http://jurnal.ugm.ac.id/jkn/oai,jurnal.ugm.ac.id
3049,Jurnal Kewirausahaan,http://puslit2.petra.ac.id/ejournal/index.php/jkw/oai,puslit2.petra.ac.id
3050,"Jurnal Khitah: Kajian Islam, Budaya dan Humaniora",https://ejournal.hmi-gowaraya.org/index.php/jurnalkhitah/oai,ojs.ejournal.hmi-gowaraya.org
3051,"Jurnal Khitah: Kajian Islam, Budaya dan Humaniora",http://ejournal.hmi-gowaraya.org/index.php/jurnalkhitah/oai,ojs.localhost
3052,JURNAL KIMIA MULAWARMAN,http://jurnal.kimia.fmipa.unmul.ac.id/index.php/JKM/oai,ojs.jurnal.kimia.fmipa.unmul.ac.id
3053,JURNAL KIMIA MULAWARMAN,http://jurnal.kimia.fmipa.unmul.ac.id/index.php/kimia/oai,ojs.jurnal.kimia.fmipa.unmul.ac.id
3054,"Jurnal Komunika : Jurnal Komunikasi, Media dan Informatika",https://jurnal.kominfo.go.id/index.php/komunika/oai,ojs.jurnal.kominfo.go.id
3055,Jurnal Komunikasi,https://journal.trunojoyo.ac.id/komunikasi/oai,ojs.journal.trunojoyo.ac.id
3056,Jurnal Komunikasi Universitas Garut: Hasil Pemikiran dan Penelitian,https://journal.uniga.ac.id/index.php/JK/oai,ojs.journal.uniga.ac.id
3057,Jurnal Konstitusi,https://jurnalkonstitusi.mkri.id/index.php/jk/oai,ojs.jurnalkonstitusi.mkri.id
3058,JURNAL KREATIVITAS PENGABDIAN KEPADA MASYARAKAT,http://ejurnalmalahayati.ac.id/index.php/kreativitas/oai,ojs.ejurnalmalahayati.ac.id
3059,JURNAL KRIDATAMA SAINS DAN TEKNOLOGI,http://jurnal.umnu.ac.id/index.php/KST/oai,ojs.jurnal.umnu.ac.id
3060,Jurnal Kridatama Sains dan Teknologi,http://jurnal.umnu.ac.id/index.php/kst/oai,ojs.jurnal.umnu.ac.id
3061,Jurnal Krisnadana,https://ejournal.catuspata.com/index.php/jkdn/oai,oai.ejournal.catuspata.com
3062,Jurnal Kwangan,https://jurnalkwangsan.kemdikbud.go.id/index.php/index/oai,ojs.jurnalkwangsan.kemdikbud.go.id
3063,Jurnal Lahan Suboptimal,https://jlsuboptimal.unsri.ac.id/index.php/jlso/oai,jlsuboptimal.unsri.ac.id
3064,Jurnal Latihan,https://labkom.co.id/ojs/index.php/jl/oai,ojs.labkom.co.id
3065,Jurnal Ledalero,http://www.ejurnal.stfkledalero.ac.id/index.php/JLe/oai,ojs.ejurnal.stfkledalero.ac.id
3066,"Jurnal Lentera : Kajian Keagamaan, Keilmuan dan Teknologi",http://ejournal.staimnglawak.ac.id/index.php/lentera/oai,ojs3.ejournal.staimnglawak.ac.id
3067,JURNAL LENTERA AKUNTANSI,https://plj.ac.id/ojs/index.php/jrakt/oai,ojs.plj.ac.id
3068,Jurnal LIPI,http://digital-semesta.com/qjournal/index.php/lipi/oai,ojs.digital-semesta.com
3069,JURNAL LITBANG KOTA PEKALONGAN,https://jurnal.pekalongankota.go.id/index.php/litbang/oai,ojs.pkp.sfu.ca
3070,Jurnal Madania,http://ejurnal.iainbengkulu.ac.id/index.php/mdn/oai,ojs.ejurnal.iainbengkulu.ac.id
3071,Jurnal Madania,http://madania.iainbengkulu.ac.id/index.php/madania/oai,ojs.madania.iainbengkulu.ac.id
3072,Jurnal Madania IAIN Bengkulu,http://madania.iainbengkulu.ac.id/index.php/index/oai,ojs.madania.iainbengkulu.ac.id
3073,Jurnal Magister Ilmu Hukum,https://jurnal.fhubhara.com/index.php/dekrit/oai,ojs2.jurnal.fhubhara.com
3074,Jurnal Maitreyawira,https://maitreyawira.e-journal.id/jm/oai,maitreyawira.e-journal.id
3075,"Jurnal Maksipreneur: Manajemen, Koperasi, dan Entrepreneurship",http://ejournal.up45.ac.id/index.php/maksipreneur/oai,ojs.ejournal.up45.ac.id
3076,JURNAL MANAJEMEN DAN BISNIS EKONOMI,https://jurnal.itbsemarang.ac.id/index.php/JMBE/oai,ojs2.jurnal.itbsemarang.ac.id
3077,Jurnal Manajemen dan Budaya,https://journal.staidk.ac.id/index.php/manajemenbudaya/oai,ojs.journal.staidk.ac.id
3078,Jurnal Manajemen dan Ekonomi Kreatif,https://ukitoraja.id/index.php/jumek/oai,ojs2.ukitoraja.id
3079,Jurnal Manajemen dan Kewirausahaan,http://puslit2.petra.ac.id/ejournal/index.php/man/oai,puslit2.petra.ac.id
3080,Jurnal Manajemen dan Pemasaran Jasa,http://www.trijurnal.lemlit.trisakti.ac.id/index.php/jasa/oai,ojs.www.trijurnal.lemlit.trisakti.ac.id
3081,Jurnal Manajemen Jayanegara,http://jurnal.stiekn.ac.id/index.php/jmj/oai,ojs.jurnal.stiekn.ac.id
3082,Jurnal Manajemen Kesehatan Yayasan RS.Dr. Soetomo,http://jurnal.stikes-yrsds.ac.id/index.php/JMK/oai,ojs.jurnal.stikes-yrsds.ac.id
3083,Jurnal Manajemen KINERJA (Ejournal),http://jurnal.narotama.ac.id/index.php/kinerja/oai,ojs.ojs.narotama.ac.id
3084,Jurnal Manajemen Pemasaran,http://puslit2.petra.ac.id/ejournal/index.php/mar/oai,puslit2.petra.ac.id
3085,Jurnal Manajemen Perhotelan,http://puslit2.petra.ac.id/ejournal/index.php/hot/oai,puslit2.petra.ac.id
3086,Jurnal Manajemen Teori dan Terapan  | Journal of Theory and Applied Management,http://e-journal.unair.ac.id/index.php/JMTT/oai,e-journal.unair.ac.id
3087,Jurnal Manajemen Teori dan Terapan  | Journal of Theory and Applied Management,https://e-journal.unair.ac.id/JMTT/oai,e-journal.unair.ac.id
3088,Jurnal Manajemen Terapan dan Keuangan,https://online-journal.unja.ac.id/mankeu/oai,ojs.pkp.sfu.ca
3089,JURNAL MANAJEMEN UNIVERSITAS BUNG HATTA,http://ejurnal.bunghatta.ac.id/JMN-oai,ejurnal.bunghatta.ac.id
3090,Jurnal Manajerial,http://www.jurnalmanajerial.net/index.php/JM/oai.,ojs.www.jurnalmanajerial.net
3091,Jurnal Mata Optik,https://arogapopin.ac.id/journal/index.php/mataoptik/oai,ojs2.arogapopin.ac.id
3092,Jurnal Matematika UNAND,http://jmua.fmipa.unand.ac.id/index.php/jmua/oai,ojs.jmua.fmipa.unand.ac.id
3093,"Jurnal Matematika, Sains, Dan Teknologi",http://jurnal.ut.ac.id/JMST/oai,jurnal.ut.ac.id
3094,Jurnal Maternitas Kebidanan,http://jurnal.unprimdn.ac.id/index.php/Jumkep/oai,jurnal.unprimdn.ac.id
3095,JURNAL MEDIA PENDIDIKAN AGAMA ISLAM,https://ejournal-pps.unsuri.id/index.php/jmpai/oai,ojs2.ejournal-pps.unsuri.id
3096,JURNAL MEDIA WISATA: Wahana Informasi Pariwisata,http://www.amptajurnal.ac.id/index.php/MWS/oai,ojs.amptajurnal.ac.id
3097,Jurnal Medika Malahayati,http://ejurnalmalahayati.ac.id/index.php/medika/oai,ojs.ejurnalmalahayati.ac.id
3098,Jurnal Medika Nusantara,https://jurnal.stikeskesdam4dip.ac.id/index.php/Medika/oai,ojs2.jurnal.stikeskesdam4dip.ac.id
3099,Jurnal Metalurgi dan Material Indonesia,https://www.materialmetalurgi.id/index.php/JMMI/oai,ojs2.www.materialmetalurgi.id
3100,Jurnal Meteorologi dan Geofisika,http://puslitbang.bmkg.go.id/jmg/index.php/jmg/oai,ojs2.puslitbang.bmkg.go.id
3101,Jurnal MIPA dan Pembelajarannya (JMIPAP),http://journal3.um.ac.id/index.php/mipa/oai,journal3.um.ac.id
3102,Jurnal Mitra Prima,http://jurnal.unprimdn.ac.id/index.php/Mitra_prima/oai,jurnal.unprimdn.ac.id
3103,Jurnal Mosharafa,http://e-mosharafa.org/index.php/mosharafa/oai,e-mosharafa.org
3104,Jurnal MoZaiK,http://ijc.ilearning.co/index.php/mozaik/oai,ojs.ijc.ilearning.co
3105,Jurnal MSA ( Matematika dan Statistika serta Aplikasinya ),http://journal.uin-alauddin.ac.id/index.php/msa/oai,journal.uin-alauddin.ac.id
3106,Jurnal Muara Olahraga,http://ejournal.stkip-mmb.ac.id/index.php/pjkr/oai,ojs2.ejournal.stkip-mmb.ac.id
3107,Jurnal Muara Pendidikan,http://ejournal.stkip-mmb.ac.id/index.php/mp/oai,ojs2.ejournal.stkip-mmb.ac.id
3108,JURNAL MUDARRISA,http://mudarrisa.iainsalatiga.ac.id/index.php/mudarrisa/oai,ojs.e-journal.stainsalatiga.ac.id
3109,Jurnal Munaqasyah,https://ejournal.stib.ac.id/index.php/mnq/oai,ojs2.ejournal.stib.ac.id
3110,Jurnal Nasional Komputasi dan Teknologi Informasi (JNKTI),https://ojs.serambimekkah.ac.id/jnkti/oai,ojs.jurnal.serambimekkah.ac.id
3111,Jurnal Ners,http://e-journal.unair.ac.id/index.php/JNERS/oai,e-journal.unair.ac.id
3112,Jurnal Ners,https://e-journal.unair.ac.id/JNERS/oai,e-journal.unair.ac.id
3113,Jurnal Ners dan Kebidanan,http://jnk.phb.ac.id/index.php/index/oai,ojs.jnkjournal.com
3114,Jurnal Ners dan Kebidanan (Journal of Ners and Midwifery),http://jnk.phb.ac.id/index.php/jnk/oai,ojs.jnkjournal.com
3115,JURNAL NISBAH,http://ejournal.unida.ac.id/index.php/JN/oai,ejournal.unida.ac.id
3116,JURNAL NISBAH,http://ojs.unida.ac.id/index.php/JN/oai,ejournal.unida.ac.id
3117,Jurnal Nusantara Berbakti,https://ukitoraja.id/index.php/jnb/oai,ojs2.ukitoraja.id
3118,Jurnal of Management and Social Sciences,https://jurnal.aksaraglobal.co.id/index.php/jmsc/oai,ojs2.jurnal.aksaraglobal.co.id
3119,Jurnal Online S1 Teknik Informatika,https://ejournal.unesa.ac.id/index.php/JurnalOnlineSTIf/oai,ejournal.unesa.ac.id
3120,Jurnal Online Universitas 45 Surabaya,http://jurnal.univ45sby.ac.id/index.php/index/oai,ojs.jurnal.univ45sby.ac.id
3121,Jurnal Online Universitas Pertahanan,http://jurnal.idu.ac.id/index.php/index/oai,jurnal.idu.ac.id
3122,Jurnal Optimasi Sistem Industri,http://josi.ft.unand.ac.id/index.php/josi/oai,ojs.josi.ft.unand.ac.id
3123,Jurnal Optimasi Sistem Industri,https://josi.ft.unand.ac.id/index.php/josi/oai,ojs.josi.ft.unand.ac.id
3124,Jurnal Organisasi Dan Manajemen,http://jurnal.ut.ac.id/JOM/oai,jurnal.ut.ac.id
3125,Jurnal Pamator : Jurnal Ilmiah Universitas Trunojoyo,https://journal.trunojoyo.ac.id/pamator/oai,ojs.journal.trunojoyo.ac.id
3126,Jurnal Pancasila,https://jurnal.ugm.ac.id/pancasila/oai,jurnal.ugm.ac.id
3127,Jurnal Panji Keadilan : Jurnal Ilmiah Nasional Mahasiswa Hukum,http://jurnal.umb.ac.id/index.php/panjikeadilan/oai,ojs.localhost
3128,Jurnal Paradigma (JP),http://e-journals.unmul.ac.id/index.php/JParadigma/oai,ojs.localhost
3129,Jurnal Pembaharuan Hukum,http://jurnal.unissula.ac.id/index.php/PH/oai,ojs.jurnal.unissula.ac.id
3130,Jurnal Pembelajaran Sastra,https://journal.hiskimalang.com/index.php/hiskimalang/oai,ojs2.journal.hiskimalang.com
3131,Jurnal Pena Sains,https://journal.trunojoyo.ac.id/penasains/oai,ojs.journal.trunojoyo.ac.id
3132,Jurnal Pendidikan,http://jurnal.ut.ac.id/JP/oai,jurnal.ut.ac.id
3133,Jurnal Pendidikan Bahasa dan Sastra Indonesia Metalingua,https://journal.trunojoyo.ac.id/metalingua/oai,ojs.journal.trunojoyo.ac.id
3134,JURNAL PENDIDIKAN DAN ILMU SOSIAL (JUPENDIS),https://jurnal.itbsemarang.ac.id/index.php/JUPENDIS/oai,ojs2.jurnal.itbsemarang.ac.id
3135,Jurnal Pendidikan Ekonomi (JUPE),https://ejournal.unesa.ac.id/index.php/jupe/oai,ojs2.ejournal.unesa.ac.id
3136,Jurnal Pendidikan Ekonomi dan Bisnis (JPEB),http://journal.unj.ac.id/unj/index.php/jpeb/oai,jurnalunj.journal.unj.ac.id
3137,Jurnal Pendidikan Ekonomi Dan Bisnis (JPEB),http://ojs.jpeb.net/index.php/index/oai,ojs.ojs.jpeb.net
3138,Jurnal Pendidikan Ekonomi Dan Bisnis (JPEB),http://ojs.jpeb.net/index.php/jpeb/oai,ojs.ojs.jpeb.net
3139,"JURNAL PENDIDIKAN EKONOMI: Jurnal Ilmiah Ilmu Pendidikan, Ilmu Ekonomi dan Ilmu Sosial",http://jurnal.unej.ac.id/index.php/JPE/oai,ojs.pkp.sfu.ca
3140,Jurnal Pendidikan Fisika,https://journal.unismuh.ac.id/index.php/jpf/oai,journal.unismuh.ac.id
3141,Jurnal Pendidikan Fisika,http://jurnal.unimed.ac.id/2012/index.php/jpf/oai,ojs.jurnal.unimed.ac.id
3142,JURNAL PENDIDIKAN GLASSER,http://lonsuit.unismuhluwuk.ac.id/index.php/glasser/oai,ojs.lonsuit.unismuhluwuk.ac.id
3143,Jurnal Pendidikan Humaniora,http://journal.um.ac.id/index.php/jph/oai,ojs.journal.um.ac.id
3144,Jurnal Pendidikan Islam,http://journal.uinsgd.ac.id/index.php/jpi/oai,ojs.journal.uinsgd.ac.id
3145,Jurnal Pendidikan Islam Indonesia,http://ojs.pps-ibrahimy.ac.id/index.php/jpii/oai,ojs2.ojs.pps-ibrahimy.ac.id
3146,Jurnal Pendidikan Islam Indonesia,https://ojs.pps-ibrahimy.ac.id/index.php/jpii/oai,ojs2.ojs.pps-ibrahimy.ac.id
3147,Jurnal Pendidikan Islam Indonesia,https://ojs.pps.ibrahimy.ac.id/index.php/jpii/oai,ojs2.ojs.pps-ibrahimy.ac.id
3148,Jurnal Pendidikan Matematika (JPM),https://riset.unisma.ac.id/index.php/jpm/oai,oai.riset.unisma.id
3149,Jurnal Pendidikan MIPA,http://jurnal.fkip.unila.ac.id/index.php/jpmipa/oai,ojs.jurnal.fkip.unila.ac.id
3150,Jurnal Pendidikan Sains (JPS),http://journal.um.ac.id/index.php/jps/oai,ojs.journal.um.ac.id
3151,JURNAL PENDIDIKAN SAINS DAN APLIKASINYA,http://journal.ikippgriptk.ac.id/index.php/JPSA/oai,ojs.localhost
3152,Jurnal Pendidikan Sosiologi dan Humaniora,https://jurnal.untan.ac.id/index.php/JPSH/oai,jurnal.untan.ac.id
3153,Jurnal Pendidikan Terbuka Dan Jarak Jauh,http://jurnal.ut.ac.id/JPTJJ/oai,jurnal.ut.ac.id
3154,"Jurnal Pendidikan: Teori, Penelitian, dan Pengembangan",http://journal.um.ac.id/index.php/jptpp/oai,ojs.journal.um.ac.id
3155,Jurnal Penelitan Ekonomi dan Bisnis,http://publikasi.dinus.ac.id/index.php/jpeb/oai,publikasi.dinus.ac.id
3156,Jurnal Penelitian dan Pengabdian kepada Masyarakat UNSIQ,http://jurnalppkm.unsiq.ac.id/index.php/ppkm/oai,ojs.jurnalppkm.unsiq.ac.id
3157,Jurnal Penelitian dan Pengkajian Ilmu Pendidikan: e-Saintika,https://journal-center.litpam.com/index.php/e-Saintika/oai,ojs.pkp.sfu.ca
3158,Jurnal Penelitian Fisika dan Aplikasinya (JPFA),https://journal.unesa.ac.id/index.php/jpfa/oai,journal.unesa.ac.id
3159,Jurnal Penelitian Kelapa Sawit,http://jurnalkelapasawit.iopri.org/index.php/jpks/oai,ojs3.jurnalkelapasawit.iopri.org
3160,Jurnal Penelitian Komunikasi,http://bppkibandung.id/index.php/jpk/oai,ojs.bppkibandung.id
3161,Jurnal Penelitian Pembelajaran Fisika,http://journal.upgris.ac.id/index.php/JP2F/oai,ojs.journal.upgris.ac.id
3162,Jurnal Penelitian Pendidikan,http://ejournal.stkippacitan.ac.id/index.php/jpp/oai,ojs.ejournal.stkippacitan.ac.id
3163,Jurnal Penelitian Pendidikan,https://ejournal.stkippacitan.ac.id/ojs3/index.php/jpp/oai,ojs2.ejournal.stkippacitan.ac.id
3164,Jurnal Penelitian Pers dan Komunikasi Pembangunan,http://jurnal-p2kp.id/index.php/jp2kp/oai,ojs.jurnal-p2kp.id
3165,Jurnal Penelitian Pos dan Informatika,https://jurnal-ppi.kominfo.go.id/index.php/jppi/oai,ojs.ejournal.lipi.go.id
3166,JURNAL PENELITIAN SISTEM INFORMASI (JPSI),https://jurnal.itbsemarang.ac.id/index.php/JPSI/oai,ojs2.jurnal.itbsemarang.ac.id
3167,JURNAL PENELITIAN TEKNOLOGI INFORMASI DAN SAINS (JPTIS),https://jurnal.itbsemarang.ac.id/index.php/JPTIS/oai,ojs2.jurnal.itbsemarang.ac.id
3168,Jurnal Penelitian Teori & Terapan Akuntansi (PETA),http://journal.stieken.ac.id/index.php/peta/oai,ojs.journal.stieken.ac.id
3169,Jurnal Pengabdian Bersama Masyarakat Indonesia,https://jurnal.aksaraglobal.co.id/index.php/jpbmi/oai,ojs2.jurnal.aksaraglobal.co.id
3170,Jurnal Pengabdian Farmasi Malahayati (JPFM),http://ejurnalmalahayati.ac.id/index.php/pengabdianfarmasi/oai,ojs.ejurnalmalahayati.ac.id
3171,Jurnal Pengabdian Ilmu Kesehatan,https://ejurnal.politeknikpratama.ac.id/index.php/JPIKes/oai,ojs2.ejurnal.politeknikpratama.ac.id
3172,JURNAL PENGABDIAN KEPADA MASYARAKAT,http://jurnal.unimed.ac.id/2012/index.php/jpkm/oai,ojs.pkp.sfu.ca
3173,Jurnal Pengabdian Kepada Masyarakat,https://ejurnal.stpkat.ac.id/index.php/jpkm/oai,ojs2.ejurnal.stpkat.ac.id
3174,Jurnal Pengabdian kepada Masyarakat,https://jurnal.polinema.ac.id/index.php/abdimas/oai,ojs2.jurnal.polinema.ac.id
3175,JURNAL PENGABDIAN KEPADA MASYARAKAT SISTHANA,https://jurnal.stikeskesdam4dip.ac.id/index.php/PKMSISTHANA/oai,ojs2.jurnal.stikeskesdam4dip.ac.id
3176,Jurnal Pengabdian Masyarakat Singa Podium (JPMSIPO),https://ubk.lppm.site/JPMSIPO/index.php/research/oai,ojs2.ubk.lppm.site
3177,Jurnal Pengabdian Sosial Indonesia,http://jurnal.fkip.unila.ac.id/index.php/JPSI/oai,ojs.jurnal.fkip.unila.ac.id
3178,"Jurnal Pengabdian, Pendidikan dan Teknologi",http://journal2.um.ac.id/index.php/JP2T/oai,ojs.journal2.um.ac.id
3179,Jurnal Pengendalian Pencemaran Lingkungan (JPPL),https://ejournal.pnc.ac.id/index.php/jppl/oai,ejournal.pnc.ac.id
3180,Jurnal Penjaminan Mutu,http://ejournal.ihdn.ac.id/index.php/JPM/oai,ojs.jurnalku.ihdn.ac.id
3181,Jurnal Pepadun,https://pepadun.fmipa.unila.ac.id/index.php/jurnal/oai,ojs2.pepadun.fmipa.unila.ac.id
3182,JURNAL PERANGKAT LUNAK,https://ejournal.unisi.ac.id/index.php/jupel/oai,ejournal.unisi.ac.id
3183,Jurnal Perspektif Pembiayaan dan Pembangunan Daerah,https://online-journal.unja.ac.id/JES/oai,ojs.pkp.sfu.ca
3184,JURNAL PERTANIAN,http://ojs.unida.ac.id/index.php/jp/oai,ejournal.unida.ac.id
3185,Jurnal Pertanian Agros,http://e-journal.janabadra.ac.id/index.php/JA/oai,e-journal.janabadra.ac.id
3186,Jurnal Pertanian Terpadu,http://ojs.stiperkutim.ac.id/index.php/jpt/oai,ojs2.ojs.stiperkutim.ac.id
3187,Jurnal Peternakan Nusantara,http://ojs.unida.ac.id/index.php/jpnu/oai,ejournal.unida.ac.id
3188,Jurnal Planologi Unpas,http://journal.unpas.ac.id/index.php/planologi/oai,ojs.journal.unpas.ac.id
3189,Jurnal Politeknik Negeri Batam,http://jurnal.polibatam.ac.id/index.php/index/oai,jurnal.polibatam.ac.id
3190,Jurnal Politica Dinamika Masalah Politik Dalam Negeri dan Hubungan Internasional,https://jurnal.dpr.go.id/index.php/politica/oai,jurnal.dpr.go.id
3191,Jurnal Prajaiswara,https://prajaiswara.jambiprov.go.id/index.php/file2/oai,ojs2.w1nnerversal.com
3192,Jurnal Praksis dan Dedikasi Sosial,http://journal2.um.ac.id/index.php/jpds/oai,ojs.journal2.um.ac.id
3193,Jurnal Profita,http://publikasi.mercubuana.ac.id/index.php/profita/oai,ojs.publikasi.mercubuana.ac.id
3194,Jurnal Psikoedukasi dan Konseling,https://jurnal.uns.ac.id/jpk/oai,jurnal.uns.ac.id
3195,Jurnal Psikologi,http://jurnal.ugm.ac.id/jpsi/oai,jurnal.ugm.ac.id
3196,Jurnal Psikologi Malahayati,http://ejurnalmalahayati.ac.id/index.php/PSIKOLOGI/oai,ojs.ejurnalmalahayati.ac.id
3197,JURNAL PSIKOLOGI POSEIDON,http://journal-psikologi.hangtuah.ac.id/index.php/jpp/oai,ojs2.journal-psikologi.hangtuah.ac.id
3198,Jurnal Psikologi Ulayat: Indonesian Journal of Indigenous Psychology,http://jpu.k-pin.org/index.php/jpu/oai,ojs.jpu.k-pin.org
3199,Jurnal Rekayasa Elektro Sriwijaya,https://jres1.ejournal.unsri.ac.id/index.php/jres/oai,ojs2.jres1.ejournal.unsri.ac.id
3200,Jurnal Rekayasa Kimia & Lingkungan,http://jurnal.unsyiah.ac.id/RKL/oai,jurnal.unsyiah.ac.id
3201,Jurnal Rekayasa Proses dan Industri Terapan ( REPIT ),https://e-journal.poltek-kampar.ac.id/index.php/REPIT/oai,ojs2.e-journal.poltek-kampar.ac.id
3202,"Jurnal Rekayasa, Teknologi, dan Sains",http://ejurnalmalahayati.ac.id/index.php/teknologi/oai,ojs.ejurnalmalahayati.ac.id
3203,Jurnal RESTI (Rekayasa Sistem dan Teknologi Informasi),http://jurnal.iaii.or.id/index.php/resti/oai,ojs2.jurnal.iaii.or.id
3204,Jurnal RESTI (Rekayasa Sistem dan Teknologi Informasi),http://jurnal.iaii.or.id/index.php/RESTI/oai,ojs2.jurnal.iaii.or.id
3205,JURNAL RISET AKUNTANSI (JURA),https://jurnal.itbsemarang.ac.id/index.php/JURA/oai,ojs2.jurnal.itbsemarang.ac.id
3206,Jurnal Riset Akuntansi dan Manajemen Malahayati,http://ejurnalmalahayati.ac.id/index.php/risetekonomi/oai,ojs.ejurnalmalahayati.ac.id
3207,JURNAL RISET EKONOMI DAN AKUNTANSI (JREA),https://jurnal.itbsemarang.ac.id/index.php/JREA/oai,ojs2.jurnal.itbsemarang.ac.id
3208,Jurnal Riset Kesehatan Poltekkes Depkes Bandung,https://juriskes.com/ojs/index.php/jrk/oai,ojs2.juriskes.com
3209,Jurnal Riset Kimia,http://jrk.fmipa.unand.ac.id/index.php/jrk/oai,ojs.jrk.fmipa.unand.ac.id
3210,JURNAL RISET MANAJEMEN,https://jurnal.itbsemarang.ac.id/index.php/jurma/oai,ojs2.jurnal.itbsemarang.ac.id
3211,JURNAL RISET MANAJEMEN DAN EKONOMI (JRIME),https://jurnal.itbsemarang.ac.id/index.php/JRIME/oai,ojs2.jurnal.itbsemarang.ac.id
3212,Jurnal Riset Manajemen Indonesia,https://jurnal.pascabangkinang.ac.id/index.php/jrmi/oai,jurnal.pascabangkinang.ac.id
3213,Jurnal Riset Manajemen Sains Indonesia,http://ojs.jrmsi.com/index.php/jrmsi/oai,ojs.ojs.jrmsi.com
3214,JURNAL RISET PEMBANGUNAN,https://jrp.kaltimprov.go.id/index.php/jrp/oai,ojs.jrp.kaltimprov.go.id
3215,Jurnal Riset Teknologi Pencegahan Pencemaran Industri,https://jrtppi.id/old/index.php/jrtppi/oai,ojs.pkp.sfu.ca
3216,Jurnal Rontal Keilmuan Pancasila dan Kewarganegaraan,http://jurnal.stkippgritulungagung.ac.id/index.php/rontal/oai,jurnal.stkippgritulungagung.ac.id
3217,Jurnal Rumpun Ilmu Kesehatan,https://ejurnal.politeknikpratama.ac.id/index.php/JRIK/oai,ojs2.ejurnal.politeknikpratama.ac.id
3218,Jurnal Sadar Wisata,http://ejurnal.akparmuhjember.ac.id/index.php/jsw/oai,ojs.ejurnal.akparmuhammadiyahjember.ac.id
3219,Jurnal Sains dan Ilmu Terapan,https://e-journal.poltek-kampar.ac.id/index.php/JSIT/oai,ojs2.e-journal.poltek-kampar.ac.id
3220,Jurnal Sains dan Kesehatan,https://jsk.farmasi.unmul.ac.id/index.php/jsk/oai,ojs2.jsk.farmasi.unmul.ac.id
3221,Jurnal Sains dan Teknologi Peternakan,https://ojs.unsulbar.ac.id/index.php/jstp/oai,ojs.unsulbar.ac.id
3222,Jurnal Sains Farmasi & Klinis,http://jsfk.ffarmasi.unand.ac.id/index.php/jsfk/oai,ojs.jsfk.ffarmasi.unand.ac.id
3223,JURNAL SAINS INFORMASI GEOGRAFIS,http://journal.umgo.ac.id/index.php/GEOUMGo/oai,ojs.journal.umgo.ac.id
3224,Jurnal Sains Komputer dan Teknologi Informasi,http://journal.umpalangkaraya.ac.id/index.php/jsakti/oai,journal.umpalangkaraya.ac.id
3225,Jurnal Sains Materi Indonesia,http://jurnal.batan.go.id/index.php/jsmi/oai,ojs.jurnal.batan.go.id
3226,Jurnal Saniri,https://fhukum.unpatti.ac.id/jurnal/saniri/oai,ojs.fhukum.unpatti.ac.id
3227,Jurnal Sejarah,http://masyarakatsejarawan.or.id/ojs/index.php/JS/oai,ojs.masyarakatsejarawan.or.id
3228,JURNAL SELULOSA,http://jurnalselulosa.org/index.php/jselulosa/oai,ojs.jurnalselulosa.org
3229,Jurnal Sistem dan Manajemen Industri,http://e-jurnal.lppmunsera.org/index.php/JSMI/oai,e-jurnal.lppmunsera.org
3230,Jurnal Sistem Informasi dan Teknologi Peradaban,https://journal.peradaban.ac.id/index.php/jsitp/oai,ojs.pkp.sfu.ca
3231,Jurnal Sistem Komputer,http://jsiskom.undip.ac.id/index.php/jsk/oai,jsiskom.undip.ac.id
3232,JURNAL SMART,http://ejournal.stkipmpringsewu-lpg.ac.id/index.php/smart/oai,ojs.ejournal.stkipmpringsewu-lpg.ac.id
3233,JURNAL SMART,http://ejournal.stkipmpringsewu-lpg.ac.id/index.php/smart/oai.,ojs.ejournal.stkipmpringsewu-lpg.ac.id
3234,"Jurnal SMART (Studi Masyarakat, Religi, dan Tradisi)",https://blasemarang.kemenag.go.id/journal/index.php/smart/oai,ojs.blasemarang.kemenag.go.id
3235,Jurnal Sosial Ekonomi Pekerjaan Umum,http://jurnalsosekpu.pu.go.id/index.php/sosekpu/oai,ojs.jurnalsosekpu.pu.go.id
3236,JURNAL SOSIAL HUMANIORA,http://ejournal.unida.ac.id/index.php/JSH/oai,ejournal.unida.ac.id
3237,JURNAL SOSIAL HUMANIORA,http://ojs.unida.ac.id/index.php/JSH/oai,ejournal.unida.ac.id
3238,Jurnal Sosial Humaniora,http://iptek.its.ac.id/index.php/jsh/oai,ojs.iptek2.its.ac.id
3239,Jurnal Sosial-Politika,https://jsp.fisip-unmul.ac.id/site/index.php/jsp/oai,ojs2.jsp.fisip-unmul.ac.id
3240,Jurnal Sosiologi Agama Indonesia (JSAI),https://journal.ar-raniry.ac.id/index.php/jsai/oai,ojs.journal.ar-raniry.ac.id
3241,Jurnal Sosiologi Reflektif,http://ejournal.uin-suka.ac.id/isoshum/sosiologireflektif/oai,ojs.pkp.sfu.ca
3242,Jurnal Spektrum Komunikasi,http://www.ojs.stikosa-aws.ac.id/index.php/spektrum/oai,ojs.ojs.stikosa-aws.ac.id
3243,Jurnal STIkes Insan Cendekia Husada,http://jurnal.stikesicsada.ac.id/index.php/index/oai,ojs.jurnal.stikesicsada.ac.id
3244,JURNAL STKIP WEETEBULA,http://jurnalstkip-weetebula.ac.id/index.php/index/oai,ojs.jurnalstkip-weetebula.ac.id
3245,Jurnal Studi Guru dan Pembelajaran,https://e-journal.my.id/jsgp/oai,ojs2.e-journal.my.id
3246,Jurnal Studi Guru dan Pembelajaran,https://jsgp.web.id/index.php/jsgp/oai,ojs2.jsgp.web.id
3247,Jurnal Studi Ilmu-ilmu Al-Qur'an dan Hadis,http://ejournal.uin-suka.ac.id/ushuluddin/alquran/oai,ojs.pkp.sfu.ca
3248,Jurnal Studi Komunikasi (Indonesian Journal of Communications Studies),http://ejournal.unitomo.ac.id/index.php/jsk/oai,ejournal.unitomo.ac.id
3249,Jurnal Studi Manajemen dan Bisnis,https://journal.trunojoyo.ac.id/jsmb/oai,ojs.journal.trunojoyo.ac.id
3250,Jurnal Studi Manajemen dan Bisnis,http://jsmb-utm.net/index.php/Journal/oai,ojs.jsmb-utm.net
3251,Jurnal Studia Administrasi,https://ojs.stisipolp12.ac.id/index.php/jian/oai,ojs.stisipolp12.ac.id
3252,Jurnal Studia Insania,http://jurnal.uin-antasari.ac.id/index.php/insania/oai,ojs.jurnal.uin-antasari.ac.id
3253,Jurnal Suara Hukum,https://journal.unesa.ac.id/index.php/suarahukum/oai,journal.unesa.ac.id
3254,Jurnal Sundermann,https://jurnal.sttsundermann.ac.id/index.php/sundermann/oai,ojs2.jurnal.sttsundermann.ac.id
3255,JURNAL SURYA MEDIKA,http://journal.umpalangkaraya.ac.id/index.php/jsm/oai,journal.umpalangkaraya.ac.id
3256,JURNAL SYARIKAH,http://ejournal.unida.ac.id/index.php/JSEI/oai,ejournal.unida.ac.id
3257,JURNAL SYARIKAH,http://ojs.unida.ac.id/index.php/JSEI/oai,ejournal.unida.ac.id
3258,Jurnal Sylva Lestari,https://sylvalestari.fp.unila.ac.id/index.php/JHT/oai,ojs.ojsfp.unila.ac.id
3259,Jurnal Tadris Matematika,http://ejournal.iain-tulungagung.ac.id/index.php/jtm/oai,ojs.localhost
3260,Jurnal Tanaman Industri dan Penyegar,http://ejurnal.litbang.pertanian.go.id/index.php/bultri/oai,ojs.ejurnal.litbang.pertanian.go.id
3261,JURNAL TARBIYAH,http://jurnaltarbiyah.uinsu.ac.id/index.php/tarbiyah/oai,jurnaltarbiyah.uinsu.ac.id
3262,Jurnal Teknik AMATA,https://ojs.pat.ac.id/index.php/Amata_amamapare/oai,ojs2.ojs.pat.ac.id
3263,Jurnal Teknik Elektro,http://puslit2.petra.ac.id/ejournal/index.php/elk/oai,puslit2.petra.ac.id
3264,Jurnal Teknik Elektro dan Komputasi (ELKOM),http://jurnal.unmuhjember.ac.id/index.php/ELKOM/oai,ojs.localhost
3265,Jurnal Teknik Elektro dan Komputer TRIAC,https://journal.trunojoyo.ac.id/triac/oai,ojs.journal.trunojoyo.ac.id
3266,Jurnal Teknik Industri,http://puslit2.petra.ac.id/ejournal/index.php/ind/oai,puslit2.petra.ac.id
3267,JURNAL TEKNIK INFORMATIKA,http://journal.uinjkt.ac.id/index.php/ti/oai,ojs.localhost
3268,Jurnal Teknik Informatika dan Sistem Informasi,http://jutisi.maranatha.edu/index.php/jutisi/oai,ojs.jutisi.maranatha.edu
3269,Jurnal Teknik Informatika dan Teknologi Informasi,https://ejurnal.politeknikpratama.ac.id/index.php/jutiti/oai,ojs2.ejurnal.politeknikpratama.ac.id
3270,Jurnal Teknik ITS,http://ejurnal.its.ac.id/index.php/teknik/oai,ejurnal.its.ac.id
3271,Jurnal Teknik Mesin,http://puslit2.petra.ac.id/ejournal/index.php/mes/oai,puslit2.petra.ac.id
3272,Jurnal Teknik Mesin dan Pembelajaran,http://journal2.um.ac.id/index.php/jtmp/oai,ojs.journal2.um.ac.id
3273,Jurnal Teknik Mesin SINERGI,http://sinergi-pnup.com/index.php/sinergi/oai,ojs.sinergi-pnup.com
3274,Jurnal Teknik Otomotif : Kajian Keilmuan dan Pengajaran,http://journal2.um.ac.id/index.php/jto/oai,ojs.journal2.um.ac.id
3275,Jurnal Teknik Sipil,http://puslit2.petra.ac.id/ejournal/index.php/jts/oai,puslit2.petra.ac.id
3276,Jurnal TeknoIf,https://ejournal.itp.ac.id/index.php/tinformatika/oai,ejournal.itp.ac.id
3277,Jurnal Teknologi Berkelanjutan,http://jtb.ulm.ac.id/index.php/JTB/oai,ojs.localhost
3278,Jurnal Teknologi dan Manajemen Informatika,http://jurnal.unmer.ac.id/index.php/jtmi/oai,jurnal.unmer.ac.id
3279,Jurnal Teknologi dan Sistem Informasi,http://teknosi.fti.unand.ac.id/index.php/teknosi/oai,ojs.teknosi.fti.unand.ac.id
3280,Jurnal Teknologi dan Sistem Komputer,http://jtsiskom.undip.ac.id/index.php/jtsiskom/oai,ojs.jtsiskom.undip.ac.id
3281,Jurnal Teknologi Informasi dan Komunikasi (TIKomSiN),https://p3m.sinus.ac.id/jurnal/index.php/TIKomSiN/oai,ojs.p3m.sinus.ac.id
3282,Jurnal Teknologi Informasi dan Pendidikan,http://tip.ppj.unp.ac.id/index.php/tip/oai,ojs2.tip.ppj.unp.ac.id
3283,Jurnal Teknologi Informasi YARSI,http://academicjournal.yarsi.ac.id/index.php/jtiy/oai,ojs.localhost
3284,Jurnal Teknologi Laboratorium Medis & Bank Darah,http://ejournal.polkesmar.id/index.php/jtlmbd/oai,ojs2.ejournal.polkesmar.id
3285,Jurnal Teknologi Rekayasa,http://jtera.polteksmi.ac.id/index.php/jtera/oai,ojs.jtera.polteksmi.ac.id
3286,Jurnal Teknologi Sistem Informasi dan Aplikasi,http://openjournal.unpam.ac.id/index.php/JTSI/oai,openjurnal.unpam.ac.id
3287,Jurnal Teknosains,http://jurnal.ugm.ac.id/teknosains/oai,jurnal.ugm.ac.id
3288,Jurnal Teknotan,http://jurnal.unpad.ac.id/teknotan/oai,oai.jurnal.unpad.ac.id
3289,Jurnal Teknovasi : Jurnal Teknik dan Inovasi,http://ejurnal.plm.ac.id/index.php/Teknovasi/oai,ejurnal.plm.ac.id
3290,Jurnal Teologi Cultivation,http://e-journal.iakntarutung.ac.id/index.php/cultivation/oai,ojs.e-journal.iakntarutung.ac.id
3291,Jurnal Teologi Injili dan Pendidikan Agama,https://ejurnal.stpkat.ac.id/index.php/jutipa/oai,ojs2.ejurnal.stpkat.ac.id
3292,Jurnal Terapan Teknologi Informasi,https://jutei.ukdw.ac.id/index.php/jurnal/oai,jutei.ukdw.ac.id
3293,Jurnal The Messenger,http://journals.usm.ac.id/index.php/the-messenger/oai,journals.usm.ac.id
3294,Jurnal TIKA,http://journal.umuslim.ac.id/index.php/tika/oai,ojs.pkp.sfu.ca
3295,Jurnal Tr@nsForMat!ka,http://journals.usm.ac.id/index.php/transformatika/oai,journals.usm.ac.id
3296,Jurnal Transformasi Administrasi,http://jta.lan.go.id/index.php/jta/oai,ojs3.jta.lan.go.id
3297,Jurnal Tunas Pendidikan,http://ejournal.stkip-mmb.ac.id/index.php/pgsd/oai,ojs2.ejournal.stkip-mmb.ac.id
3298,Jurnal Universitas Brawijaya,http://jamal.ub.ac.id/index.php/index/oai,jamal.ub.ac.id
3299,Jurnal Universitas Hasyim Asy'ari,http://ejournal.unhasy.ac.id/index.php/index/oai,ojs.ejournal.unhasy.ac.id
3300,Jurnal Universitas Kadiri Kediri,http://ojs.unik-kediri.ac.id/index.php/index/oai,ojs.ojs.unik-kediri.ac.id
3301,Jurnal Universitas Nurtanio Bandung,https://jurnal.unnur.ac.id/index.php/index/oai,ojs.jurnal.unnur.ac.id
3302,Jurnal Unsyiah,http://jurnal.unsyiah.ac.id/index/oai,jurnal.unsyiah.ac.id
3303,Jurnal Vastukara,https://jurnal2.isi-dps.ac.id/index.php/vastukara/oai,ojs.pkp.sfu.ca
3304,Jurnal Ventilator,https://jurnal.stikeskesdam4dip.ac.id/index.php/Ventilator/oai,ojs2.jurnal.stikeskesdam4dip.ac.id
3305,JURNAL WACANA KESEHATAN,http://jurnal.akperdharmawacana.ac.id/index.php/wacana/oai,ojs.www.jurnal.akperdharmawacana.ac.id
3306,Jurnal Wahana Akuntansi,http://journal.unj.ac.id/unj/index.php/wahana-akuntansi/oai,jurnalunj.journal.unj.ac.id
3307,Jurnal Wawasan Yuridika,http://ejournal.sthb.ac.id/index.php/jwy/oai,ojs.ejournal.sthb.ac.id
3308,Jurnal Zona,https://zona.pelantarpress.co.id/index.php/Zona/oai,zona.pelantarpress.co.id
3309,Jurnal-pranataindonesia.ac.id,http://jurnal-pranataindonesia.ac.id/index.php/index/oai,ojs.jurnal-pranataindonesia.ac.id
3310,JuSER,http://juser.fz-juelich.de/oai2d,juser.fz-juelich.de
3311,Justicia juris,http://ojs.uac.edu.co/index.php/justicia-juris/oai,ojs.localhost
3312,Jutisi : Jurnal Ilmiah Teknik Informatika dan Sistem Informasi,http://ojs.stmik-banjarbaru.ac.id/index.php/jutisi/oai,ojs.stmik-banjarbaru.ac.id
3313,J² - Jornal Jurídico,https://revistas.ponteditora.org/index.php/j2/oai,revistas.ponteditora.org
3314,K-12 STEM Education,http://www.k12stemeducation.in.th/journal/oai,ojs.pkp.sfu.ca
3315,K-Developedia Repository,http://kdidp.kdevelopedia.org/ItemHandler,""
3316,K-State Research Exchange,http://krex.k-state.edu/dspace-oai/request,""
3317,K.U.Leuven Doctoral Theses,http://repository.libis.kuleuven.be/dspace-oai/request,""
3318,k@ta,http://puslit2.petra.ac.id/ejournal/index.php/ing/oai,puslit2.petra.ac.id
3319,KABILAH : Journal of Social Community,http://ejournal.kopertais4.or.id/madura/index.php/kabilah/oai,oai.ejournal.kopertais4.or.id
3320,KACA (Karunia Cahaya Allah): Jurnal Dialogis Ilmu Ushuluddin,https://jurnal.alfithrah.ac.id/index.php/kaca/oai,ojs2.jurnal.alfithrah.ac.id
3321,Kafa`ah: Journal of Gender Studies,http://kafaah.org/index.php/kafaah/oai,ojs.kafaah.org
3322,Kagawa Prefectural University of Health Sciences Research Result Repository,http://kagawa-puhs.repo.nii.ac.jp/oai,""
3323,Kagawa University Repository,http://www.lib.kagawa-u.ac.jp/cgi-bin/oai/oai2.0,www.lib.kagawa-u.ac.jp
3324,Kairós,https://ojs.catolicadefortaleza.edu.br/index.php/kairos/oai,ojs2.ojs.catolicadefortaleza.edu.br
3325,Kajen: Jurnal Penelitian dan Pengembangan Pembangunan,https://jurnal.pekalongankab.go.id/index.php/jurnalkabpekalongan/oai,ojs3.jurnal.pekalongankab.go.id
3326,Kajian Moral dan Kewarganegaraan,https://ejournal.unesa.ac.id/index.php/jurnal-pendidikan-kewarganegaraa/oai,ejournal.unesa.ac.id
3327,KALAMATIKA,http://kalamatika.matematika-uhamka.com/index.php/kmk/oai,ojs.kalamatika.matematika-uhamka.com
3328,Kalbotyra,https://www.journals.vu.lt/kalbotyra/oai,ojs.www4063.vu.lt
3329,KALIANDA HALOK GAGAS,http://ojs.stiemkalianda.ac.id/index.php/halokgagas/oai,ojs2.ojs.stiemkalianda.ac.id
3330,Kalpana- Revista de Investigación,http://revistas.udetonline.com/index.php/kalpana/oai,ojs2.revistas.udetonline.com
3331,Kanazawa University Repository for Academic Resources,http://dspace.lib.kanazawa-u.ac.jp:8080/dspace-oai/request,""
3332,Kanazawa University Repository for Academic Resources,http://kanazawa-u.repo.nii.ac.jp/oai,""
3333,Kanazawa University Repository for Academic Resources ,http://dspace.lib.kanazawa-u.ac.jp/dspace-oai/request,""
3334,Kansai Gaidai University Repository,http://kansaigaidai.repo.nii.ac.jp/oai,""
3335,Kansas English,http://journals.wichita.edu/index.php/ke/oai,ojs.journals-test.wichita.edu
3336,Kanto Gakuin University Repository,http://library.kanto-gakuin.ac.jp/cgi-bin/oai/so_oai2.cgi,library.kanto-gakuin.ac.jp
3337,Kanz Philosophia : A Journal for Islamic Philosophy and Mysticism,http://journal.sadra.ac.id/index.php/kanzphilosophia/oai,ojs.journal.sadra.ac.id
3338,Kanz Philosophia : A Journal for Islamic Philosophy and Mysticism,http://ojs.sadrajournalkanz.ac.id/index.php/kanzphilosophia/oai,ojs.sadrajournalkanz.ac.id
3339,Kanz Philosophia A Journal for Islamic Philosophy and Mysticism,https://journal.sadra.ac.id/ojs/index.php/kanz/oai,ojs2.journal.sadra.ac.id
3340,Kapadokya University Institutional Repository,http://acikerisim.kapadokya.edu.tr/oai/request,acikerisim.kapadokya.edu.tr
3341,Kappa Journal,http://e-journal.hamzanwadi.ac.id/index.php/kpj/oai,ojs2.e-journal.hamzanwadi.ac.id
3342,Karachi Islamicus,https://karachiislamicus.com/index.php/ki/oai,ojs2.karachiislamicus.com
3343,Karachi University Business Research Journal,https://kubrj.ku-br.com/index.php/kubrj/oai,ojs2.kubrj.ku-br.com
3344,Karib – Nordic Journal for Caribbean Studies,https://www.karib.no/jms/index.php/up/oai/,ojs.karib.no
3345,KARSA: Journal of Social and Islamic Culture,http://ejournal.stainpamekasan.ac.id/index.php/karsa/oai,ojs.www.ejournal.stainpamekasan.ac.id
3346,Kartografija i geoinformacije (Cartography and Geoinformation),http://kig.kartografija.hr/index.php/kig/oai,ojs.kig.kartografija.hr
3347,KASBIT Business Journal,http://kasbitoric.com/index.php/kbj/oai,ojs2.kasbitoric.com
3348,Kasmera,http://produccioncientificaluz.org/index.php/kasmera/oai,ojs.produccioncientificaluz.org
3349,Kasmera,https://produccioncientificaluz.org/index.php/kasmera/oai,ojs.produccioncientificaluz.org
3350,KATA - Kumpulan Avoin TiedeArkisto,http://kata.kumpula.helsinki.fi/dspace-oai/request,""
3351,Katalog UkM,http://aggr.ukm.um.si/vufind/OAI/Server,ukm.si
3352,KATHO Theses,http://doks.katho.be/oai,doks.khk.be
3353,KAUST Repository,http://repository.kaust.edu.sa/kaust/oai/request,""
3354,Kawasaki University of Medical Welfare Institutional Repository,http://kwmw.repo.nii.ac.jp/oai,""
3355,KCL eprints,http://eprints.kcl.ac.uk/perl/oai2,eprints.kcl.ac.OAI2
3356,KCResearch - Kansas City Public Library,http://kcresearch.org/cgi-bin/oai.exe,""
3357,KdG Theses,http://doks.kdg.be/oai,doks.kdg.be
3358,KDK Repository,http://openarchive.tk.mta.hu/cgi/oai2,kdk.tk.mta.hu
3359,KDPublications,https://books.kdpublications.in/index.php/kdp/oai,omp.books.kdpublications.in
3360,KEADILAN : Jurnal Penelitian Hukum dan Peradilan,https://jurnal.pn-balebandung.go.id/index.php/keadilan/oai,ojs2.jurnal.pn-balebandung.go.id
3361,Keenjhar - Research Journal,http://sujo.usindh.edu.pk/index.php/Keenjhar/oai,ojs.sujo.usindh.edu.pk
3362,Keldysh Institute of Applied Mathematics of RAS|Учреждение Российской академии наук Институт прикладной математики им. М.В. Келдыша РАН,http://gorbunov.socionet.ru/oai/gquwzn_1/oai.cgi,gorbunov.socionet.ru
3363,Kennedy Eprints,http://eprints.presidentekennedy.br:9000/perl/oai2,KennedyEprints.OAI2
3364,Kenyatta University Institutional Repository,http://ir-library.ku.ac.ke/oai/request,ir-library.ku.ac.ke
3365,Kerala Journal of Orthopaedics,http://kjoonline.org/journal/index.php/kjo/oai,kjo.kjoonline.org
3366,Keria: Studia Latina et Graeca,https://revije.ff.uni-lj.si/keria/oai,ojs.revije.ff.uni-lj.si
3367,Kesmas: National Public Health Journal,http://journal.fkm.ui.ac.id/kesmas/oai,ojs.journal.fkm.ui.ac.id
3368,Khagol,http://ojs.iucaa.ernet.in/index.php/KHAGOL/oai,ojs.localhost
3369,Khalifa Journal of Islamic Education,http://kjie.ppj.unp.ac.id/index.php/kjie/oai,ojs.kjie.ppj.unp.ac.id
3370,KHALSA PUBLICATIONS,http://rajpub.com/index.php/index/oai,ojs2.rajpub.com
3371,Khatulistiwa,http://jurnaliainpontianak.or.id/index.php/khatulistiwa/oai,ojs.jurnaliainpontianak.or.id
3372,Khatulistiwa,https://jurnaliainpontianak.or.id/index.php/khatulistiwa/oai,ojs.jurnaliainpontianak.or.id
3373,Khatulistiwa Nursing Journal,http://ejournalyarsi.ac.id/index.php/KNJ/oai,ojs.ejournalyarsi.ac.id
3374,Khazanah: Jurnal Studi Islam dan Humaniora,http://jurnal.uin-antasari.ac.id/index.php/khazanah/oai,ojs.jurnal.uin-antasari.ac.id
3375,KHIRANI: Jurnal Pendidikan Anak Usia Dini,https://e-journal.nalanda.ac.id/index.php/KHIRANI/oai,ojs2.e-journal.nalanda.ac.id
3376,KHK eindwerken,http://doks.khk.be/eindwerk/oai,eindwerk.khk.be
3377,KINETIK,http://kinetik.umm.ac.id/index.php/kinetik/oai,ojs.kinetik.umm.ac.id
3378,Kinh tế và Phát triển,http://joshueuni.edu.vn/index.php/KTPT/oai,ojs.hueuni.edu.vn
3379,Kirklareli University Institutional Repository,http://acikerisim.klu.edu.tr/oai/request,acikerisim.klu.edu.tr
3380,Kirsehir Ahi Evran University Institutional Repository,http://openaccess.ahievran.edu.tr/oai/request,openaccess.ahievran.edu.tr
3381,Kitami Institute of Technology Repository,http://kitami-it.repo.nii.ac.jp/oai,""
3382,KKG Publications,http://kkgpublications.com/oai,pub.kkgpublications.com
3383,KLUEDO,https://kluedo.ub.rptu.de/oai,kluedo.ub.rptu.de
3384,KLUEDO,http://kluedo.ub.uni-kl.de/oai,kluedo.ub.uni-kl.de
3385,"KMODDL OAI Repository, Kroch Library, Cornell University",http://kmoddl.library.cornell.edu/oai/oai2.php,kmoddl.library.cornell.edu
3386,KnE Life Sciences,http://knepublishing.com/index.php/Kne-Life/oai,ojs.www.knowledgee.com
3387,Knowles Review of Economic History,https://knowlesreview.lse.ac.uk/jms/index.php/up/oai/,ojs.knowlesreview.lse.ac.uk
3388,Knygotyra,https://www.journals.vu.lt/knygotyra/oai,ojs.www4063.vu.lt
3389,koara,http://koara.lib.keio.ac.jp/xoonips/modules/xoonips/oai.php,""
3390,koara-a,http://koara-a.lib.keio.ac.jp/xoonips/modules/xoonips/oai.php,""
3391,Kobe Shoin Women's University Repository,http://shoin.repo.nii.ac.jp/oai,""
3392,Kobe University Digital Archive,https://da.lib.kobe-u.ac.jp/mmd_api/oai-pmh/,da.lib.kobe-u.ac.jp
3393,Kobe University Repository Kernel,http://www.lib.kobe-u.ac.jp/infolib/oai_repository/pmh/G0000003-repository,""
3394,KOBRA - DSpace an der UniversitÃ¤t Kassel,http://oai.bibliothek.uni-kassel.de/dspace-oai/request,""
3395,Koc University Digital Collections,http://libcdm.ku.edu.tr/cgi-bin/oai.exe,""
3396,Kochi University of Technology Academic Resource Repository,http://kutarr.lib.kochi-tech.ac.jp/dspace-oai/request,""
3397,Kochi University Repository,http://ir.kochi-u.ac.jp/dspace-oai/request,""
3398,Komatika: Jurnal Pengabdian Kepada Masyarakat,https://ejournal.ikado.ac.id/index.php/komatika/oai,ojs.ejournal.ikado.ac.id
3399,kommunikation@gesellschaft,https://journals.sub.uni-hamburg.de/hup2/kommges/oai,hup2.journals.sub.uni-hamburg.de
3400,Kompeni,http://jurnal.unisa.ac.id/index.php/kompeni/oai,ojs.ejournal.unisa.ac.id
3401,KOMUNITAS: INTERNATIONAL JOURNAL OF INDONESIAN SOCIETY AND CULTURE,https://journal.unnes.ac.id/nju/index.php/komunitas/oai,ojs.localhost
3402,Konan University Repository,http://konan-u.repo.nii.ac.jp/oai,""
3403,Konteksty Pedagogiczne,https://kontekstypedagogiczne.pl/kp/oai,ojs2.kontekstypedagogiczne.pl
3404,KOPS,http://kops.uni-konstanz.de/oai/dini,kops.uni-konstanz.de
3405,Korea Science & Technology Information Archives (stOAI),http://click.ndsl.kr/servlet/OAIProvider,""
3406,Korea Science & Technology Information Archives (stOAI),http://stoai.ndsl.kr/servlet/OAIProvider,""
3407,Korea Univ.,http://dcollection.korea.ac.kr/oai/provider,dcollection.korea.ac.kr
3408,Korpus 21,http://korpus21.cmq.edu.mx/index.php/ohtli/oai,ojs2.grus.cmq.edu.mx
3409,KOSALA : Jurnal Ilmu Kesehatan,https://ejurnal.stikespantikosala.ac.id/index.php/jik/oai,ojs.ejurnal.stikespantikosala.ac.id
3410,"Kreano, Jurnal Matematika Kreatif-Inovatif",https://journal.unnes.ac.id/nju/index.php/kreano/oai,ojs.localhost
3411,KREDO : Jurnal Ilmiah Bahasa dan Sastra,https://jurnal.umk.ac.id/index.php/kredo/oai,ojs.jurnal.umk.ac.id
3412,Kriminologijos studijos,https://www.journals.vu.lt/kriminologijos-studijos/oai,ojs.www4063.vu.lt
3413,KRISNA: Kumpulan Riset Akuntansi,https://ejournal.warmadewa.ac.id/index.php/krisna/oai,ojs.localhost
3414,Krośnieńska Biblioteka Cyfrowa,http://www.kbc.krosno.pl/oai-pmh-repository.xml,www.kbc.krosno.pl
3415,Ktisis,http://ktisis.cut.ac.cy/oai/request,""
3416,KU ScholarWorks ,http://kuscholarworks.ku.edu/dspace-oai/request,""
3417,Kufa Journal of Engineering,https://journal.uokufa.edu.iq/index.php/kje/oai,ojs2.journal.uokufa.edu.iq
3418,Kujawsko-Pomorska Biblioteka Cyfrowa,http://kpbc.umk.pl/dlibra/oai-pmh-repository.xml,""
3419,"KULA: knowledge creation, dissemination, and preservation studies",https://kula.uvic.ca/jms/index.php/up/oai/,ojs.kula.uvic.ca
3420,Kumamoto University Repositry System,http://reposit.lib.kumamoto-u.ac.jp/dspace-oai/request,""
3421,"KUPS, USB Köln, University of Cologne, Germany",http://kups.ub.uni-koeln.de/phpoai/oai2.php,USBKOELN.ub.uni-koeln.de
3422,Kurashiki University of Science and the Arts Repository,http://kusa.repo.nii.ac.jp/oai,""
3423,KURIOSITAS: Media Komunikasi Sosial dan Keagamaan,http://ejurnal.iainpare.ac.id/index.php/kuriositas/oai,ojs2.iainpare.net
3424,Kutahya Dumlupinar University Institutional Repository,http://openaccess.dpu.edu.tr/oai/request,openaccess.dpu.edu.tr
3425,Kyoto University of Art and Design Repository,http://kyoto-art.repo.nii.ac.jp/oai,""
3426,Kyoto University Research Information Repository,http://repository.kulib.kyoto-u.ac.jp/dspace-oai/request,""
3427,Kyushu Institute of Technology of Academic Repository(Kyutacar),http://ds.lib.kyutech.ac.jp/dspace-oai/request,""
3428,Kyushu Lutheran College Repository,http://klc.repo.nii.ac.jp/oai,""
3429,Kyushu University Institutional Repository(QIR),http://qir.kyushu-u.ac.jp/dspace-oai/request,""
3430,Kyutacar,http://kyutech.repo.nii.ac.jp/oai,""
3431,Kỹ thuật và Công nghệ,http://joshueuni.edu.vn/index.php/KTCN/oai,ojs.hueuni.edu.vn
3432,L'esprit Ingénieux,http://revistas.ustatunja.edu.co/index.php/lingenieux/oai,revistas.ustatunja.edu.co
3433,La Colmena,http://lacolmena.uaemex.mx/index.php/lacolmena/oai,ojs.pprl.uaemex.mx
3434,La Salle University Digital Commons,https://digitalcommons.lasalle.edu/do/oai/,digitalcommons.lasalle.edu
3435,La Técnica: Revista de las Agrociencias. e-ISSN 2477-8982,http://revistas.utm.edu.ec/index.php/latecnica/oai,ojs2.revistas.utm.edu.ec
3436,Laboratory Phonology: Journal of the Association for Laboratory Phonology,https://www.journal-labphon.org/jms/index.php/up/oai/,ojs.www.journal-labphon.org
3437,Labyrinth,http://www.axiapublishers.com/ojs/index.php/labyrinth/oai,ojs.axiapublishers.com
3438,Lac Viet Intergated Library Repository,http://demo.vebrary.vn/oai2,""
3439,Lake Forest College Publications,https://publications.lakeforest.edu/do/oai/,publications.lakeforest.edu
3440,LAKISA,https://www.lakisa.larsced.cg/index.php/lakisa/oai,ojs2.www.lakisa.larsced.cg
3441,Lambung Mangkurat Law Journal,https://lamlaj.ulm.ac.id/web/index.php/abc/oai,ojs.lamlaj.ulm.ac.id
3442,Landas: Journal of Loyola School of Theology,http://journals.ateneo.edu/ojs/index.php/landas/oai,ojs.journals.ateneo.edu
3443,Landmark University Repository,http://eprints.lmu.edu.ng/cgi/oai2,eprints.lmu.edu.ng
3444,LANGKAU BETANG: JURNAL ARSITEKTUR,http://jurnal.untan.ac.id/index.php/lb/oai,jurnal.untan.ac.id
3445,Langkawi: Journal of The Association for Arabic and English,http://ejournal.iainkendari.ac.id/langkawi/oai,ejournal.iainkendari.ac.id
3446,LANGUAGE ART,http://www.languageart.ir/index.php/LA/oai,ojs.www.languageart.ir
3447,Lansau: Jurnal Ilmu Kefarmasian,https://hojps.uho.ac.id/index.php/journal/oai,ojs2.hojps.uho.ac.id
3448,LANX. Rivista della Scuola di Specializzazione in Archeologia - Università degli Studi di Milano,http://riviste.unimi.it/index.php/lanx/oai,ojs.riviste.unimi.it
3449,"Las Torres de Lucca, Revista Internacional de Filosofía Política",http://www.lastorresdelucca.org/index.php/ojs/oai,ojs.pkp.sfu.ca
3450,Latin American Journal of Sedimentology and Basin Analysis,http://ppct.caicyt.gov.ar/index.php/lajsba/oai,ppct.caicyt.gov.ar
3451,Latin American Research Review,https://larrlasa.org/jms/index.php/up/oai/,ojs.larrlasa.org
3452,Lato Sensu: revue de la Société de philosophie des sciences,http://sites.uclouvain.be/latosensu/index.php/latosensu/oai,ojs.sites.uclouvain.be
3453,Law and Economics Euro-Balkan Review,https://ojs.cimedoc.uniba.it/index.php/law/oai,ojs.ojs.cimedoc.uniba.it
3454,Law and World / სამართალი და მსოფლიო,http://journal.lawandworld.ge/index.php/lw/oai,ojs.journal.lawandworld.ge
3455,LC International Journal of STEM (ISSN: 2708-7123),https://lcjstem.com/index.php/jstem/oai,ojs2.www.lcjstem.com
3456,Le foucaldien,https://foucaldien.net/jms/index.php/up/oai/,ojs.foucaldien.net
3457,Le Matematiche,http://www.dmi.unict.it/ojs/index.php/lematematiche/oai,ojs.www.dmi.unict.it
3458,le serveur des thèses en ligne de l'INSA de Toulouse,http://eprint.insa-toulouse.fr/perl/oai2,insa-toulouse.fr
3459,lectio socialis,http://lectio.info/index.php/socialis/oai,ojs.lectio.info
3460,Lecturas de Economía,http://aprendeenlinea.udea.edu.co/revistas/index.php/lecturasdeeconomia/oai,ojs.aprendeenlinea.udea.edu.co
3461,leedsmet,http://repository-intralibrary.leedsmet.ac.uk/IntraLibrary-OAI,""
3462,Legal Research Development: An International Refereed e-Journal ISSN: 2456-3870,http://lrdjournal.com/index.php/lrd/oai,ojs2.lrdjournal.com
3463,Legal Spirit,https://publishing-widyagama.ac.id/ejournal-v2/index.php/jhls/oai,ojs.publishing-widyagama.ac.id
3464,Leibniz Transactions on Embedded Systems,http://ojs.dagstuhl.de/index.php/lites/oai,ojs.dagstuhl.de
3465,Leicester Research Archive,http://lra.le.ac.uk/dspace-oai/request,""
3466,Leiden University Scholary Publications,https://scholarlypublications.universiteitleiden.nl/oai2,scholarlypublications.universiteitleiden.nl
3467,Lekovite Sirovine,http://www.lekovitesirovine.rs/ojs/index.php/lekovite/oai,ojs.www.lekovitesirovine.rs
3468,Lekti-OAI,http://oai.lekti.net/,""
3469,Lembaran Masyarakat: Jurnal Pengembangan Masyarakat Islam,http://jurnal.uinbanten.ac.id/index.php/lbrmasy/oai,ojs2.jurnal.uinbanten.ac.id
3470,LenteraBio : Berkala Ilmiah Biologi ,https://journal.unesa.ac.id/index.php/lenterabio/oai,journal.unesa.ac.id
3471,LenteraBio: Berkala Ilmiah Biologi,https://ejournal.unesa.ac.id/index.php/lenterabio/oai,ejournal.unesa.ac.id
3472,"LEO, Letteratura Elettronica Online",http://ojs-aepic.cilea.it/index.php/index/oai,ojs.ojs-aepic.cilea.it
3473,Leodis - A photographic archive of Leeds,http://www.leodis.net/discoverservice/discover.aspx,Leodis.net
3474,Les Editions IMODEV,http://ojs.imodev.org/index.php/index/oai,ojs.imodev.org
3475,Les thèses en ligne de l'INP,http://ethesis.inp-toulouse.fr/perl/oai2,Generic.EPrints
3476,Letras,http://letras.unmsm.edu.pe/rl/index.php/nle/oai,ojs.letras.unmsm.pe
3477,Letras Verdes. Revista Latinoamericana de Estudios Socioambientales,http://revistas.flacsoandes.edu.ec/letrasverdes/oai,revistas.flacsoandes.edu.ec
3478,LETS: Journal of Linguistics and English Teaching Studies,https://jurnal.stainmajene.ac.id/index.php/lets/oai,ojs2.jurnal.stainmajene.ac.id
3479,Letters in Information Technology Education (LITE),http://journal2.um.ac.id/index.php/lite/oai,ojs.journal2.um.ac.id
3480,Letters on Evolutionary Behavioral Science,http://lebs.hbesj.org/index.php/lebs/oai,ojs.LEBS.hbesj.org
3481,Leuphana Universität Lüneburg,http://pure.leuphana.de/ws/oai,""
3482,Lexicon,https://jurnal.ugm.ac.id/lexicon/oai,jurnal.ugm.ac.id
3483,Lexicon Philosophicum: International Journal for the History of Texts and Ideas,http://lexicon.cnr.it/index.php/LP/oai,lexicon.cnr.it
3484,Liberal Studies,http://ojs.indrastra.com/index.php/liberalstudies/oai,ojs2.ojs.indrastra.com
3485,Libertas Academica OAI Repository,http://www.la-press.com/oai.php,""
3486,Library and Archive of Western State College of Law (LAWS),https://lawscl.org/do/oai/,lawscl.org
3487,Library for digital documents at the university of Oslo,http://wo.uio.no/as/WebObjects/theses.woa/wa/oai,""
3488,Library of Open Access Journal Archives,https://library.oajour.info/oai,library.oajour.info
3489,Library of Open Access Journal Archives,https://www.library.oajour.info/oai,library.oajour.info
3490,"Library of Ruhr-Universitaet Bochum, GERMANY, Dissertation Server",http://hss-opus.ub.ruhr-uni-bochum.de/opus4/oai,hss-opus.ub.ruhr-uni-bochum.de
3491,"Library of Ruhr-Universität Bochum, GERMANY, Dissertation Server",http://oai.ub.rub.de/oai/oai2.php,""
3492,Library Student Journal,http://informatics.buffalo.edu/org/lsj/lsjoai.php,informatics.buffalo.edu
3493,Librello publishing house  ,http://www.librelloph.com/oai,ojs.www.librelloph.com
3494,Librello publishing house  ,http://www.librelloph.com/ojs/index.php/index/oai,ojs.www.librelloph.com
3495,Libros del Departamento de Filosofía,https://pubfilosofia.izt.uam.mx/index.php/pf/oai,pubfilosofia.izt.uam.mx
3496,Liburuklik: Biblioteca Digital Vasca,http://www.liburuklik.euskadi.net/oai/request,""
3497,Lietuvių kalba,https://www.journals.vu.lt/lietuviu-kalba/oai,ojs.www4063.vu.lt
3498,Lietuvos chirurgija,https://www.journals.vu.lt/lietuvos-chirurgija/oai,ojs.www4063.vu.lt
3499,Lietuvos istorijos studijos,https://www.journals.vu.lt/lietuvos-istorijos-studijos/oai,ojs.www4063.vu.lt
3500,Lietuvos matematikos rinkinys,https://www.journals.vu.lt/LMR/oai,ojs.www4063.vu.lt
3501,Lietuvos statistikos darbai,https://www.journals.vu.lt/statisticsjournal/oai,ojs.www4063.vu.lt
3502,LIFE SCIENCES LEAFLETS,http://petsd.org/ojs/index.php/lifesciencesleaflets/oai,ojs.petsd.org
3503,LIFE: International Journal of Health and Life-Sciences,https://grdspublishing.org/index.php/life/oai,ojs.grdspublishing.org
3504,Lifelong Education Journal,https://journal.imadiklus.or.id/index.php/lej/oai,journal.imadiklus.or.id
3505,LimbGallery,https://demo.limb-gallery.com/oai,demo.limb-gallery.com
3506,Liminales. Escritos sobre psicología y sociedad,http://revistafacso.ucentral.cl/index.php/liminales/oai,ojs.revistafacso.ucentral.cl
3507,LIMU Journal Systems,http://journal.limu.edu.ly/index.php/index/oai,ojs.limu.edu.ly
3508,Lincoln University Research Archive,http://researcharchive.lincoln.ac.nz/dspace-oai/request,""
3509,"LINDAT/CLARIN digital library at Institute of Formal and Applied Linguistics, Charles University in Prague (v1.8.2)",http://lindat.mff.cuni.cz/repository/oai/request,""
3510,Lingua Cultura,http://journal.binus.ac.id/index.php/lingua/oai,ojs.journal.binus.ac.id
3511,Lingua Scientia: Jurnal Bahasa,http://ejournal.iain-tulungagung.ac.id/index.php/linguascientia/oai,ojs.localhost
3512,"Linguistic Evidence in Security, Law and Intelligence",http://lesli-journal.org/ojs/index.php/lesli/oai,ojs.lesli-journal.org
3513,Linguistics Initiative,https://pustaka.my.id/journals/live/oai,ojs2.pustaka.my.id
3514,Linguistik Online,http://bop.unibe.ch/index.php/linguistik-online/oai,ojs.bop.unibe.ch
3515,Linguists: Journal of Linguistics and Language Teaching,http://ejournal.iainbengkulu.ac.id/index.php/linguists/oai,ojs.ejournal.iainbengkulu.ac.id
3516,LISAN AL-HAL: Jurnal Pengembangan Pemikiran dan Kebudayaan,https://journal.ibrahimy.ac.id/index.php/lisanalhal/oai,ojs2.journal.ibrahimy.ac.id
3517,Lisan al-Hal: Jurnal Pengembangan Pemikiran dan Kebudayaan,https://journal.ibrahimy.ac.id/lisanalhal/index.php/lisanalhal/oai,ojs2.journal.ibrahimy.ac.id
3518,List of Texts,http://panmental.de/library/index.php,KnabeLibrary
3519,LITERA KULTURA : Journal of Literary and Cultural Studies,https://ejournal.unesa.ac.id/index.php/litera-kultura/oai,ejournal.unesa.ac.id
3520,LITERAKOM,https://literakom.ppj.unp.ac.id/index.php/literakom/oai,ojs2.literakom.ppj.unp.ac.id
3521,Literatūra,https://www.journals.vu.lt/literatura/oai,ojs.www4063.vu.lt
3522,Lithuanian Electronic Thesis and Dissertation Archive,http://submit.library.lt/ETD-db/NDLTD-OAI/oai.pl,etd.library.lt
3523,LIUC DSpace at Universita' Carlo Cattaneo,http://mylibrary.liuc.it/oai/request,""
3524,live,http://www.ir.dcu.ie/perl/oai2,www.ir.dcu.ie
3525,Living Reviews in Relativity,http://relativity.livingreviews.org/register/oai,livingreviews.org
3526,Living Reviews in Solar Physics,http://solarphysics.livingreviews.org/register/oai,livingreviews.org
3527,Livres PULIM,https://www.unilim.fr/ebooks/oai.php,ebooks.unilim.fr
3528,Livros | EDUFCG,https://livros.editora.ufcg.edu.br/index.php/edufcg/oai,omp.livros.editora.ufcg.edu.br
3529,LMU Digital Commons,https://digitalcommons.lmunet.edu/do/oai/,digitalcommons.lmunet.edu
3530,LNH-Journals,https://journals.lnh.edu.pk/OAI_PMH/Index,""
3531,LOGOS,http://revistas.uap.edu.pe/ojs/index.php/LOGOS/oai,revistas.uap.edu.pe
3532,Logos i Ethos,http://czasopisma.upjp2.edu.pl/logosiethos/oai,ojs.czasopisma.upjp2.edu.pl
3533,"Logos: Revista de Lingüística, Filosofía y Literatura",http://revistas.userena.cl/index.php/logos/oai,revistas.userena.cl
3534,Loka: Journal Of Environmental Sciences,https://acityajournal.com/index.php/ljes/oai,ojs2.acityajournal.com
3535,Lokman Hekim University OpenAccess Portal,http://openaccess.lokmanhekim.edu.tr/oai/request,openaccess.lokmanhekim.edu.tr
3536,Lomax Digital Archive,https://archive.culturalequity.org/oai/request,archive.culturalequity.org
3537,LON-CAPA Export to NSDL OAI Archive,http://nsdl.lon-capa.org/cgi-bin/OAI-XMLFile/XMLFile/nsdlexport/oai.pl,""
3538,Longitudinal and Life Course Studies,http://www.llcsjournal.org/index.php/llcs/oai,www.llcsjournal.com
3539,Loquens,http://loquens.revistas.csic.es/index.php/loquens/oai,loquens.revistas.csic.es
3540,Loughborough University Institutional Repository,http://dspace.lboro.ac.uk/dspace-oai/request,""
3541,Louisiana Tech Digital Commons,https://digitalcommons.latech.edu/do/oai/,digitalcommons.latech.edu
3542,LSE International Development Review,https://idr.lse.ac.uk/jms/index.php/up/oai/,ojs.idr.lse.ac.uk
3543,LSE Law Review,https://lawreview.lse.ac.uk/jms/index.php/up/oai/,ojs.lawreview.lse.ac.uk
3544,LSE Public Policy Review,https://ppr.lse.ac.uk/jms/index.php/up/oai/,ojs.ppr.lse.ac.uk
3545,LSE Research Online,http://eprints.lse.ac.uk/perl/oai2,LSEResearchOnline.OAI2
3546,LSE Undergraduate Political Review,https://upr.lse.ac.uk/jms/index.php/up/oai/,ojs.upr.lse.ac.uk
3547,LSMU DSpace/CRIS,https://portalcris.lsmuni.lt/oai/request,portalcris.lsmuni.lt
3548,LSU Digital Commons,https://digitalcommons.lsu.edu/do/oai/,digitalcommons.lsu.edu
3549,LTRS,http://techreports.larc.nasa.gov/ltrs/oai2.0/,ltrs.larc.nasa.gov
3550,Luces de Bol%EDvar en la Red,http://oai.alejandria.biz/cgi-win/be_oai.exe,""
3551,Ludovika Digitális Tudástár és Archívum,http://ludita.uni-nke.hu/oai/request,""
3552,LUGAS Jurnal Komunikasi,http://ojs.stiami.ac.id/index.php/lugas/oai,ojs.ojs.stiami.ac.id
3553,LUISSearch,http://eprints.luiss.it/cgi/oai2,eprints.luiss.it
3554,Lumbung Inovasi: Jurnal Pengabdian kepada Masyarakat,http://ojs.ikipmataram.ac.id/index.php/lumbunginovasi/oai,ojs.ikipmataram.ac.id
3555,Lumen: Jurnal Pendidikan Agama Katekese dan Pastoral,https://ejurnal.stpkat.ac.id/index.php/lumen/oai,ojs2.ejurnal.stpkat.ac.id
3556,Lumieres - Repositorio institucional Universidad de América,http://repository.uamerica.edu.co/oai/request,repository.uamerica.edu.co
3557,Lund University Theses and Dissertations,http://theses.lub.lu.se/oai-service/scripta/,""
3558,Lund University Theses and Dissertations,http://theses.lub.lu.se/oai-service/xerxes/,""
3559,LUP,http://lup.lub.lu.se/oai,lup.lub.lu.se
3560,LUP - Student Papers,http://lup.lub.lu.se/student-papers/oai,lup.lub.lu.se
3561,Lux,https://lux.lawrence.edu/do/oai/,lux.lawrence.edu
3562,Lux Mensana (Journal of Scientific Health),https://journal.jfpublisher.com/index.php/jsh/oai,ojs2.journal.jfpublisher.com
3563,LU|ZONE|UL @ Laurentian University,https://zone.biblio.laurentian.ca/oai/request,zone.biblio.laurentian.ca
3564,Línguas & Letras,http://e-revista.unioeste.br/index.php/linguaseletras/oai,ojs.e-revista.unioeste.br
3565,Lógoi. Revista de Filosofía,https://revistasenlinea.saber.ucab.edu.ve/index.php/logoi/oai,ojs.pkp.sfu.ca
3566,Lúdica Pedagógica,http://revistas.pedagogica.edu.co/index.php/LP/oai,pedagogica.edu.co-REVISTAS-UPN-CO
3567,M.U.S. e-prints ,http://cab.unime.it/mus/perl/oai2,cab.unime.it
3568,M@n@gement,https://management-aims.com/index.php/mgmt/oai,journals.openacademia.net
3569,MACAU: Open Access Repository of Kiel University,https://macau.uni-kiel.de/oai,macau.uni-kiel.de
3570,Macaulay Library Test,http://qa.animalbehaviorarchive.org/oaicat/OAIHandler,qa.animalbehaviorarchive.org
3571,Madah,http://ejurnalbalaibahasa.id/index.php/madah/oai,ojs.ejurnalbalaibahasa.id
3572,Madani : Indonesian Journal of Civil Society,https://ejournal.pnc.ac.id/index.php/madani/oai,ojs.ejournal.pnc.ac.id
3573,Madania,http://ejournal.iainbengkulu.ac.id/index.php/madania/oai,ojs.ejournal.iainbengkulu.ac.id
3574,MADANIA VOL.XVIII NO.2 TAHUN 2014,http://madania.iainbengkulu.ac.id/index.php/mdn2/oai,ojs.madania.iainbengkulu.ac.id
3575,Madaniya,https://madaniya.pustaka.my.id/journals/contents/oai,ojs.madaniya.pustaka.my.id
3576,MADOC ,http://ub-madoc.bib.uni-mannheim.de/cgi/oai2,ub-madoc.bib.uni-mannheim.de
3577,Maestro y Sociedad,https://maestroysociedad.uo.edu.cu/index.php/MyS/oai,maestroysociedad.uo.edu.cu
3578,Magazín Empresarial,http://revistas.usc.edu.co/index.php/magazin/oai,ojs.revistas.usc.edu.co
3579,MAGISTRA: Jurnal Ilmu Manajemen,http://jurnal.narotama.ac.id/index.php/mgs/oai,ojs.ojs.narotama.ac.id
3580,Magnificat Cultura i Literatura Medievals,https://ojs.uv.es/index.php/MCLM/oai,ojs.uv.es
3581,MaHKUscript. Journal of Fine Art Research,https://www.mahkuscript.com/jms/index.php/up/oai/,ojs.www.mahkuscript.com
3582,Majalah Bisnis Dan IPTEK,http://jurnal.stiepas.ac.id/index.php/bistek/oai,ojs.jurnal.stiepas.ac.id
3583,Majalah Ilmiah Widyacakra,http://jurnal.stiesahidbali.ac.id/index.php/MIW/oai,ojs2.jurnal.stiesahidbali.ac.id
3584,Majalah Kedokteran Andalas,http://jurnalmka.fk.unand.ac.id/index.php/art/oai,ojs.jurnalmka.fk.unand.ac.id
3585,Majalah Kedokteran Gigi Indonesia,http://jurnal.ugm.ac.id/mkgi/oai,ojs.journal.ugm.ac.id
3586,Majalah Kesehatan Indonesia,https://ukinstitute.org/journals/1/makein/oai,ojs.pkp.sfu.ca
3587,Majalah Sainstekes,https://academicjournal.yarsi.ac.id/index.php/sainstekes/oai,ojs.localhost
3588,Makara,http://journal.ui.ac.id/v2/index.php/index/oai,ojs.journal.ui.ac.id
3589,Makhz (Research Journal),https://ojs.makhz.org.pk/journal/oai,ojs2.ojs.makhz.org.pk
3590,Malahayati Health Student Journal,http://ejurnalmalahayati.ac.id/index.php/MAHESA/oai,ojs.ejurnalmalahayati.ac.id
3591,MALAHAYATI INTERNATIONAL JOURNAL OF NURSING AND HEALTH SCIENCE,http://ejurnalmalahayati.ac.id/index.php/nursing/oai,ojs.ejurnalmalahayati.ac.id
3592,Malahayati Nursing Journal,http://ejurnalmalahayati.ac.id/index.php/manuju/oai,ojs.ejurnalmalahayati.ac.id
3593,Malatya Turgut Özal University Institutional Repository,http://acikerisim.ozal.edu.tr/oai/request,acikerisim.ozal.edu.tr
3594,Malaya Journal of Matematik,https://www.malayajournal.org/index.php/mjm/oai,ojs2.malayajournal.org
3595,Malaysian Journal of Medical and Biological Research,http://i-proclaim.my/archive/index.php/mjmbr/oai,ojs.i-proclaim.my
3596,Mammalogy Notes,https://mammalogynotes.org/ojs/index.php/mn/oai,ojs2.mammalogynotes.org
3597,Managament Insight: Jurnal Ilmiah Manajemen,https://ejournal.unib.ac.id/index.php/Insight/oai,ojs.localhost
3598,Management and Economics Journal (MEC-J),http://ejournal.uin-malang.ac.id/index.php/mec/oai,ejournal.uin-malang.ac.id
3599,Management Insight,https://ejournal.unib.ac.id/index.php/demounib06/oai,ojs.localhost
3600,Management Insight - The Journal of Incisive Analysers,http://myresearchjournals.com/index.php/MIJIA/oai,ojs.myresearchjournals.com
3601,Management Journal for Advanced Research,https://mjar.singhpublication.com/index.php/ojs/oai,oai.mjar.singhpublication.com
3602,Management Journal for Advanced Research,https://mjar.org/index.php/ojs/oai,ojs2.mjar.org
3603,MANAJEMEN,http://journal.politeknik-pratama.ac.id/index.php/IMK/oai,journal.politeknik-pratama.ac.id
3604,MANAZHIM,https://ejournal.stitpn.ac.id/index.php/manazhim/oai,ojs2.ejournal.stitpn.ac.id
3605,Mangifera Edu,http://jurnal.biounwir.ac.id/mangiferaedu/oai,jurnal.biounwir.ac.id
3606,MANHAJ : Jurnal Penelitian dan Pengabdian Masyarakat,http://ejournal.iainbengkulu.ac.id/index.php/manhaj/oai,ojs.ejournal.iainbengkulu.ac.id
3607,Manisa Celal Bayar Universitesi,http://acikerisim.mcbu.edu.tr:8080/oai/request,acikerisim.mcbu.edu.tr
3608,Manthiq,http://ejournal.iainbengkulu.ac.id/index.php/manthiq/oai,ojs.ejournal.iainbengkulu.ac.id
3609,Manutech : Jurnal Teknologi Manufaktur,http://ejournal.polman-babel.ac.id/index.php/manutech/oai,ojs2.ejournal.polman-babel.ac.id
3610,Maqdis : Jurnal Kajian Ekonomi Islam,http://journal.febi.iainimambonjol.ac.id/index.php/maqdis/oai,ojs.febi.iainimambonjol.ac.id
3611,Maqdis : Jurnal Kajian Ekonomi Islam,http://journal.febi.uinib.ac.id/index.php/maqdis/oai,ojs.journal.febi.uinib.ac.id
3612,Mardin Artuklu University Institutional Repository,http://acikerisim.artuklu.edu.tr/oai/request,acikerisim.artuklu.edu.tr
3613,Margalla Papers,https://margallapapers.ndu.edu.pk/site/oai,ojs2.margallapapers.edu.pk
3614,Market Economy Institute of RAS|Институт проблем рынка РАН,http://mei.socionet.ru/oai/ecoorg_inst-1/oai.cgi,mei.socionet.ru
3615,MARKHOR (The Journal of Zoology),https://www.markhorjournal.com/index.php/mjz/oai,ojs2.www.markhorjournal.com
3616,MARS,http://digilib.gmu.edu:8080/dspace-oai/request,""
3617,Marvell Studies,https://marvell.openlibhums.org/jms/index.php/up/oai/,ojs.marvell.openlibhums.org
3618,Mary Binney Wheeler Image Collection,http://dla.library.upenn.edu/dla/wheeler/oai-pmh.xml,wheeler.dla.library.upenn.edu
3619,MASALIQ,https://ejournal.yasin-alsys.org/index.php/masaliq/oai,ojs2.ejournal.yasin-alsys.org
3620,Mason Archival Repository Service,http://u2.gmu.edu:8080/dspace-oai/request,""
3621,Materiales de Construcción,http://materconstrucc.revistas.csic.es/index.php/materconstrucc/oai,materialesdeconstruccion.revistas.csic.es
3622,Materials Engineering - Materiálové inžinierstvo (MEMI),http://ojs.mateng.sk/index.php/Mateng/oai,ojs.ojs.mateng.sk
3623,Math Didactic: Jurnal Pendidikan Matematika,http://jurnal.stkipbjm.ac.id/index.php/math/oai,ojs.stkipbjm.ac.id
3624,Mathematical and Computational Forestry & Natural-Resource Sciences (MCFNS),http://mcfns.com/index.php/Journal/oai,oai.mcfns.com
3625,MATTER: International Journal of Science and Technology,https://grdspublishing.org/index.php/matter/oai,ojs.grdspublishing.org
3626,Matter: Journal of New Materialist Research,http://revistes.ub.edu/index.php/matter/oai,revistes.ub.edu
3627,MAVIS : Jurnal Desain Komunikasi Visual,http://jurnal.stiki.ac.id/MAVIS/oai,ojs.pkp.sfu.ca
3628,MAWA'IZH: JURNAL DAKWAH DAN PENGEMBANGAN SOSIAL KEMANUSIAAN,https://jurnal.lp2msasbabel.ac.id/index.php/maw/oai,ojs2.jurnal.lp2msasbabel.ac.id
3629,Max Planck Society eDoc Server,http://edoc.mpg.de/ac_ft_oai.pl,edoc.mpg.de
3630,Max Planck Society eDoc Server,http://edoc.mpg.de/ac_oai.pl,edoc.mpg.de
3631,MAXWELL,https://www.maxwell.vrac.puc-rio.br/ibict.php,""
3632,Małopolska Digital Library,http://mbc.malopolska.pl/dlibra/oai-pmh-repository.xml,mbc.malopolska.pl
3633,Małopolska Digital Library,http://mbc.malopolska.pl/oai-pmh-repository.xml,mbc.malopolska.pl
3634,MC Law Digital Commons,https://dc.law.mc.edu/do/oai/,dc.law.mc.edu
3635,"McGill University's Institutional Repository, eScholarship@McGill",http://digitool.library.mcgill.ca/OAI-PUB,digitool.library.mcgill.ca
3636,"McGill University's Institutional Repository, eScholarship@McGill",http://digitool.library.mcgill.ca:8881/OAI-PUB,digitool.library.mcgill.ca
3637,mdw repository,http://repo.mdw.ac.at/cgi-bin/OAI-XMLFile-2.1/XMLFile/mdw/oai.pl,""
3638,MDX (Materials Docents en Xarxa) ,http://oai.mdx.cat/request,mdx.cat
3639,Mechanova,http://publication.petra.ac.id/index.php/teknik-mesin/oai,oai.student-journals
3640,"Mechatronics, Electrical Power, and Vehicular Technology",http://mevjournal.com/index.php/mev/oai,ojs.pkp.sfu.ca
3641,Mecánica Computacional,http://www.cimec.org.ar/ojs/index.php/mc/oai,ojs.www.cimec.org.ar
3642,MedCrave,https://medcrave.org/index.php/index/oai,oai.medcrave.org
3643,MedCrave,http://medcraveonline.com/oai/oai2.php,""
3644,MedCrave Group,https://pdfs.medcraveonline.com/index.php/index/oai,oai.pdfs.medcraveonline.com
3645,Media & Jornalismo,http://revcom2.portcom.intercom.org.br/index.php/mediajornalismo/oai,ojs.portcom.intercom.org.br
3646,Media and Communication,http://www.cogitatiopress.com/ojs/index.php/mediaandcommunication/oai,ojs.cogitatiopress.com
3647,Media and Environment,https://mediaenviron.org/jms/index.php/up/oai/,ojs.mediaenviron.org
3648,MEDIA ILMIAH TEKNIK LINGKUNGAN,http://journal.umpalangkaraya.ac.id/index.php/mitl/oai,journal.umpalangkaraya.ac.id
3649,MEDIA ILMIAH TEKNIK SIPIL,http://journal.umpalangkaraya.ac.id/index.php/mits/oai,journal.umpalangkaraya.ac.id
3650,Media Keperawatan:Politeknik Kesehatan Makassar,http://journal.poltekkes-mks.ac.id/ojs2/index.php/mediakeperawatan/oai,ojs.journal.poltekkes-mks.ac.id
3651,Media Mahardhika,http://ojs.stiemahardhika.ac.id/index.php/mahardika/oai,ojs2.ojs.stiemahardhika.ac.id
3652,"Media Riset Akuntansi, Auditing dan Informasi",http://www.trijurnal.lemlit.trisakti.ac.id/index.php/mraai/oai,ojs.www.trijurnal.lemlit.trisakti.ac.id
3653,Media Riset Bisnis & Manajemen,http://www.trijurnal.lemlit.trisakti.ac.id/index.php/mrbm/oai,ojs.www.trijurnal.lemlit.trisakti.ac.id
3654,Media SuUB Bremen,https://media.suub.uni-bremen.de/oai/request,media.suub.uni-bremen.de
3655,Media Syari'ah,http://www.mediasyariahjurnal.com/index.php/MedSyar/oai,ojs.www.mediasyariahjurnal.com
3656,Media Wisata,http://jurnal.ampta.ac.id/index.php/MWS/oai,ojs2.localhost
3657,media/rep/,https://mediarep.org/oai/request,mediarep.org
3658,"Mediamusic, electronic scientific magazine",http://ojs.mediamusic-journal.com/index.php/Mediamusic/oai,ojs.ojs.mediamusic-journal.com
3659,Mediateca INAH - Instituto Nacional de Antropología e Historia,http://mediateca.inah.gob.mx/islandora_74/oai2,mediateca.inah.gob.mx
3660,MediaTrend,http://journal.trunojoyo.ac.id/mediatrend/oai.,ojs.journal.trunojoyo.ac.id
3661,Mediações - Revista de Ciências Sociais,http://www.uel.br/revistas/uel/index.php/mediacoes/oai,ojs.www.uel.br
3662,"Medical Hypothesis, Discovery & Innovation Ophthalmology Journal",http://mehdijournal.com/index.php/mehdi/oai,www.mehdijournal.com
3663,Medical Informatics and Engineering,http://ojs.tdmu.edu.ua/index.php/here/oai,ojs.tdmu.edu.ua
3664,Medical Journal of Indonesia,http://mji.ui.ac.id/journal/index.php/mji/oai,ojs.mji.ui.ac.id
3665,Medicina e Investigación Universidad Autónoma del Estado de México,https://medicinainvestigacion.uaemex.mx/oai,ojs.hemeroteca.uaemex.mx
3666,Medicni perspektivi (Medical perspectives),http://journals.uran.ua/index.php/2307-0404/oai,ojs.journals.uran.ua
3667,MedienPädagogik: Zeitschrift für Theorie und Praxis der Medienbildung,http://www.medienpaed.com/oai,medienpaed.com
3668,MedienPädagogik: Zeitschrift für Theorie und Praxis der Medienbildung,https://www.medienpaed.com/oai,medienpaed.com
3669,Medimay,http://revcmhabana.sld.cu/index.php/rcmh/oai,www.medimay.sld.cu
3670,Mediterranean Journal of Social Sciences,http://www.mcser.org/journal/index.php/mjss/oai,ojs.mcser.org
3671,Medknow Publicatiions,http://www.medknow.com/oai2/,medknow.com
3672,MedNEXT Journal of Medical and Health Sciences,https://mednext.zotarellifilhoscientificworks.com/index.php/mednext/oai,ojs2.mednext.zotarellifilhoscientificworks.com
3673,Meiji Gakuin University Institutional Repository,http://repository.meijigakuin.ac.jp/dspace-oai/request,""
3674,Meiji Repository,http://m-repo.lib.meiji.ac.jp/dspace-oai/request,""
3675,Meisei University Academic Institutional Repository,http://meisei.repo.nii.ac.jp/oai,""
3676,MELINTAS,http://journal.unpar.ac.id/index.php/melintas/oai,ojs.journal.unpar.ac.id
3677,"Memoria Academica - FaHCE, UNLP",http://www.memoria.fahce.unlp.edu.ar/oaiserver.cgi,""
3678,"Memoria Cientifica y Academica de la Universidad de Carabobo, todo el quehacer universitario en sus manos.",http://riuc.bc.uc.edu.ve/oai/request,""
3679,"Memoria Cientifica y Academica de la Universidad de Carabobo, todo el quehacer universitario en sus manos.",http://www.riuc.bc.uc.edu.ve/oai/request,""
3680,Memorial University Libraries - Electronic Journals,http://journals.library.mun.ca/ojs/index.php/index/oai,ojs.journals.library.mun.ca
3681,Memorias del Instituto de Investigaciones en Ciencias de la Salud,http://revistascientificas.una.py/index.php/RIIC/oai,ojs.docs.bc.una.py
3682,Memòria Digital de Catalunya,http://mdc.csuc.cat/oai/oai.php,""
3683,Mendelu Repository,https://repozitar.mendelu.cz/oai/request,repozitar.mendelu.cz
3684,Mendive,http://mendive.upr.edu.cu/index.php/MendiveUPR/oai,mendive.upr.edu.cu
3685,Mercer Law School Digital Commons,https://digitalcommons.law.mercer.edu/do/oai/,digitalcommons.law.mercer.edu
3686,Mersin Üniversitesi Açık Erişim Sistemi,http://mersin.mitosweb.com/services_oai2/,""
3687,META'12,http://metaconferences.org/ocs/index.php/META/index/oai,meta.metaconferences.net
3688,Metabiblioteca-Biblioteca Digital Libros Abiertos,http://libros.metabiblioteca.org/oai/request,""
3689,Metallurgical and Materials Engineering,https://metall-mater-eng.com/index.php/index/oai,ojs.localhost
3690,Metaphysics,https://metaphysicsjournal.com/jms/index.php/up/oai/,ojs.metaphysicsjournal.com
3691,METASASTRA: Jurnal Penelitian Sastra,http://ejurnalbalaibahasa.id/index.php/metasastra/oai,ojs.ejurnalbalaibahasa.id
3692,Middle East Technical University Library E-Thesis OAI Data Provider,http://etd.lib.metu.edu.tr/oai/oai2.php,""
3693,Mikarimin. Revista Científica Multidisciplinaria. ISSN en trámite,http://186.46.158.26/ojs/index.php/mikarimin/oai,ojs.uniandesonline.edu.ec
3694,Mimar Sinan Fine Arts University Institutional Repository,http://acikerisim.msgsu.edu.tr/oai/request,acikerisim.msgu.edu.tr
3695,Mimasaka University & Mimasaka Junior College Repository,http://mimasaka.repo.nii.ac.jp/oai,""
3696,MIMBAR AGRIBISNIS: Jurnal Pemikiran Masyarakat Ilmiah Berwawasan Agribisnis,http://jurnal.unigal.ac.id/index.php/mimbaragribisnis/oai,oai.jurnal.unigal.ac.id
3697,MIMS EPrints,http://eprints.ma.man.ac.uk/perl/oai2,eprints.ma.man.ac.uk.MIMS.EPrints
3698,MIMS Eprints,http://eprints.maths.manchester.ac.uk/cgi/oai2,eprints.maths.manchester.ac.uk.MIMS.EPrints
3699,MINDS @ UW,http://minds.wisconsin.edu/oai/request,minds.wisconsin.edu
3700,Minority Health and Health Equity Archive,http://health-equity.pitt.edu/cgi/oai2,health-equity.pitt.edu
3701,Miqot Jurnal Ilmu-ilmu Keislaman,http://jurnalmiqotojs.uinsu.ac.id/index.php/index/oai,jurnalmiqotojs.uinsu.ac.id
3702,Miscelánea de Estudios Árabes y Hebraicos. Sección Hebreo,http://www.meahhebreo.com/index.php/index/oai,ojs.meahhebreo.com
3703,Mitchell Hamline Open Access,https://open.mitchellhamline.edu/do/oai/,open.mitchellhamline.edu
3704,Mitteilungen der GDM,http://ojs.didaktik-der-mathematik.de/index.php/mgdm/oai,ojs.avohns75.myqnapcloud.com
3705,MIUSE: Mie University Scholarly E-collections,http://miuse.mie-u.ac.jp/dspace-oai/request,""
3706,MIX Sustentável,https://ojs.sites.ufsc.br/index.php/mixsustentavel/oai,ojs.sites.ufsc.br
3707,MIX: JURNAL ILMIAH MANAJEMEN,http://publikasi.mercubuana.ac.id/index.php/Jurnal_Mix/oai,ojs.publikasi.mercubuana.ac.id
3708,Miyagi University of Education Repository,http://mue.repo.nii.ac.jp/oai,""
3709,Mizani,http://ejournal.iainbengkulu.ac.id/index.php/mizani/oai,ojs.ejournal.iainbengkulu.ac.id
3710,Mizani,http://ejurnal.iainbengkulu.ac.id/index.php/miz/oai,ojs.ejurnal.iainbengkulu.ac.id
3711,ModaPalavra e-periódico,http://www.revistas.udesc.br/index.php/modapalavra/oai,ojs.revistas.udesc.br
3712,Modern engineering and innovative technologies,https://www.moderntechno.de/index.php/meit/oai,sw.www.moderntechno.de
3713,Modern scientific researches,https://www.modscires.pro/index.php/msr/oai,sw.www.modscires.pro
3714,Molecular and Cellular Biomedical Sciences,http://cellbiopharm.com/ojs/index.php/MCBS/oai,ojs.cellbiopharm.com
3715,Molecular and Cellular Biomedical Sciences,https://cellbiopharm.com/ojs/index.php/MCBS/oai,ojs.cellbiopharm.com
3716,Molecular and Cellular Biomedical Sciences,http://www.cellbiopharm.com/ojs/index.php/MCBS/oai,ojs.www.cellbiopharm.com
3717,Moment Dergi,http://www.momentdergi.org/index.php/momentdergi/oai,ojs.momentdergi.org
3718,Momentum : Jurnal Sosial dan Keagamaan,https://ejournal.stib.ac.id/index.php/mmt/oai,ojs2.ejournal.stib.ac.id
3719,MONAS: Jurnal Inovasi Aparatur,http://e-journal.bpsdm.jakarta.go.id/monas/oai,e-journal.bpsdm.jakarta.go.id
3720,MONAS: Jurnal Inovasi Aparatur,http://ejournal-bpsdm.jakarta.go.id/monas/oai,e-journal.bpsdm.jakarta.go.id
3721,Monas: Jurnal Inovasi Aparatur,https://ejournal-bpsdm.jakarta.go.id/index.php/monas/oai,ojs2.ejournal-bpsdm.jakarta.go.id
3722,Monash University ePrint Repository,http://eprint.monash.edu.au/perl/oai2,Monash.OAI
3723,Montclair State University Digital Commons,https://digitalcommons.montclair.edu/do/oai/,digitalcommons.montclair.edu
3724,Moodle Research Library,http://research.moodle.net/cgi/oai2,research.moodle.net
3725,MORALITY : Jurnal Ilmu Hukum,http://jurnal.upgriplk.ac.id/index.php/morality/oai,jurnal.upgriplk.ac.id
3726,Moravská zemská knihovna,https://kramerius.mzk.cz/oai/,kramerius.mzk.cz
3727,MoreThesis,http://morethesis.unimore.it/ETD-db/NDLTD-OAI/oai.pl,morethesis.unimore.it
3728,Mormons and their Neighbors,http://hbllmedia.lib.byu.edu/test/PhpOai2/oai/oai2.php,""
3729,Mosaic,https://mosaic.messiah.edu/do/oai/,mosaic.messiah.edu
3730,MOSF Journal of Science Fiction,http://publish.lib.umd.edu/scifi/oai,ojs.publish.lib.umd.edu
3731,Mosiraha: Jurnal Pengabdian Farmasi,https://jpfi.uho.ac.id/index.php/journal/oai,ojs2.jpfi.uho.ac.id
3732,"Motivational Interviewing: Training, Research, Implementation, Practice",http://www.mitrip.org/ojs/index.php/mitrip/oai,ojs.mitrip.library.pitt.edu
3733,MOTRICIDADES: Revista da Sociedade de Pesquisa Qualitativa em Motricidade Humana,http://www.motricidades.org/journal/index.php/journal/oai,ojs.www.motricidades.com.br
3734,Mount Kenya University Institutional Repository,http://erepository.mku.ac.ke/oai/request,erepository.mku.ac.ke
3735,Mount Royal Open Access Repository (MROAR),https://mru.arcabc.ca/oai2,mru.arcabc.ca
3736,Mount Royal University Institutional Repository,http://mruir.mtroyal.ca/oai/request,""
3737,Mountain Forum,http://www.mtnforum.org/oai2,""
3738,Moving the Social,http://moving-the-social.ub.rub.de/index.php/Moving_the_social/oai,ojs.ojs2.ub.rub.de
3739,MRU Journal System,http://mrujs.mtroyal.ca/index.php/index/oai,ojs.mrujs.mtroyal.ca
3740,MSC - Masculinities & Social Change,http://hipatiapress.com/hpjournals/index.php/mcs/oai,journals.hipatiapress.com
3741,MSSTATE Electronic Thesis and Disseration,http://sun.library.msstate.edu/ETD-db/NDLTD-OAI/oai.pl,library.msstate.edu
3742,Muallimuna Jurnal Madrasah Ibtidaiyah,http://ojs.uniska.ac.id/index.php/muallimuna/oai,ojs.uniska.ac.id
3743,MUAMALAH : Jurnal Hukum Ekonomi Syariah,http://ejournal.stai-muarabulian.ac.id/index.php/MUAMALAH/oai,ojs.ejournal.stai-muarabulian.ac.id
3744,MUDRA,http://jurnal.isi-dps.ac.id/index.php/mudra/oai,ojs.jurnal.isi-dps.ac.id
3745,Multidisciplinary Digital Publishing Institute,http://oai.mdpi.com/oai/oai2.php,""
3746,MULTIMED Revista Médica Granma,http://www.revmultimed.sld.cu/index.php/mtm/oai,ojs.www.revmultimed.sld.cu
3747,Mundo Agrario,http://mundoagrario.unlp.edu.ar/index.php/mundoagrario/oai,ojs.revistas.fahce.unlp.edu.ar
3748,MUNDUS - UK Missionary collections,http://www.mundus.ac.uk/cgi-bin/oai/OAI2.0,mundus.ac.uk
3749,Munich Personal RePEc Archive,http://mpra.ub.uni-muenchen.de/perl/oai2,mpra.ub.uni-muenchen.de
3750,Munin,http://www.ub.uit.no/munin-oai/request,""
3751,Munster Women Writers,https://munsterwomenwriters.joanofarchives.com/oai-pmh-repository/request,munsterwomenwriters.joanofarchives.com
3752,Murdoch Research Repository,http://researchrepository.murdoch.edu.au/cgi/oai2,researchrepository.murdoch.edu.au
3753,Muroran Institute of Technology Academic Resources Archive,http://muroran-it.repo.nii.ac.jp/oai,""
3754,Murray State's Digital Commons,https://digitalcommons.murraystate.edu/do/oai/,digitalcommons.murraystate.edu
3755,Muróbbî: Jurnal Ilmu Pendidikan,http://jurnal.iaibafa.ac.id/index.php/murobbi/oai,ojs2.jurnal.iaibafa.ac.id
3756,Mus Alparslan University Institutional Repository,http://akademikarsiv.alparslan.edu.tr/oai/request,akademikarsiv.alparslan.edu.tr
3757,Musamus Journal of Civil Engineering,https://ejournal.unmus.ac.id/index.php/civil/oai,ojs.ejournal.unmus.ac.id
3758,Museo Virtual Felix Cañada,http://museovirtualfelixcanada.digibis.com/oai,museo.felixcanada.es
3759,Museus da Universidade do Porto (University of Porto Museums),http://museuvirtual.up.pt/up/oai,museuvirtual.up.pt
3760,MUShare,https://mushare.marian.edu/do/oai/,mushare.marian.edu
3761,Musée royal de Mariemont OAI repository,http://oai.musee-mariemont.be/oai,""
3762,Muğla Sıtkı Koçman University Institutional Repository,http://acikerisim.mu.edu.tr/oai/request,acikerisim.mu.edu.tr
3763,Muğla Üniversitesi Açık Erişim Sistemi,http://acikarsiv.mu.edu.tr/services_oai2/,""
3764,MUṢḤAF: Jurnal Tafsir Berwawasan Keindonesiaan,https://ejournal.unuja.ac.id/index.php/mushaf/oai,oai.ejournal.unuja.ac.id
3765,My Research Journals,http://mripub.in/index.php/index/oai,ojs.myresearchjournals.com
3766,My Research Journals,http://myresearchjournals.com/index.php/index/oai,ojs.myresearchjournals.com
3767,MyResearchJournals.com,http://www.myresearchjournals.com/index.php/index/oai,ojs.pkp.sfu.ca
3768,MyResearchJournals.com,https://www.myresearchjournals.com/index.php/index/oai,ojs.pkp.sfu.ca
3769,Márgenes,http://www.revistas.uma.es/index.php/mgn/oai,revistas.uma.es
3770,Műszaki Szemle,http://ojs.emt.ro/index.php/msz/oai,ojs.ojs.emt.ro
3771,N,http://evoraopacgib.bibliopolis.info/oai/pmh,""
3772,NA,http://arkitekturforskning.net/index.php/na/oai,arkitekturforskning.net
3773,Nagasaki University Repository,http://naosite.lb.nagasaki-u.ac.jp/dspace-oai/request,""
3774,Nagoya Institute of Technology Repository System,http://repo.lib.nitech.ac.jp/dspace-oai/request,""
3775,NAGOYA Repository,http://nagoya.repo.nii.ac.jp/oai,""
3776,Nagoya University of Economics Academic Repository,http://nue.repo.nii.ac.jp/oai,""
3777,naistar (NAIST Academic Repository),http://library.naist.jp/dspace-oai/request,""
3778,NAL Institutional Repository,http://nal-ir.nal.res.in/perl/oai2,nal-ir.nal.res.in
3779,Namik Kemal University Institutional Repository,http://acikerisim.nku.edu.tr/oai/request,acikerisim.nku.edu.tr
3780,Nanoscale Reports,https://journals.eleyon.org/index.php/nr/oai,ojs2.journals.eleyon.org
3781,Nara University of Education Academic Repository,http://dspace.nara-edu.ac.jp:8080/dspace-oai/request,""
3782,Nara University of Education Academic Repository,http://near.nara-edu.ac.jp/dspace-oai/request,""
3783,Nara Women's University Digital Information Repository,http://nwudir.lib.nara-wu.ac.jp/dspace-oai/request,""
3784,NARIMS Documents Repository,http://www.arc.sci.eg/oai/oai.aspx,""
3785,Narims-Publication,http://www.arc.sci.eg:999/oai,rvot.Narims-Publication
3786,Naruto University of Education research result repository,http://www.naruto-u.ac.jp/repository/oai/request,""
3787,National Academic Digital Repository of Ethiopia,http://nadre.ethernet.edu.et/oai2d,nadre.ethernet.edu.et
3788,National Academy of Medical Sciences,http://library.nams.org.np/nams/cgi-bin/oaiserver.cgi,nams
3789,National Chung Hsing University Institutional Repository,http://ir.lib.nchu.edu.tw/oai/request,""
3790,National Institute of Japanese Literature Repository,http://kokubunken.repo.nii.ac.jp/oai,""
3791,National Institute of Polar Research Repository,http://nipr.repo.nii.ac.jp/oai,""
3792,National Journal of Professional Social Work,http://pswjournal.org/index.php/njpsw/oai,ojs2.pswjournal.org
3793,National Library of Australia Digital Object Repository,http://www.nla.gov.au/apps/oaicat/servlet/OAIHandler,nla.gov.au
3794,National Library of Czech Republic - Digitized documents,http://kramerius.nkp.cz/kramerius/oai,kramerius.nkp.cz
3795,National Museum of Ethnology Repository,http://minpaku.repo.nii.ac.jp/oai,""
3796,National Women's Education Center of Japan,http://nwec.repo.nii.ac.jp/oai,""
3797,Natural Health Informer,http://www.naturalhealthinformer.com/harvester/oai,naturalhealthinformer.com
3798,Naturalis Publications,http://dare.uva.nl/cgi/arno/oai/naturalis,""
3799,Nature Precedings,http://precedings.nature.com/oai2,""
3800,Nature Publishing Group Metadata Repository,http://www.nature.com/oai/request,nature.com
3801,Naukovi zapiski HNPU imeni G. S. Skovorodi Literaturoznavstvo,http://journals.hnpu.edu.ua/index.php/literature/oai,ojs.journals.hnpu.edu.ua
3802,Nayoro City University Institutional Repository,http://nayoro.repo.nii.ac.jp/oai,""
3803,Nazhruna: Jurnal Pendidikan Islam,http://e-journal.ikhac.ac.id/index.php/NAZHRUNA/oai,ojs2.e-journal.ikhac.ac.id
3804,NBCLEARN DATA PROVIDER,http://dev-preview.nbclearn.com/oai/provider,nbclearn.com
3805,NCCU LIBRARY,http://thesis.lib.nccu.edu.tw/cgi-bin/cdrfb3/oai.cgi,""
3806,NCSA-EOT Teachers Resource Page,http://eot2003.ncsa.uiuc.edu/oai2.php,eot2003.ncsa.uiuc.edu
3807,NDLScholarship,https://scholarship.law.nd.edu/do/oai/,scholarship.law.nd.edu
3808,NEARI EM REVISTA,https://revistas.faculdadedamas.edu.br/index.php/neari/oai,ojs.faculdadedamas.edu.br
3809,Necmettin Erbakan University Dspace,http://acikerisim.konya.edu.tr/oai/request,acikesisim.konya.edu.tr
3810,Necmettin Erbakan University Institutional Repository,http://acikerisim.erbakan.edu.tr/oai/request,acikerisim.erbakan.edu.tr
3811,NECTAR,http://nectar.northampton.ac.uk/cgi/oai2,nectar.northampton.ac.uk
3812,NEIU Digital Commons,https://neiudc.neiu.edu/do/oai/,neiudc.neiu.edu
3813,Neliti,https://www.neliti.com/oai,""
3814,NEPTUN,https://neptun.unamur.be/s/neptun/oai,neptun.unamur.be
3815,Neptunus,http://puslit2.petra.ac.id/ejournal/index.php/nep/oai,puslit2.petra.ac.id
3816,Neraca: Jurnal Pendidikan Ekonomi,http://journal.umpalangkaraya.ac.id/index.php/neraca/oai,journal.umpalangkaraya.ac.id
3817,NERAKIN Documnets Repository,http://www.nerakin.net/oai/oai2.aspx,""
3818,NetMob Unitn OAI repository,http://laica.science.unitn.it:8080/netbib/oai2/oai2.php,UNITN.Netmob
3819,Neurona Majalah Kedokteran Neuro Sains,http://www.neurona.web.id/servlet/oai,neurona.web.id
3820,New computer technology,http://ccjournals.eu/ojs/index.php/nocote/oai,ojs.ccjournals.eu
3821,New European BauRxiv,https://neweuropeanbaurxiv.eu/index.php/neb/oai,neweuropeanbaurxiv.eu
3822,New Theology Review,http://newtheologyreview.org/index.php/ntr/oai,ojs.lib.ctu.du
3823,New Trends in Mathematical Sciences,http://www.ntmsci.com/ntmsci/ajaxtool/oai,""
3824,Newcastle University ePrint Repository,http://eprint.ncl.ac.uk:9003/,""
3825,Nexo Revista Científica,http://revistas.uni.edu.ni/index.php/Nexo/oai,ojs.revistas.uni.edu.ni
3826,Nexos Econômicos,https://periodicos.ufba.br/index.php/revnexeco/oai,ojs.periodicos.ufba.br
3827,NHI HOSPITALITY INTERNATIONAL JOURNAL,https://journal.stp-bandung.ac.id/index.php/nhij/oai,ojs2.journal.stp-bandung.ac.id
3828,NIFS Repository,http://nifs-repository.repo.nii.ac.jp/oai,""
3829,nifs-k repository,http://repo.lib.nifs-k.ac.jp/dspace-oai/request,""
3830,Nigeria Journal of Pure and Applied Physics,http://journals.futa.edu.ng/index.php/NJPAP/oai,ojs.journals.futa.edu.ng
3831,NII Repository,http://repository.nii.ac.jp/oai,""
3832,Niigata College of Nursing Repository,http://niconurs.repo.nii.ac.jp/oai,""
3833,Niigata College of Nursing Repository,http://repository.niigata-cn.ac.jp/dspace-oai/request,""
3834,Niigata University Academic Repository,https://niigata-u.repo.nii.ac.jp/oai,""
3835,Niigata University Academic Repository ,http://dspace.lib.niigata-u.ac.jp/dspace-oai/request,""
3836,Niigata University of International and Information Studies Repository,http://nuis.repo.nii.ac.jp/oai,""
3837,NIMERTIS,http://nemertes.lis.upatras.gr/dspace-oai/request,""
3838,NIMERTIS,http://nemertes.lis.upatras.gr/oai/request,""
3839,NIMERTIS,http://nemertes.lis.upatras.gr:8081/dspace-oai/request,""
3840,NIOZ Dataverse OAI Archive,https://dataverse.nioz.nl/oai,""
3841,Nirma University Journal of Engineering and Technology,http://nujet.org.in/index.php/nujet/oai,ojs.nujet.org.in
3842,Nirmana,http://puslit2.petra.ac.id/ejournal/index.php/dkv/oai,puslit2.petra.ac.id
3843,NIRS-Repository,http://repo.nirs.go.jp/oai,""
3844,NITTAIDAI Repository,http://nittaidai.repo.nii.ac.jp/oai,""
3845,Niğde Ömer Halisdemir University Institutional Repository,http://acikerisim.nigde.edu.tr/oai/request,acikerisim.nigde.edu.tr
3846,Niğde Ömer Halisdemir University Institutional Repository,http://acikerisim.ohu.edu.tr/oai/request,acikerisim.ohu.edu.tr
3847,Nişantaşı Üniversitesi Açık Erişim,http://openaccess.nisantasi.edu.tr:8080/oai/request,openaccess.nisantasi.edu.tr
3848,NKE Tudásportál,https://tudasportal.uni-nke.hu/oai/request,""
3849,NMT Community Archive,http://dspace.nmt.edu/dspace-oai/request,""
3850,Nodos y Nudos,http://revistas.pedagogica.edu.co/index.php/NYN/oai,pedagogica.edu.co-REVISTAS-UPN-CO
3912,ODEERE,https://periodicos2.uesb.br/index.php/odeere/oai,periodicos.periodicos2.uesb.br
3851,Nonlinear Analysis: Modelling and Control,https://www.journals.vu.lt/nonlinear-analysis/oai,ojs.www4063.vu.lt
3852,Nordic Journal of Francophone Studies/ Revue nordique des études francophones,https://franorfon.org/jms/index.php/up/oai/,ojs.franorfon.org
3853,Nordic Journal of Migration Research,https://journal-njmr.org/jms/index.php/up/oai/,ojs.journal-njmr.org
3854,North Carolina Digital Online Collection of Knowledge and Scholarship,http://libres.uncg.edu/ir/oai/oai.aspx,""
3855,Northeastern University Libraries Digital Collections,http://129.10.107.247/gsdl/cgi-bin/oaiserver.exe,""
3856,Nottingham ePrints,http://eprints.nottingham.ac.uk/cgi/oai2,eprints.nottingham.ac.uk
3857,Nottingham ePrints,http://eprints.nottingham.ac.uk/perl/oai2,eprints.nottingham.ac.uk.OAI2
3858,Nottingham eTheses,http://etheses.nottingham.ac.uk/cgi/oai2,etheses.nottingham.ac.uk
3859,Nottingham eTheses,http://etheses.nottingham.ac.uk/perl/oai2,etheses.nottingham.ac.uk.OAI2
3860,Novel Publications,http://ojs.onghana.org/index.php/index/oai,ojs.onghana.org
3861,Novi Ekonomist,http://www.noviekonomist.info/ojs/oai.html,www.noviekonomist.info
3862,Novo tékhne,http://guayanavirtual.web.ve/novo-tekhne/index.php/NT/oai,ojs.guayanavirtual.web.ve
3863,"Noêma, revue internationale d'études françaises : langue, littérature, culture",https://ejournals.epublishing.ekt.gr/index.php/noema/oai,ejournals.epublishing.ekt.gr
3864,NRC National Science Library - Digital Repository / Bibliothèque‌ scientifique‌ nationale‌ du‌ CNRC - Dépôt numérique,http://oai-pmh.nrc-cnrc.gc.ca/oai/dr-dn,dr-dn.cisti-icist.nrc-cnrc.ca
3865,NRC Publications Archive / Archives des publications du CNRC,http://oai-pmh.nrc-cnrc.gc.ca/oai/ctrl,cisti-icist.nrc-cnrc.ca
3866,NSF Digital Library,http://dl.nsf.ac.lk/oai/request,""
3867,NSTDA Open Repository,https://www.nstda.or.th/openarchive/wp-json/tainacan/v2/oai,openarchive.www.nstda.or.th
3868,nstl union catalog system  Repository,http://www.oai.bcrj.cn:8080/oaicat/OAIHandler,""
3869,NSUWorks,https://nsuworks.nova.edu/do/oai/,nsuworks.nova.edu
3870,NSYSU 3024 Electronic Thesis and Dissertation Collection,http://jenghung.twbbs.org/ETD-db/etddb/oai.pl,jenghung.twbbs.org
3871,Nuansa,http://ejournal.iainbengkulu.ac.id/index.php/nuansa/oai,ojs.ejournal.iainbengkulu.ac.id
3872,Nuansa Akademik: Jurnal Pembangunan Masyarakat,https://jurnal.ucy.ac.id/index.php/nuansaakademik/oai,ojs2.jurnal.ucy.ac.id
3873,NUANSA: Jurnal Penelitian Ilmu Sosial dan Keagamaan Islam,http://ejournal.stainpamekasan.ac.id/index.php/nuansa/oai,ojs.www.ejournal.stainpamekasan.ac.id
3874,Nuris Journal of Education and Islamic Studies,http://journal.nuris.id/index.php/jeis/oai,ojs2.journal.nuris.id
3875,Nuris Journal of Education and Islamic Studies,https://nuris.ac.id/journal/jeis/oai,ojs2.nuris.ac.id
3876,NURSEARCHER (Journal of Nursing & Midwifery Sciences),https://www.nursearcher.com/index.php/nrs/oai,ojs2.www.nursearcher.com
3877,Nusantara Journal of Behavioral and Social Science,https://ukinstitute.org/journals/4/njbss/oai,ojs.ukinstitute.org
3878,NUSANTARA JURNAL - OJS,http://efektor.unpkediri.ac.id/index.php/index/oai,ojs.efektor.unpkediri.ac.id
3879,Nusantara Jurnal of Computer Application,https://ukinstitute.org/journals/3/njca/oai,ojs.ukinstitute.org
3880,NUST Library Special Collections,http://specialcollections.nust.na:8080/greenstone3/oaiserver,specialcollections.nust.na
3881,NWCommons,https://nwcommons.nwciowa.edu/do/oai/,nwcommons.nwciowa.edu
3882,NYS Archives XTF Repository,http://iarchives.nysed.gov/xtf/oai,""
3883,Nông nghiệp và Phát triển Nông thôn,http://joshueuni.edu.vn/index.php/NNPTNT/oai,ojs.hueuni.edu.vn
3884,Nülan,http://nulan.mdp.edu.ar/cgi/oai2,nulan.mdp.edu.ar
3885,OAI Frontend,http://viewer.soton.ac.uk/viewer/oai,""
3886,OAI IDS Luzern,http://ilu.zhbluzern.ch/OAI,idsluzern.ch
3887,"OAI Repositorio (Sistema LIBRUM 2.5), Arquidiocesis de Merida - Venezuela",http://arqmrd.no-ip.org/oai/oai2.php,""
3888,"OAI Repositorio Institucional Referencial de Tesis y Trabajos, SERBIULA - Universidad de Los Andes, Venezuela",http://platon.serbi.ula.ve/librum/oai/oai2.php,""
3889,"OAI Repositorio Referencial (Sistema LIBRUM), CUHELAV, Biblioteca Luis Zambrano, Venezuela",http://www.cuhelav.org/cuhelav/oai/oai2.php,""
3890,"OAI Repositorio Revista Tertulia Libre (Sistema LIBRUM), Venezuela",http://www.tertulialibre.org/revista/oai/oai2.php,""
3891,"OAI Repositorio, SERBIULA - Universidad de Los Andes, Venezuela",http://platon.serbi.ula.ve/librum/librum_ula/oai/oai2.php,""
3892,OAI Repository,http://124.193.98.151:8219/csdbdx-oai/request,cnki.net
3893,OAI Repository for Hipe.fr,http://www.hipe.fr/oai/oai2.php,hipe.fr
3894,OAI Repository of the Technische Universiteit Eindhoven (TU/e),http://cache.libr.tue.nl:1972/csp/dare/DARE.Repository.cls,""
3895,OAI SIGECWEB (Repository),http://catalogo.beniculturali.it/oaitarget/OAIHandler,oaicat.iccd.org
3896,OAI-Interface of TU Freiberg,http://digital.ub.tu-freiberg.de/oai/,""
3897,OAI-PMH Archives at SININ,http://sinin.nsc.ru/oai/oai.cgi,sinin.nsc.ru
3898,OAI-PMH Archives within Socionet Personal Zone,http://spz.socionet.ru/oai/oai.cgi,spz.socionet.ru
3899,oai.sunsite.utk.edu,http://oai.sunsite.utk.edu/cgi-bin/oai2.cgi,oai.sunsite.utk.edu
3900,OAI2 PMH NEUMOMADRID,http://oai.revistadepatologiarespiratoria.org/,""
3901,OAI2 PMH Transcript-Verlag,https://www.transcript-verlag.de/oai/oai2.php,""
3902,OAIMFT,http://oa.imft.fr/cgi/oai2,oa.imft.fr
3903,OaiStore - Depósito Digital Cultural,http://www.oaistore.es/oai2/oai2.php,oaistore.es
3904,OAPEN Library,http://library.oapen.org/oai/request,library.oapen.org
3905,OAR@ICRISAT,http://oar.icrisat.org/cgi/oai2,oar.icrisat.org
3906,oatao,http://oatao.univ-toulouse.fr/cgi/oai2,oatao.univ-toulouse.fr
3907,Obs Gyne Review: Journal of Obstetric and Gynecology,https://obstetrics.medresearch.in/index.php/joog/oai,oai.obstetrics.medresearch.in
3908,"Obstetrics, Gynecology and Reproduction",http://www.gynecology.su/jour/oai,oai.akusherstvo.elpub.ru
3909,OceanRep,http://oceanrep.geomar.de/cgi/oai2,oceanrep.geomar.de
3910,Ochanomizu University Web Library - Institutional Repository (TeaPot),http://teapot.lib.ocha.ac.jp/ocha-oai/request,""
3911,Ochrona Dziedzictwa Kulturowego,https://ph.pollub.pl/index.php/odk/oai,ojs2.ph.pollub.pl
3913,ODISEA. Revista de estudios ingleses,http://ojs.ual.es/ojs/index.php/ODISEA/oai,ojs.ual.es
3914,ODU Digital Commons,https://digitalcommons.odu.edu/do/oai/,digitalcommons.odu.edu
3915,Off Center: A Creative Magazine for the MTSU Community,http://libjournals.mtsu.edu/index.php/offcenter/oai,ojs.libjournals.mtsu.edu
3916,Offscreen,http://journal.isi-padangpanjang.ac.id/index.php/OS/oai,ojs.journal.isi-padangpanjang.ac.id
3917,Ogigia. Revista Electrónica de Estudios Hispánicos,http://www.ogigia.es/index.php/ogigia/oai,ojs.www.ogigia.es
3918,OHIO Open Library,https://ohioopen.library.ohio.edu/do/oai/,ohioopen.library.ohio.edu
3919,OHSU Digital Resources Library,http://content.ohsu.edu/cgi-bin/oai.exe,""
3920,OIE Repository,http://doc.oie.int:8080/oai/provider,doc.oie.int
3921,OIKONOMIA: Journal of Economics and Management Science,https://ojs.jurnalbk.com/index.php/OIKONOMIA/oai,ojs2.jurnalbk.com
3922,OJS - Universidad Autónoma del Caribe,http://ojs.uac.edu.co/index.php/index/oai,ojs.localhost
3923,OJS der Uni Kassel,http://journals.ub.uni-kassel.de/index.php/index/oai,journals.ub.uni-kassel.de
3924,Okayama Prefectural University ePublications Repository,http://oka-pu.repo.nii.ac.jp/oai,""
3925,OKAYAMA UNIVERSITY SCIENTIFIC ACHIEVEMENT REPOSITORY,http://ousar.lib.okayama-u.ac.jp/oai/Request,""
3926,OKR Worldbank,http://openknowledge.worldbank.org/oai/request,""
3927,Oku Okut Yayınları,https://yayin.okuokut.org/index.php/okuokut/oai,omp.yayin.okuokut.org
3928,OLAC Aggregator,http://www.language-archives.org/cgi-bin/olaca3.pl,OLACA.language-archives.org
3929,Omekas,http://dr.rgf.bg.ac.rs/oai,dr.rgf.bg.ac.rs
3930,OMP Ruhr-Universität Bochum,http://omp.ub.rub.de/index.php/RUB/oai,omp.ub.rub.de
3931,Ondarea RSBAP,https://ondarea.rsbap.org/s/europeana/oai,rsbap.org
3932,Ondokuz Mayis University Institutional Repository,http://acikerisim.omu.edu.tr/oai/request,acikerisim.omu.edu.tr
3933,Online Journal of ISI Yogyakarta,http://journal.isi.ac.id/index.php/index/oai,ojs.journal.isi.ac.id
3934,Online Journals,https://journals.ub.uni-osnabrueck.de/index.php/index/oai,journals.ub.uni-osnabrueck.de
3935,Onoma,https://e-journal.my.id/onoma/oai,ojs2.e-journal.my.id
3936,Open Access Health Scientific Journal,https://oahsj.org/index.php/oahsj/oai,ojs.oahsj.org
3937,Open Access Journal Article Collection,https://www.oajour.info/repos/oai,www.repos.oajour.info
3938,Open Access Macedonian Journal of Medical Sciences,http://www.id-press.eu/mjms/oai,ojs.id-press.eu
3939,Open Access Macedonian Journal of Medical Sciences,https://www.id-press.eu/mjms/oai,ojs.pkp.sfu.ca
3940,Open Access Repository,http://oar.sci-gaia.eu/oai2d,oar.sci-gaia.eu
3941,Open Access Repository,http://www.openaccessrepository.it/oai2d,www.openaccessrepository.it
3942,Open Access Repository of Indian Theses,http://eprints.csirexplorations.com/cgi/oai2,eprints.csirexplorations.com
3943,Open Aceess Journal Archives,http://oajour.info/oai-pmh-repository/request,www.oajour.info
3944,Open Aceess Journal Archives,https://oajour.info/oai-pmh-repository/request,www.oajour.info
3945,Open Aceess Journal Archives,https://www.oajour.info/oai-pmh-repository/request,www.oajour.info
3946,Open archive,http://eprints.zu.edu.ua/perl/oai2,eprints.zu.edu.ua
3947,Open Conference Systems,http://proceeding.umpalangkaraya.ac.id/index.php/index/index/oai,proceeding.umpalangkaraya.ac.id
3948,Open Health Data,https://openhealthdata.metajnl.com/jms/index.php/up/oai/,ojs.openpublichealthdata.metajnl.com
3949,Open Journal of Bioresources,https://openbioresources.metajnl.com/jms/index.php/up/oai/,ojs.openbioresources.metajnl.com
3950,Open Journal Systems,http://jios.foi.hr/index.php/index/oai,jios.foi.hr
3951,Open Journal Systems,http://avia.ftmd.itb.ac.id/index.php/index/oai,ojs.avia.ftmd.itb.ac.id
3952,Open Journal Systems,http://ojs.spiruharet.ro/index.php/index/oai,ojs.ctb.ro
3953,Open Journal Systems,http://fzwp.de/index.php/index/oai,ojs.fzwp.de
3954,Open Journal Systems,http://ijriet.com/OJS/ojs-2.4.3/index.php/index/oai,ojs.ijriet.com
3955,Open Journal Systems,http://kinetik.umm.ac.id/index.php/index/oai,ojs.kinetik.umm.ac.id
3956,Open Journal Systems,https://www.modernlanguagesopen.org/jms/index.php/up/oai/,ojs.modernlanguagesopen.org
3957,Open Journal Systems,http://p3m.sinus.ac.id/jurnal/index.php/index/oai,ojs.p3m.sinus.ac.id
3958,Open Journal Systems,https://jurnalmahasiswa.unesa.ac.id/index.php/index/oai,ojs.pkp.sfu.ca
3959,Open Journal Systems,http://socialsciencesdirectory.com/index.php/index/oai,ojs.socialsciencesdirectory.com
3960,Open Journal Systems,http://teosofi.uinsby.ac.id/index.php/index/oai,ojs.teosofi.uinsby.ac.id
3961,Open Journal Systems,https://visaemdebate.incqs.fiocruz.br/index.php/index/oai,ojs.visaemdebate.incqs.fiocruz.br
3962,Open Journal Systems,http://www.ijms.info/ojs/index.php/index/oai,ojs.www.ijms.info
3963,Open Journal Systems,http://www.revistabiblios.com/ojs/index.php/index/oai,ojs.www.revistabiblios.com
3964,Open Journal Systems,https://revistaiztapalapa.izt.uam.mx/index.php/index/oai,revistaiztapalapa.izt.uam.mx
3965,OPEN JOURNAL SYSTEMS OF UNIVERSITAS MUHAMMADIYAH PALANGKARAYA,http://ojs.umpalangkaraya.ac.id/index.php/index/oai,ejournal.umpalangkaraya.ac.id
3966,Open Journal Systems STIE Kesuma Negara Blitar,http://journal.stieken.ac.id/index.php/index/oai,ojs.journal.stieken.ac.id
3967,Open Jurnal Sistem OfficeSpss.com,https://www.officespss.com/ojs/index.php/oficespss/oai,ojs.www.officespss.com
3968,Open Library,http://openlibrary.telkomuniversity.ac.id/oai-pmh.html,openlibrary.telkomuniversity.ac.id
3969,Open Library of Humanities,https://olh.openlibhums.org/jms/index.php/up/oai/,ojs.openlibhums.org
3970,Open Polytechnic Online Repository,https://repository.openpolytechnic.ac.nz/oai/request,repository.openpolytechnic.ac.nz
3971,Open PRAIRIE: Open Public Research Access Institutional Repository and Information Exchange,https://openprairie.sdstate.edu/do/oai/,openprairie.sdstate.edu
3972,Open Praxis,http://www.openpraxis.org/index.php/OpenPraxis/oai,ojs.cluster005.ovh.net
3973,Open Publishing LMU,https://publishing.ub.uni-muenchen.de/index.php/oplmu/oai,publishing.ub.uni-muenchen.de
3974,Open Quaternary,https://www.openquaternary.com/jms/index.php/up/oai/,ojs.www.openquaternary.com
3975,Open Research Europe,https://oaipmh.f1000.com/oai/openresearcheurope,oaipmh.f1000.com
3976,Open Research Online,http://oro.open.ac.uk/cgi/oai2,open.ac.uk.OAI2
3977,Open Science Brazil,https://cienciaabertabrasil.org/revista/oai,ops.cienciaabertabrasil.emnuvens.com.br
3978,OPEN SCIENCE | REPOSITORY OF NATIONAL ACADEMY OF SCIENCES OF UKRAINE,http://open-science.nbuv.gov.ua/oai,open-science.nbuv.gov.ua
3979,Open Screens,https://openscreensjournal.com/jms/index.php/up/oai/,ojs.openscreensjournal.com
3980,Open SPACE @ DMACC,https://openspace.dmacc.edu/do/oai/,openspace.dmacc.edu
3981,Openair @ RGU,http://openair.rgu.ac.uk/dspace-oai/request,""
3982,OpenBU,https://open.bu.edu/oai/request,open.bu.edu
3983,OpenDocs at Institute of Development Studies,http://opendocs.ids.ac.uk/oai/request,opendocs.ids.ac.uk
3984,OpenMED@NIC,http://openmed.nic.in/perl/oai2,openmed.nic.in.oai2
3985,OpenRiver,https://openriver.winona.edu/do/oai/,openriver.winona.edu
3986,OpenSALDRU@UCT,http://opensaldru.uct.ac.za/oai/request,""
3987,OpenSIUC,https://opensiuc.lib.siu.edu/do/oai/,opensiuc.lib.siu.edu
3988,"OpenSPACES@UNK: Scholarship, Preservation, and Creative Endeavors",https://openspaces.unk.edu/do/oai/,openspaces.unk.edu
3989,OpenVideo,http://www.open-video.org/oai2.0/,www.open-video.org
3990,"OPUS 12 Scientist / OPUS 12 Foundation, Inc.",http://journal.opus12.org/o12-ojs/ojs-2.1.1/index.php/index/oai,ojs.journal.opus12.org
3991,OPUS Open Portal to University Scholarship,https://opus.govst.edu/do/oai/,opus.govst.edu
3992,Opus4 uni Passau,https://opus4.kobv.de/opus4-uni-passau/oai,kobv.de-opus4-uni-passau
3993,Opus4 Uni Potsdam,https://publishup.uni-potsdam.de/oai,kobv.de-opus4-uni-potsdam
3994,Opus4 Weimar,https://e-pub.uni-weimar.de/opus4/oai,opus4.weimar
3995,ORA - Oxford University Research Archive,https://ora.ox.ac.uk/oai2,ora.ox.ac.uk
3996,Oracc OIA Repository,http://oracc.org/oai,""
3997,ORBi,http://orbi.ulg.ac.be/oai/request,""
3998,ORBi,http://orbilu.uni.lu/oai/request,""
3999,ORBi,https://orbi.uliege.be/oai/request,""
4000,Orbis Imagines,http://orbisimagines.hdplus.es/oai2,orbisimagines.hdplus.es
4001,Oregon State Library,http://digital.osl.state.or.us/oai2,digital.osl.state.or.us
4002,Organic Eprints,http://orgprints.org/perl/oai2,orgprints.org
4003,Organizations and Markets in Emerging Economies,https://www.journals.vu.lt/omee/oai,ojs.www4063.vu.lt
4004,Origin of language and culture: ancient history of mankind,http://publishing.socionic.info/index.php/language/oai,ojs.publishing.socionic.info
4005,Orthopaedic Journal of M. P. Chapter,https://ojmpc.com/index.php/ojmpc/oai,oai.ojmpc.com
4006,Osaka Kyoiku University Repository,http://ir.lib.osaka-kyoiku.ac.jp:8080/dspace-oai/request,""
4007,Osaka Prefecture University Repository,http://repository.osakafu-u.ac.jp/dspace-oai/request,""
4008,Osaka University Repository,http://ir.library.osaka-u.ac.jp/repo/mmd_api/oai-pmh/,ir.library.osaka-u.ac.jp
4009,Oskar Kolberg Digital Index of Folklore,http://oskarkolberg.pl/oai2,""
4010,Osmaniye Korkut Ata Universitesi,http://openaccess.osmaniye.edu.tr/oai/request,openaccess.osmaniye.edu.tr
4011,osnaData Dataverse OAI Archive,https://osnadata.ub.uni-osnabrueck.de/oai,""
4012,osnaDocs,https://osnadocs.ub.uni-osnabrueck.de/oai/request,osnadocs.ub.uni-osnabrueck.de
4013,Otaru University of Commerce Academic Collections,http://barrel.repo.nii.ac.jp/oai,""
4014,Otemae University & Otemae College Repository,http://otemae.repo.nii.ac.jp/oai,""
4015,Ounongo Repository,http://ir.polytechnic.edu.na/dspace-oai/request,""
4016,Ounongo Repository,http://ir.polytechnic.edu.na/oai/request,""
4017,"ourheritage.ac.nz | OUR Heritage, University of Otago Library, Dunedin, New Zealand",http://otago.ourheritage.ac.nz/oai-pmh-repository/request,otago.ourheritage.ac.nz
4018,OverHolland,https://www.overholland.ac/index.php/overholland/oai,overholland.ac
4019,Owner,https://owner.polgan.ac.id/index.php/owner/oai,ojs2.owner.polgan.ac.id
4020,Oxford Eprints,http://eprints.ouls.ox.ac.uk/perl/oai2,OxfordEPrints.OAI2
4021,Pacha. Revista de Estudios Contemporáneos del Sur Global,http://revistapacha.religacion.com/index.php/about/oai,revistapacha.religacion.com
4022,Pacific And Regional Archive for Digital Sources in Endangered Cultures (PARADISEC),https://catalog.paradisec.org.au/oai/collection,paradisec.org.au
4023,Pacific International Journal ,https://pacificinternationaljournal.com/index.php/pij/oai,ojs2.pacificinternationaljournal.com
4024,Pacific Journalism Review,https://ojs.aut.ac.nz/pacific-journalism-review/oai,pjr.ojs.aut.ac.nz
4025,PADIS - Pubblicazioni Aperte Digitali Interateneo Sapienza,http://padis.uniroma1.it/oai2d.py/,padis.uniroma1.it
4026,Padjadjaran Journal of Dentistry,http://jurnal.unpad.ac.id/pjd/oai,oai.jurnal.unpad.ac.id
4027,PADJADJARAN Jurnal Ilmu Hukum (Journal of Law),http://jurnal.unpad.ac.id/pjih/oai,oai.jurnal.unpad.ac.id
4028,Pakistan BioMedical Journal,https://www.pakistanbmj.com/journal/index.php/pbmj/oai,ojs2.pakistanbmj.com
4029,Pakistan Journal of Applied Social Sciences,https://www.socialsciencejournals.pjgs-ws.com/index.php/PJASS/oai,ojs2.socialsciencejournals.pjgs-ws.com
4030,Pakistan Journal of Educational Research ,https://pjer.org/index.php/pjer/oai,ojs2.pjer.org
4031,Pakistan Journal of Gender Studies,https://www.socialsciencejournals.pjgs-ws.com/index.php/PJGS/oai,ojs2.socialsciencejournals.pjgs-ws.com
4032,Pakistan Journal of Health Sciences,https://www.thejas.com.pk/index.php/pjhs/oai,ojs2.www.thejas.com.pk
4033,Pakistan Journal of Statistics and Operation Research,http://www.pjsor.com/index.php/pjsor/oai,ojs.pjsor.com
4034,Pakistan Journal of Statistics and Operation Research,https://pjsor.com/pjsor/oai,ojs.pjsor.com
4035,Pakistan Languages and Humanities Review,https://ojs.plhr.org.pk/journal/oai,ojs2.ojs.plhr.org.pk
4036,Pakistan Research Journal of Management Sciences,http://pakpub.com/index.php/JIRMS/oai,ojs.www.pakpub.com
4037,Pakistan Research Repositry ,http://eprints.hec.gov.pk/perl/oai2,eprints.hec.gov.pk
4038,Pakistan Social Sciences Review,https://ojs.pssr.org.pk/journal/oai,ojs2.ojs.pssr.org.pk
4212,Project MUSE,http://muse.jhu.edu/oai,""
4039,Pakistaniaat: A Journal of Pakistan Studies,http://pakistaniaat.org/index.php/pak/oai,ojs.pakistaniaat.org
4040,PALAPA,https://ejournal.stitpn.ac.id/index.php/palapa/oai,ojs2.ejournal.stitpn.ac.id
4041,PAMALI: Pattimura Magister Law Review,https://fhukum.unpatti.ac.id/jurnal/pamali/oai,ojs.fhukum.unpatti.ac.id
4042,Pamukkale Universitesi Kurumsal Ar�iv,http://acikerisim.pau.edu.tr:8080/oai/request,acikerisim.pau.edu.tr
4043,Pangadereng : Jurnal Hasil Penelitian Ilmu Sosial dan Humaniora,https://jurnalpangadereng.kemdikbud.go.id/index.php/pangadereng/oai,ojs.jurnalpangadereng.kemdikbud.go.id
4044,PANGAEA - Data Publisher for Earth & Environmental Science,https://ws.pangaea.de/oai/provider,pangaea.de
4045,Papadocs,http://papadocs-oai.dsi.uminho.pt:8080/request,""
4046,Papers by Johannes Knabe,http://panmental.de/papers/index.php,Panmental
4047,"PAPYRUS, dépôt institutionnel numérique de l'Université de Montréal",http://papyrus.bib.umontreal.ca/dspace-oai/request,""
4048,Paradigma,http://revistaparadigma.online/ojs/index.php/paradigma/oai,ojs.revistaparadigma.online
4049,PARAFRASE : Jurnal Kajian Kebahasaan & Kesastraan,http://jurnal.untag-sby.ac.id/index.php/parafrase/oai,jurnal.untag-sby.ac.id
4050,Paraguna,https://jurnal.isbi.ac.id/index.php/paraguna/oai,jurnal.isbi.ac.id
4051,PARALELLUS Revista de Estudos de Religião - UNICAP,https://www1.unicap.br/ojs/index.php/paralellus/oai,ojs.revistas.unicap.br
4052,PARALELLUS Revista de Estudos de Religião - UNICAP,http://www.unicap.br/ojs/index.php/paralellus/oai,ojs2.gavoa.unicap.br
4053,Parkview Health Research Repository,https://researchrepository.parkviewhealth.org/do/oai/,researchrepository.parkviewhealth.org
4054,Parliamentary Studies,https://journals.lnb.lt/parliamentary-studies/oai,journals.lnb.lt
4055,"PASTEL, Paris Institute of Technology",http://pastel.paristech.org/perl/oai2,PASTEL.OAI2
4056,Patancheru,http://ngl.icrisat.org/newgenlibctxt/oai2.0,""
4057,Path of Science,http://pathofscience.org/index.php/index/oai,ojs.pathofscience.org
4058,Pathology Update: Tropical Journal of Pathology and Microbiology,https://pathology.medresearch.in/index.php/jopm/oai,oai.pathology.medresearch.in
4059,Patrimonio documental del Ilustre Colegio de Abogados de Madrid,https://patrimoniodocumental.icam.es/i18n/oai/oai_patrimoniodocumental.icam.es.do,patrimoniodocumental.icam.es
4060,Patrimonio Intelectual de la ULA,http://oai.saber.ula.ve/cgi-win/be_oai.exe,""
4061,Pattimura Law Journal,https://fhukum.unpatti.ac.id/jurnal/palau/oai,ojs.fhukum.unpatti.ac.id
4062,PC TECHNOLOGY CENTER,http://monograph.com.ua/pctc/oai,omp.monograph.com.ua
4063,PDLib,http://newton.mty.itesm.mx:12345/request,tesis.itesm.edu
4064,Pedagogik: Jurnal Pendidikan,http://journal.umpalangkaraya.ac.id/index.php/pedagogik/oai,journal.umpalangkaraya.ac.id
4065,Pedagogy of Physical Culture and Sports,https://sportpedagogy.org.ua/index.php/ppcs/oai,ojs.www.sportpedagogy.org.ua
4066,Pedagogía y Saberes,http://revistas.pedagogica.edu.co/index.php/PYS/oai,pedagogica.edu.co-REVISTAS-UPN-CO
4067,Pediatric Review: International Journal of Pediatric Research,https://pediatrics.medresearch.in/index.php/ijpr/oai,oai.pediatrics.medresearch.in
4068,Pediatric Urology Case Reports,http://pediatricurologycasereports.com/ojs/index.php/pucr/oai,ojs.localhost
4069,Peertechz,https://www.peertechz.com/oai-pmh,www.peertechz.com
4070,Peertechz,https://www.peertechzpublications.com/oai-pmh,www.peertechzpublications.com
4071,PELITA,http://ejournal.unis.ac.id/index.php/pelita/oai,ojs.ejournal.unis.ac.id
4072,Pelita Perkebunan (Coffee and Cocoa Research Journal),http://www.ccrjournal.com/index.php/PP/oai,ojs.ccrjournal.com
4073,PENCERAHAN,http://jurnalpencerahan.org/index.php/jp/oai,jurnalpencerahan.org
4074,Pendagogia: Jurnal Pendidikan Dasar,https://jurnal.educ3.org/index.php/pendagogia/oai,ojs2.jurnal.educ3.org
4075,Penerbit Buku Poltekkes Kemenkes Kendari,https://mybook.poltekkes-kdi.ac.id/index.php/polkeskenpress/oai,omp.mybook.poltekkes-kdi.ac.id
4076,PENGABDIANMU: JURNAL ILMIAH PENGABDIAN KEPADA MASYARAKAT,http://journal.umpalangkaraya.ac.id/index.php/pengabdianmu/oai,journal.umpalangkaraya.ac.id
4077,Penn Law: Legal Scholarship Repository,https://scholarship.law.upenn.edu/do/oai/,scholarship.law.upenn.edu
4078,Pennsylvania Libraries: Research & Practice,http://palrap.pitt.edu/ojs/index.php/palrap/oai,ojs.palrap.pitt.edu
4079,PENSA: E-JURNAL PENDIDIKAN SAINS,https://ejournal.unesa.ac.id/index.php/pensa/oai,ejournal.unesa.ac.id
4080,Pensamiento Americano,https://publicaciones.americana.edu.co/index.php/pensamientoamericano/oai,ojs2.publicaciones.americana.edu.co
4081,Pensar Historia,http://aprendeenlinea.udea.edu.co/revistas/index.php/pensarh/oai,ojs.aprendeenlinea.udea.edu.co
4082,Pensar salud,http://pensarsalud.cesarrivera.cl/index.php/ps/oai,ojs.pensarsalud.cesarrivera.cl
4083,PEOPLE: International Journal of Social Sciences,https://grdspublishing.org/index.php/people/oai,ojs.grdspublishing.org
4084,Pepperdine Digital Commons,https://digitalcommons.pepperdine.edu/do/oai/,digitalcommons.pepperdine.edu
4085,Performance Philosophy,http://www.performancephilosophy.org/journal/oai,ojs.performancephilosophy.org
4086,Pergamos,https://pergamos.lib.uoa.gr/uoa/dl/frontend/oaipmh,""
4087,Periodicals of Engineering and Natural Sciences (PEN),http://pen.ius.edu.ba/index.php/pen/oai,ojs.pen.ius.edu.ba
4088,Periódicos FB UNI,http://dialogojuridico.fbuni.edu.br/index.php/index/oai,ojs.revistaffb
4089,Periódicos FB UNI,http://periodicos.fbuni.edu.br/index.php/index/oai,ojs.revistaffb
4090,Personal Photo Collection of Mark E. Phillips,http://vphill.com/photodatabase/oai/oai2.php,""
4091,"Personifikasi, Jurnal Ilmu Psikologi",https://journal.trunojoyo.ac.id/personifikasi/oai,ojs.journal.trunojoyo.ac.id
4092,"Perspectivas. Revista de Historia, Geografía, Arte y Cultura ",http://perspectivas.unermb.web.ve/index.php/Perspectivas/oai,ojs2.perspectivas.unermb.web.ve
4093,Perspektif,http://jurnal-perspektif.org/index.php/perspektif/oai,ojs.jurnal-perspektif.org
4094,Perspektif,https://jurnal.jkp-bali.com/perspektif/oai,ojs2.jurnal.jkp-bali.com
4095,Perspektif Pendidikan dan Keguruan,https://journal.uir.ac.id/index.php/Perspektif/oai,ojs.pkp.sfu.ca
4096,"Persée, périodiques scientifiques en édition électronique",http://oai.persee.fr/oai,""
4097,PETIK - Pendidikan Teknologi Informasi dan Komunikasi,http://epetik.pti-stkipgarut.org/index.php/index/oai,epetik.pti-stkipgarut.org
4098,Petroleum Journals Online,http://petroleumjournalsonline.com/journals/index.php/index/oai/,ojs.petroleumjournalsonline.com
4099,Petroleum Journals Online,https://petroleumjournals.online/journals/index.php/index/oai,ojs2.petroleumjournals.online
4100,Pharma Utility,http://www.pharmautility.com/index.php/PharmaUtility/oai,ojs.pharmautility.com
4101,PHARMACY: Jurnal Farmasi Indonesia (Pharmaceutical Journal of Indonesia),http://jurnalnasional.ump.ac.id/index.php/PHARMACY/oai,ojs.jurnalnasional.ump.ac.id
4102,"Phenomena Journal - Giornale Internazionale di Psicopatologia, Neuroscienze e Psicoterapia",https://phenomenajournal.marpedizioni.it/index.php/phenomena/oai,ojs2.edizionimarp.arcmedia.it
4103,Philippine Journal of Health Research and Development,http://pjhrd.upm.edu.ph/index.php/main/oai,pjhrd.ojs
4104,Philippine Studies: Historical and Ethnographic Viewpoints,http://journals.ateneo.edu/ojs/index.php/PS/oai,ojs.journals.ateneo.edu
4105,"PHILOSOPHICA Jurnal Bahasa, Sastra, dan Budaya",http://jurnal.unw.ac.id/index.php/philosophica/oai,ojs.jurnal2019.unw.ac.id
4106,Philosophical Readings,https://virgo.unive.it/ojs2/index.php/phr/oai,ojsunive.ojs.unive.it
4107,Philosophy of Physics,https://account.philosophyofphysics.lse.ac.uk/index.php/lse-j-pp/oai,ojs.pkp.sfu.ca
4108,PhilSci Archive,http://philsci-archive.pitt.edu/perl/oai2,PittPhilSci.OAI2
4109,PHRASIS Rivista di studi fraseologici e paremiologici,http://www.phrasis.it/rivista/index.php/rp/oai,rivista.phrasis.it
4110,Physical Activity and Health,https://paahjournal.com/jms/index.php/up/oai/,ojs.paahjournal.com
4111,Physical education of students,https://sportedu.org.ua/index.php/PES/oai,ojs.sportedu.org.ua
4112,"PhysNet, Oldenburg, Germany, Document Server",http://physnet.uni-oldenburg.de/oai/oai2.php,""
4113,Pillars at Taylor University,https://pillars.taylor.edu/do/oai/,pillars.taylor.edu
4114,Pilonidal Sinus Journal,http://www.pilonidal.com.au/ojs/index.php/PSJ/oai,ojs.www.pilonidal.com.au
4115,Pilot Scholars,https://pilotscholars.up.edu/do/oai/,pilotscholars.up.edu
4116,Pioneer Open Access Repository,http://poar.twu.edu/oai/request,""
4117,Pirhua - Universidad de Piura,http://pirhua.udep.edu.pe/oai/request,""
4118,Piri Reis University Institutional Repository,http://openaccess.pirireis.edu.tr/oai/request,openaccess.pirireis.edu.tr
4119,Pirineos,http://pirineos.revistas.csic.es/index.php/pirineos/oai,pirineos.revistas.csic.es
4120,Pistas Educativas,http://itcelaya.edu.mx/ojs/index.php/pistas/oai,ojs.itcelaya.edu.mx
4121,Pistas Educativas,http://www.itcelaya.edu.mx/ojs/index.php/pistas/oai,ojs.itcelaya.edu.mx
4122,Pitannâ lìteraturoznavstva,http://pytlit.chnu.edu.ua/index.php/2306-2908/oai,ojs.journals.uran.ua
4123,Pitt Political Review,http://ppr.pitt.edu/ojs/index.php/ppr/oai,ppr.pitt.edu
4124,Pittsburg State University Digital Commons,https://digitalcommons.pittstate.edu/do/oai/,digitalcommons.pittstate.edu
4125,Pittsburgh Journal of Environmental and Public Health Law,http://pjephl.law.pitt.edu/ojs/index.php/pjephl/oai,ojs.pjephl.law-dev.library.pitt.edu
4126,Pittsburgh Journal of Technology Law and Policy,http://tlp.law.pitt.edu/ojs/index.php/tlp/oai,ojs.tlp.law-dev.library.pitt.edu
4127,Pittsburgh Papers on the European Union,http://pgheupapers.pitt.edu/ojs/index.php/pgheupapers/oai,ojs.pgheupapers.pitt.edu
4128,Pittsburgh Tax Review,http://taxreview.law.pitt.edu/ojs/index.php/taxreview/oai,ojs.taxreview.law-dev.library.pitt.edu
4129,PKP Open Archives Harvester,http://pkp.ubc.ca/harvester/oai/,harvester.pkp.ubc.ca
4130,PLAKAT (Pelayanan Kepada Masyarakat),http://e-journals.unmul.ac.id/index.php/plakat/oai,ojs.localhost
4131,Plant Introduction,http://www.plantintroduction.org/index.php/pi/oai,ojs2.plantintroduction.org
4132,Plant Science Today,http://horizonepublishing.com/journals/index.php/PST/oai,ojs.horizonepublishing.com
4133,Plastic Surgery Journal for Trainees,http://jprastcouk.fatcow.com/ojs-2.3.7 2/index.php/PSJT/oai,ojs.www.jprast.co.uk
4134,Plataforma OJS de la ULEAM,http://runachayecuador.com/refcale/index.php/index/oai,ojs.runachayecuador.com
4135,Plume,https://plume.epfl.ch/oai,plume.epfl.ch
4136,POLIBOTANICA,http://polibotanica.mx/ojs/index.php/polibotanica/oai,www.polibotanica.mx
4137,Policy & Governance Review,https://journal.iapa.or.id/pgr/oai,ojs2.www.iapa.or.id
4138,Poligon: Jurnal Pendidikan Matematika,https://jurnal2.stkip-andi-matappa.ac.id/index.php/poligon/oai,jurnal2.stkip-andi-matappa.ac.id
4139,Politeknik NSC Surabaya Repository,http://repository.nscpolteksby.ac.id/cgi/oai2,repository.nscpolteksby.ac.id
4140,Politics and Governance,http://www.cogitatiopress.com/ojs/index.php/politicsandgovernance/oai,ojs.cogitatiopress.com
4141,Politics. Rivista di Studi Politici,http://www.serena.unina.it/index.php/politics/oai,serena.unina.it
4142,Politologija,https://www.journals.vu.lt/politologija/oai,ojs.www4063.vu.lt
4143,Polonia Sacra,http://czasopisma.upjp2.edu.pl/poloniasacra/oai,ojs.czasopisma.upjp2.edu.pl
4144,Poltek-EJS,http://jurnal.poltekstpaul.ac.id/index.php/index/oai,ojs.localhost
4145,Polyglot: Jurnal Ilmiah,http://ojs.uph.edu/index.php/PJI/oai,ojs.uph.edu
4146,PolyPublie,http://publications.polymtl.ca/cgi/oai2,publications.polymtl.ca
4147,"Política, Globalidad y Ciudadanía",https://revpoliticas.uanl.mx/index.php/RPGyC/oai,revpoliticas.uanl.mx
4148,Políticas de la Memoria,http://ojs.politicasdelamemoria.cedinci.org/index.php/PM/oai,oai.ojs.politicasdelamemoria.cedinci.org
4149,Políticas Educativas – PolEd,https://seer.ufrgs.br/Poled/oai,seer.ufrgs.br
4150,Pomeranian Digital Library,http://pbc.gda.pl/oai-pmh-repository.xml,pbc.gda.pl
4151,"Ponta de Lança: Revista Eletrônica de História, Memória & Cultura",https://seer.ufs.br/index.php/pontadelanca/oai,ojs.seer.ufs.br
4152,Portal de Eventos,http://eventos.uninorte.edu.co/index.php/index/index/oai,eventos.uninorte.edu.co
4153,Portal de Periódicos Científicos da UEL - versão 2.4.8-1,http://www.uel.br/revistas/uel/index.php/index/oai,ojs.www.uel.br
4154,Portal de Periódicos Científicos da UEL - versão 2.4.8-1,https://www.uel.br/revistas/uel/index.php/index/oai,ojs.www.uel.br
4213,Project MUSE,http://muse.uq.edu.au/oai,""
4155,Portal de Periódicos da UECE,https://revistas.uece.br/index.php/index/oai,ojs.revistas.uece.br
4156,Portal de Periódicos da Universidade Estadual do Sudoeste da Bahia,https://periodicos2.uesb.br/index.php/index/oai,periodicos.periodicos2.uesb.br
4157,Portal de Periódicos Eletrônicos da UFPB,http://periodicos.ufpb.br/ojs2/index.php/index/oai,ojs2.periodicos.ufpb.br
4158,Portal de Periódicos Eletrônicos da UFPB,http://www.ies.ufpb.br/ojs2/index.php/index/oai,ojs2.periodicos.ufpb.br
4159,Portal de Periódicos UFU - PPUFU,https://seer.ufu.br/index.php/index/oai,ojs.www.seer.ufu.br
4160,Portal de publicaciones científicas y técnicas,http://ppct.caicyt.gov.ar/index.php/index/oai,ppct.caicyt.gov.ar
4161,Portal de revistas,http://revistas.bibdigital.uccor.edu.ar/index.php/index/oai,revistas.bibdigital.ucc.edu.ar
4162,Portal de Revistas Académicas de la UNI,http://revistas.uni.edu.ni/index.php/index/oai,ojs.revistas.uni.edu.ni
4163,Portal de Revistas Académicas UTP,http://revistas.utp.ac.pa/index.php/index/oai,revistas.utp.ac.pa
4164,Portal de Revistas Científicas de la UNED,http://revistas.uned.es/index.php/index/oai,ojs.revistas.uned.es
4165,Portal de revistas CUL,http://revistas.ul.edu.co/index.php/index/oai,ojs2.revistas.ul.edu.co
4166,Portal de revistas de la Universidad de Granada,http://revistaseug.ugr.es/index.php/index/oai,ojs.revistaseug.ugr.es
4167,Portal de Revistas de la Universidad de La Rioja,http://publicaciones.unirioja.es/ojs/index.php/index/oai,ojs.www.unirioja.es
4168,Portal de Revistas de la Universidad de La Rioja,https://publicaciones.unirioja.es/ojs/index.php/index/oai,ojs.www.unirioja.es
4169,Portal de Revistas de Nicaragua,http://www.revistasnicaragua.net.ni/index.php/index/oai,ojs.www.revistasnicaragua.net.ni
4170,Portal de Revistas UPC,http://revistas.upc.edu.pe/index.php/index/oai,ojs.revistas.upc.edu.pe
4171,Portal de Revistas y Publicaciones Seriadas.,https://revistas.uca.edu.sv/index.php/index/oai,revistas.uca.edu.sv
4172,Portal de Trabalhos Acadêmicos,https://revistas.faculdadedamas.edu.br/index.php/academico/oai,ojs.faculdadedamas.edu.br
4173,Portal del Revistas de la UJCM,http://revistas.ujcm.edu.pe/index.php/index/oai,ojs.revistas.ujcm.edu.pe
4174,Portal Garuda STMIK IBBI,http://research.lppm-stmik.ibbi.ac.id/oai2_0,""
4175,Portal Jurnal Online Unesa,https://ejournal.unesa.ac.id/index.php/index/oai,ojs2.ejournal.unesa.ac.id
4176,Portal Jurnal Universitas Muhammadiyah Palangkaraya,http://ejournal.umpalangkaraya.ac.id/index.php/index/oai,ojs.umpalangkaraya.ac.id
4177,PORTO - Publications Open Repository TOrino,http://porto.polito.it/cgi/oai2,porto.polito.it
4178,PoS Proceedings of Science,http://pos.sissa.it/oai,""
4179,PoS Proceedings of Science,https://pos.sissa.it/oai,""
4180,POSITIF : Jurnal Sistem dan Teknologi Informasi,http://ejurnal.poliban.ac.id/index.php/Positif/oai,ojs2.ejurnal.poliban.ac.id
4181,Postfilosofie,http://ojs.uniba.it/index.php/postfil/oai,ojs.ojs.cimedoc.uniba.it
4182,Potchefstroom Electronic Law Journal/Potchefstroomse Elektroniese Regsblad,http://journals.assaf.org.za/index.php/per/oai,journals.assaf.org.za
4183,Poznańskie Studia Polonistyczne. Seria Językoznawcza,http://pressto.amu.edu.pl/index.php/pspsj/oai,ojs.pressto.amu.edu.pl
4184,Poznańskie Studia Polonistyczne. Seria Literacka,http://pressto.amu.edu.pl/index.php/pspsl/oai,ojs.pressto.amu.edu.pl
4185,PRANATA HUKUM,http://jurnalpranata.ubl.ac.id/index.php/pranatahukum/oai,jurnalpranata.ubl.ac.id
4186,Pratica Medica & Aspetti Legali,https://journals.edizioniseed.it/index.php/PMeAL/oai,journals.edizioniseed.it
4187,Pratt Institute Ex Libris Collection,http://imlsdcc.grainger.uiuc.edu/gateway/oai.asp/library.pratt.edu/bookplates.xml,""
4188,Precedente,http://www.icesi.edu.co/revistas/index.php/precedente/oai,ojs.icesi.edu.co
4189,PREDIKSI : Jurnal Administrasi dan Kebijakan,http://ejurnal.untag-smd.ac.id/index.php/PD/oai,ojs.pkp.sfu.ca
4190,PREMIERE : Journal of Islamic Elementary Education,https://ejournal.iainutuban.ac.id/index.php/premiere/oai,ojs2.ejournal.stitmatuban.ac.id
4191,Present Pasts,https://presentpasts.info/jms/index.php/up/oai/,ojs.presentpasts.info
4192,Press Start,http://press-start.gla.ac.uk/index.php/press-start/oai,ojs.press-start.gla.ac.uk
4193,Primatika : Jurnal Pendidikan Matematika,http://jurnal.fkip.unmul.ac.id/index.php/primatika/oai,ojs2.localhost
4194,Primatika : Jurnal Pendidikan Matematika,https://jurnal.fkip.unmul.ac.id/index.php/primatika/oai,ojs2.localhost
4195,Principia Iuris,http://revistas.ustatunja.edu.co/index.php/piuris/oai,revistas.ustatunja.edu.co
4196,PRISM,https://prism.ucalgary.ca/oai/request,prism.ucalgary.ca
4197,Problemos,https://www.journals.vu.lt/problemos/oai,ojs.www4063.vu.lt
4198,Proceedings of Annual Conference for Muslim Scholars,http://proceedings.kopertais4.or.id/index.php/ancoms/oai,oai.proceedings.kopertais4.or.id
4199,Proceedings of Engineering and Technology Innovation,https://ojs.imeti.org/index.php/PETI/oai,ojs.imeti.org
4200,Proceedings of Sustainable Research and Innovation Conference,http://www.jkuat-sri.com/ojs/index.php/proceedings/oai,ojs.localhost
4201,Proceedings of the Catholic Theological Society of America,http://ejournals.bc.edu/ojs/index.php/ctsa/oai,ojs.ejournals.bc.edu
4202,Proceedings of the Nigerian Academy of Science,http://nasjournal.org.ng/index.php/pnas/oai,ojs.cjpas.acu.edu.ng
4203,ProdINRA - Base de données des publications de l'INRA - Entrepôt OAI full text,http://www.prodinra.inra.fr/prodinra/sdx/oai/pinra/notices/oairepo-fulltext,""
4204,Profetik: Jurnal Komunikasi,http://ejournal.uin-suka.ac.id/isoshum/profetik/oai,ojs.pkp.sfu.ca
4205,Progresif: Jurnal Ilmiah Komputer,http://ojs.stmik-banjarbaru.ac.id/index.php/progresif/oai,ojs.stmik-banjarbaru.ac.id
4206,Progress in Electrical Engineering and Applied Physics,http://p2eap.com/app/oai,ojs2.p2eap.com
4207,Progressa: Journal of Islamic Religious Instruction,http://jurnal.stitradenwijaya.ac.id/index.php/pgr/oai,ojs2.jurnal.stitradenwijaya.ac.id
4208,Progressive Physics Journal,http://jurnal.fmipa.unmul.ac.id/index.php/ppj/oai,ojs.jurnal.fmipa.unmul.ac.id
4209,Prohominum,https://acvenisproh.com/revistas/index.php/prohominum/oai,ojs2.www.acvenisproh.com
4210,project baikal,http://www.projectbaikal.com/index.php/pb/oai,projectbaikal.com
4211,Project Euclid - Cornell University Library,http://projecteuclid.org/DPubS,CULeuclid
4214,Prometheus-Academic Collections,http://repository.tufs.ac.jp/dspace-oai/request,""
4215,ProQuest Open Dissertations and Thesis Repository,http://pqdtoai.proquest.com/OAIHandler,pqdtoai.proquest.com
4216,Prosiding Seminar Nasional Manajemen dan Ekonomi,https://ukitoraja.id/index.php/semnas/oai,ojs2.ukitoraja.id
4217,PROSIDING SEMINAR NASIONAL SAINS DAN TEKNOLOGI,http://semnas.radenfatah.ac.id/index.php/semnasfst/oai,ojs.semnas.radenfatah.ac.id
4218,Prosodi: Jurnal Ilmu Bahasa dan Sastra,https://journal.trunojoyo.ac.id/prosodi/oai,ojs.journal.trunojoyo.ac.id
4219,Prospectiva,http://ojs.uac.edu.co/index.php/prospectiva/oai.,ojs.localhost
4220,Prospek Agroteknologi,https://jurnal.unpal.ac.id/index.php/agroteknologi/oai,jurnal.unpal.ac.id
4221,Protection: Journal Of Land And Environmental Law,https://journalkeberlanjutan.com/index.php/pjlel/oai,ojs2.journalkeberlanjutan.com
4222,PROtek,http://ejournal.unkhair.ac.id/index.php/protk/oai,ojs.ejournal.unkhair.ac.id
4223,Providence St. Joseph Health Digital Commons,https://digitalcommons.psjhealth.org/do/oai/,digitalcommons.psjhealth.org
4224,Provitae: Jurnal Psikologi Pendidikan,https://journal.untar.ac.id/index.php/provitae/oai,journal.untar.ac.id
4225,Proximal: Jurnal Penelitian Matematika dan Pendidikan Matematika,http://journal.uncp.ac.id/index.php/proximal/oai,ojs.journal.uncp.ac.id
4226,Prueba de Dspace,http://hipatia.uc3m.es:8080/dspace-oai/request,""
4227,Przegląd Rusycystyczny,https://www.journals.us.edu.pl/index.php/PR/oai,ojs.www.journals.us.edu.pl
4228,Przekłady Literatur Słowiańskich,https://www.journals.us.edu.pl/index.php/PLS/oai,ojs.www.journals.us.edu.pl
4229,Psichologija,https://www.journals.vu.lt/psichologija/oai,ojs.www4063.vu.lt
4230,PSICOGENTE,http://publicaciones.unisimonbolivar.edu.co/rdigital/ojs/index.php/psicogente/oai,ojs.publicaciones.unisimonbolivar.edu.co
4231,PSICOGENTE,http://revistas.unisimon.edu.co/index.php/psicogente/oai,ojs.revistas.unisimon.edu.co
4232,Psicologia Argumento,http://www2.pucpr.br/reol/index.php/PA/oai/,pa.pucpr.br
4233,Psicologia e Saúde em debate,http://psicodebate.dpgpsifpm.com.br/index.php/periodico/oai,ojs2.psicodebate.dpgpsifpm.com.br
4234,Psicologia e Saúde em debate,https://psicodebate.dpgpsifpm.com.br/index.php/periodico/oai,ojs2.psicodebate.dpgpsifpm.com.br
4235,Psicologia Educativa,https://journals.copmadrid.org/psed/oai,journals.copmadrid.org
4236,Psifiothiki,http://digital.lib.auth.gr/oai2d,digital.lib.auth.gr
4237,Psifiothiki,http://invenio.lib.auth.gr/oai2d,invenio.lib.auth.gr
4238,Psikoborneo: Jurnal Ilmiah Psikologi,http://e-journals.unmul.ac.id/index.php/psikoneo/oai,ojs.localhost
4239,Psikostudia : Jurnal Psikologi,http://e-journals.unmul.ac.id/index.php/PSIKO/oai,ojs.localhost
4240,PSM Biological Research,https://journals.psmpublishers.org/index.php/biolres/oai,ojs2.journals.psmpublishers.org
4241,PSM Journals,https://journals.psmpublishers.org/index.php/index/oai,ojs2.journals.psmpublishers.org
4242,PSM Microbiology,https://journals.psmpublishers.org/index.php/microbiol/oai,ojs2.journals.psmpublishers.org
4243,PSM Veterinary Research,https://journals.psmpublishers.org/index.php/vetres/oai,ojs2.journals.psmpublishers.org
4244,Psychologica Belgica,https://www.psychologicabelgica.com/jms/index.php/up/oai/,ojs.psychologicabelgica.com
4245,"Psychology, Society, & Education",http://ojs.ual.es/ojs/index.php/psye/oai,ojs.ual.es
4246,Psychopharmacology and Biological Narcology,http://psychopharmacology.ru/index.php/PPBN/oai,ojs.delhi.spaceweb.ru
4247,Psychopharmacology and Biological Narcology,http://www.psychopharmacology.ru/index.php/PPBN/oai,ojs.delhi.spaceweb.ru
4248,Psychopharmacology and Biological Narcology,http://ojs.gibs0n.name/index.php/PPBN/oai,ojs.ojs.gibs0n.name
4249,Psychosocial Intervention,https://journals.copmadrid.org/pi/oai,journals.copmadrid.org
4250,PT. ETFLIN Scientific Society,https://etflin.com/tool/xml/oai,etflin.com
4251,PT. ETFLIN Scientific Society (Sciences of Pharmacy),https://etflin.com/oai/sciphar,etflin.com
4252,PUB - Publications at Bielefeld University,https://pub.uni-bielefeld.de/oai,pub.uni-bielefeld.de
4253,pub H-BRS - Publikationsserver der Hochschule Bonn-Rhein-Sieg,http://pub.h-brs.de/oai,pub.h-brs.de
4254,pub H-BRS - Publikationsserver der Hochschule Bonn-Rhein-Sieg,https://pub.h-brs.de/oai,pub.h-brs.de
4255,pub.fontys.nl,http://www.fontyspublicaties.nl/oai/pub.fontys.nl.cgi,""
4256,PUBDB,http://bib-pubdb1.desy.de/oai2d,bib-pubdb1.desy.de
4257,Public Health Review: International Journal of Public Health Research,https://publichealth.medresearch.in/index.php/ijphr/oai,oai.publichealth.medresearch.in
4258,Public Voices,http://publicvoices.us/index.php/pv/oai,spaa.journals.sfu.ca
4259,Publica: Jurnal Pemikiran Administrasi Negara,https://journal.uinsgd.ac.id/index.php/publica/oai,ojs.journal.uinsgd.ac.id
4260,Publicaciones de la Secretaría de Ciencia y Tecnología,http://secyt.unpa.edu.ar/journal/index.php/index/oai,journal.localhost
4261,Publicaties van de Universiteit van Amsterdam,http://dare.uva.nl/cgi/arno/oai/uvapub,""
4262,Publicatio,http://publicatio.bibl.u-szeged.hu/cgi/oai2,publicatio.bibl.u-szeged.hu
4263,Publicatio,http://publicatio.nyme.hu/cgi/oai2,publicatio.nyme.hu
4264,Publication,http://publication.repo.uniduna.hu/cgi/oai2,publication.repo.uniduna.hu
4265,Publication Library and Information Science,http://journal.umpo.ac.id/index.php/PUBLIS/oai,ojs.journal.umpo.ac.id
4266,Publication repository Lars O. Grobe,https://www.larsgrobe.de/oaipmh,www.larsgrobe.de
4267,Publications de Paris X Nanterre,http://publications.u-paris10.fr/perl/oai2,UPXN.OAI2
4268,Publications of Martin Matzner,http://publications.martin-matzner.de/cgi/oai2,publications.martin-matzner.de
4269,PubliCatt - Repository Pubblicazioni Università Cattolica,https://publicatt.unicatt.it/oai/request,publicatt.unicatt.it
4270,Publicações ABPEducom,http://abpeducom.org.br/publicacoes/index.php/portal/oai,omp.abpeducom.org.br
4271,PUBLIKA Jurnal Administrasi Publik,https://ejurnal.esaunggul.ac.id/index.php/PBK/oai,ojs.ejurnal.esaunggul.ac.id
4272,Publikasi dosen STMIK IBBI dikelola LPPM,http://dosen.publikasistmikibbi.lppm.org/oai2_0,""
4273,Publikasi Ilmiah STMIK Banjarbaru,http://ojs.stmik-banjarbaru.ac.id/index.php/index/oai,ojs.stmik-banjarbaru.ac.id
4274,Publikationsserver der Goethe-Universität Frankfurt am Main,http://publikationen.ub.uni-frankfurt.de/oai,publikationen.ub.uni-frankfurt.de
4275,Publikationsserver der Katholischen Universität Eichstätt-Ingolstadt,http://edoc.ku-eichstaett.de/cgi/oai2,edoc.ku-eichstaett.de
4276,Publikationsserver der Universität Regensburg,http://epub.uni-regensburg.de/cgi/oai2,epub.uni-regensburg.de
4277,Publikationsserver der Universitätsbibliothek Marburg,http://archiv.ub.uni-marburg.de/ubfind/OAI/Server,archiv.ub.uni-marburg.de
4278,"Publishing house ""Sreda""",https://phsreda.com/oai,phsreda.com
4279,PubMed Central,http://www.pubmedcentral.gov/oai/oai.cgi,pubmedcentral.gov
4280,"PUPIL: International Journal of Teaching, Education and Learning",https://grdspublishing.org/index.php/PUPIL/oai,ojs.grdspublishing.org
4281,Pure OAI Repository,https://pure.manchester.ac.uk/ws/oai,""
4282,Pure OAI Repository,https://pure.southwales.ac.uk/ws/oai,""
4283,PURKH,http://purkh.com/index.php/index/oai,ojs2.purkh.com
4284,Pusat Jurnal UIN Ar-Raniry,http://jurnal.ar-raniry.ac.id/index.php/index/oai,ojs.jurnal.ar-raniry.ac.id
4285,PUSTAKA BUDAYA (e-Journal),https://ejurnal.unilak.ac.id/index.php/pb/oai,ojs.ejurnal.unilak.ac.id
4286,Pustaka JPP Polije,https://jpprepo.polije.ac.id/cgi/oai2,jpprepo.polije.ac.id
4287,PWR Digital Library,http://dlib.bg.pwr.wroc.pl/dlibra/oai-pmh-repository.xml,""
4288,PYU Library,http://opacbook.payap.ac.th/cgi-bin/koha/oai.pl,""
4289,Páginas de Filosofía,http://revele.uncoma.edu.ar/htdoc/revele/index.php/filosofia/oai,ojs.localhost
4290,Qaf: Jurnal Ilmu Al-Qur'an dan Tafsir,http://journalqaf.unsiq.ac.id/index.php/qaf/oai,ojs.journalqaf.unsiq.ac.id
4291,QARDHUL HASAN : Media Pengabdian Kepada Masyarakat,http://ojs.unida.ac.id/index.php/QH/oai,ejournal.unida.ac.id
4292,QJournal,http://journal.qbaca.com/index.php/index/oai,ojs.journal.qbaca.com
4293,qolamuna : Jurnal studi islam,http://ejournal.stismu.ac.id/ojs/index.php/qolamuna/oai,ojs2.ejournal.stismu.ac.id
4294,QRE - Qualitative Research in Education,http://hipatiapress.com/hpjournals/index.php/qre/oai,journals.hipatiapress.com
4295,QSpace at Queen's University,https://qspace.library.queensu.ca/oai/request,qspace.library.queensu.ca
4296,QSpace Institutional Repository at Qatar University,http://qspace.qu.edu.qa/oai/request,qspace.qu.edu.qa
4297,QUAESTIO RОSSICA,http://journals.urfu.ru/index.php/QR/oai,journals.urfu.ru
4298,Quaestiones Disputatae: temas en debate,http://revistas.ustatunja.edu.co/index.php/qdisputatae/oai,revistas.ustatunja.edu.co
4299,Quanta,http://quanta.ws/ojs/index.php/quanta/oai,ojs.quanta.ws
4300,QUB Research Portal,http://pure.qub.ac.uk/ws/oai,""
4301,Queensland Department of Primary Industries and Fisheries eResearch Archive (eRA),http://era.dpi.qld.gov.au/cgi/oai2,era.dpi.qld.gov.au
4302,querelles-net,http://www.querelles-net.de/index.php/qn/oai,www.querelles-net.de
4303,Query: Journal of Information System,http://jurnal.uinsu.ac.id/index.php/query/oai,jurnal.uinsu.ac.id
4304,QUT ePrints,http://eprints.qut.edu.au/cgi/oai2,eprints.qut.edu.au
4305,R-libre,http://r-libre.teluq.ca/cgi/oai2,r-libre.teluq.ca
4306,RACIMO - Repositorio Institucional,https://racimo.usal.edu.ar/cgi/oai2,racimo.usal.edu.ar
4307,"RADAR, Atlanta University Center Robert W. Woodruff Library",https://radar.auctr.edu/oai2,radar.auctr.edu
4308,Raden Intan Repository,http://repository.radenintan.ac.id/cgi/oai2,repository.radenintan.ac.id
4309,Radial : Jurnal Ilmiah Sains dan Rekayasa,https://radial.e-journal.site/index.php/research/oai,ojs2.radial.e-journal.site
4310,Radiasi : Jurnal Berkala Pendidikan Fisika,http://jurnal.umpwr.ac.id/index.php/radiasi/oai,ojs3.jurnal.umpwr.ac.id
4311,Radical Teacher,http://radicalteacher.library.pitt.edu/ojs/index.php/radicalteacher/oai,ojs.radicalteacher.library.pitt.edu
4312,Radicle: Reed Anthropology Review,http://www.radiclejournal.org/index.php/rrar/oai,rrar.journals.sfu.ca
4313,Radovi Šumarskog fakulteta Univerziteta u Sarajevu,https://radovi.sfsa.unsa.ba/ojs/index.php/rsf/oai,ojs.radovi.sfsa.unsa.ba
4314,Raheema,http://jurnaliainpontianak.or.id/index.php/raheema/oai,ojs.jurnaliainpontianak.or.id
4315,Raigal,http://raigal.unvm.edu.ar/ojs/index.php/raigal/oai,ojs.revistasociales.unvm.edu.ar
4316,RAIITH,http://raiith.iith.ac.in/cgi/oai2,raiith.iith.ac.in
4317,RANG TEKNIK JOURNAL,http://joernal.umsb.ac.id/index.php/RANGTEKNIKJOURNAL/oai,ojs.joernal.umsb.ac.id
4318,RASAIL :  JURNAL PEMIKIRAN ISLAM,http://ejournalstebi.almuhsin.ac.id/index.php/rasail/oai,ojs2.ejournalstebi.almuhsin.ac.id
4319,RASP - Research on Ageing and Social Policy,http://hipatiapress.com/hpjournals/index.php/rasp/oai,journals.hipatiapress.com
4320,Ratio Mathematica,http://eiris.it/ojs/index.php/ratiomathematica/oai,ojs.eiris.it
4321,RBH - Revista Brasileira de Herbicidas,http://www.rbherbicidas.com.br/index.php/index/oai,rbherbicidas.com.br
4322,Re-visiones,http://re-visiones.net/ojs/index.php/RE-VISIONES/oai,ojs.re-visiones.net
4323,Reactive Oxygen Species,http://aimsci.com/ros/index.php/ros/oai,ros.www.aimsci.com
4324,Real Academia Nacional de Medicina,http://bibliotecavirtual.ranm.es/ranm/i18n/oai/oai_bibliotecavirtual.ranm.es.cmd,bibliotecavirtual.ranm.es
4325,REAL CORP Repository,http://repository.corp.at/cgi/oai2,repository.corp.at
4326,REAL-I,http://real-i.mtak.hu/cgi/oai2,real-i.mtak.hu
4327,REAL-J,http://real-j.mtak.hu/cgi/oai2,real-j.mtak.hu
4328,Realidad. Tendencias y Desafíos en Turismo (CONDET),http://revele.uncoma.edu.ar/htdoc/revele/index.php/condet/oai,revele.uncoma.edu.ar
4329,Recep Tayyip Erdoğan University Institutional Repository,http://acikerisim.erdogan.edu.tr/oai/request,acikerisim.erdogan.edu.tr
4330,RECERCAT,http://oai.recercat.cat/request,recercat.cat
4331,Recherches en Communication,http://sites-test.uclouvain.be/rec/index.php/rec/oai,rec.sites.uclouvain.be
4332,Recherches en Communication,http://sites.uclouvain.be/rec/index.php/rec/oai,rec.sites.uclouvain.be
4333,Rechtsidee,http://ojs.umsida.ac.id/index.php/rechtsidee/oai,ojs.pkp.sfu.ca
4334,RECIE. Revista Caribeña de Investigación Educativa ,https://revistas.isfodosu.edu.do/index.php/recie/oai,recieprueba.revistas.isfodosu.edu.do
4506,Repository at Fukushima Medical University,http://ir.fmu.ac.jp/dspace-oai/request,""
4335,RECIMA21 - Revista Científica Multidisciplinar - ISSN 2675-6218,https://recima21.com.br/index.php/recima21/oai,ojs2.recima21.com.br
4336,Recursos Educativos Abiertos – Universidad Austral de Chile,http://rea.uach.cl/oai/request,rea.uach.cl
4337,Red,https://red.mnstate.edu/do/oai/,red.mnstate.edu
4338,Red Investigadores de Economia,http://redinvestigadores.org/oai/request,redinvestigadores.org
4339,redalyc,http://oai.redalyc.org/redalyc/oai,redalyc.org
4340,"Redescriptions: Political Thought, Conceptual History and Feminist Theory",https://journal-redescriptions.org/jms/index.php/up/oai/,ojs.journal-redescriptions.org
4341,REDIMAT - Journal of Research in Mathematics Education,http://hipatiapress.com/hpjournals/index.php/redimat/oai,journals.hipatiapress.com
4342,REDINED - Red de Información Educativa ,http://www.redined.mec.es/oai/oai.php,redined.mec.es
4343,Referensi : Jurnal Ilmu Manajemen dan Akuntansi,https://jurnal.unitri.ac.id/index.php/refrensi/oai,ojs.jurnal.unitri.ac.id
4344,Refleksi,http://journal.uinjkt.ac.id/index.php/refleksi/oai,ojs.localhost
4345,REFORESTA,http://journal.reforestationchallenges.org/index.php/REFOR/oai,ojs.journal.reforestationchallenges.org
4346,REGIO. Kisebbség Kultúra Politika Társadalom,http://regio.tk.mta.hu/index.php/regio/oai,ojs.regio.openjournalsystems.arvixe.com
4347,REGION,http://openjournals.wu.ac.at/ojs/index.php/region/oai,ojs.openjournals.wu.ac.at
4348,Registro Nacional de Trabajos de Investigación,http://renati.sunedu.gob.pe/oai/request,directorio.sunedu.gob.pe
4349,REiLA: Journal of Research and Innovation in Language,https://journal.unilak.ac.id/index.php/REILA/oai,ojs2.journal.unilak.ac.id
4350,REINCISOL,https://www.reincisol.com/ojs/index.php/reincisol/oai,ojs2.www.reincisol.com
4351,REIRE Revista d'Innovació i Recerca en Educació,http://revistes.ub.edu/index.php/REIRE/oai,revistes.ub.edu
4352,REKA KARSA,https://ejurnal.itenas.ac.id/index.php/rekakarsa/oai,ojs.ejurnal.itenas.ac.id
4353,Rekayasa,http://journal.trunojoyo.ac.id/rekayasa/oai,ojs.journal.trunojoyo.ac.id
4354,Rekayasa,https://journal.trunojoyo.ac.id/rekayasa/oai,ojs.journal.trunojoyo.ac.id
4355,Rekayasa Hijau : Jurnal Teknologi Ramah Lingkungan,https://ejurnal.itenas.ac.id/index.php/rekayasahijau/oai,ojs.pkp.sfu.ca
4356,Relations. Beyond Anthropocentrism,http://www.ledonline.it/index.php/Relations/oai,ojs.www.ledonline.it
4357,Religacion Press,https://press.religacion.com/index.php/press/oai,religacionpress.religacion.com
4358,Religación Press,http://press.religacion.com/index.php/rgn/oai,press.religacion.com
4359,Religación. Revista de Ciencias Sociales y Humanidades,http://revista.religacion.com/index.php/religacion/oai,religacion.religacion.com
4360,Religi: Jurnal Studi Islam,http://journal.unipdu.ac.id/index.php/religi/oai,ojs.test1.journal.unipdu.ac.id
4361,Religija ir kultūra,https://www.journals.vu.lt/religija-ir-kultura/oai,ojs.www4063.vu.lt
4362,Religió: Jurnal Studi Agama-agama (RJSAA),http://religio.uinsby.ac.id/index.php/religio/oai,ojs.religio.uinsby.ac.id
4363,REMATEC,http://rematec.net.br/index.php/rematec/oai,ojs.rematec.net.br
4364,REMATEC,http://www.rematec.net.br/index.php/rematec/oai,ojs.rematec.net.br
4365,REMIE - Multidisciplinary Journal of Educational Research,http://hipatiapress.com/hpjournals/index.php/remie/oai,journals.hipatiapress.com
4366,REMIK (Riset dan E-Jurnal Manajemen Informatika Komputer),https://jurnal.polgan.ac.id/index.php/remik/oai,ojs2.jurnal.polgan.ac.id
4367,ReMuNa Project - Appartamento Storico Palazzo Reale,http://oai.remuna.org/oai/preale.py,oai.remuna.org
4368,ReMuNa Project - Archivi di Teatro di Napoli,http://oai.remuna.org/oai/archiviteatro.py,oai.remuna.org
4369,ReMuNa Project - Archivio di Stato di Napoli,http://oai.remuna.org/oai/arcstato.py,oai.remuna.org
4370,ReMuNa Project - Museo Aperto,http://oai.remuna.org/oai/maperto.py,oai.remuna.org
4371,ReMuNa Project - Museo Archeologico Nazionale di Napoli,http://oai.remuna.org/oai/marcheo.py,oai.remuna.org
4372,ReMuNa Project - Museo di Capodimonte,http://oai.remuna.org/oai/capodim.py,oai.remuna.org
4373,ReMuNa Project - Museo Diego Aragona Pignatelli Cortes,http://oai.remuna.org/oai/pignatelli.py,oai.remuna.org
4374,repo unpas,http://repository.unpas.ac.id/cgi/oai2,repository.unpas.ac.id
4375,Reports at NLR,https://reports.nlr.nl/oai/request,reports.nlr.nl
4376,Repositori Digital de la UPF,http://oai-repositori.upf.edu/request,""
4377,Repositori Kliping Dikdasmen,https://oaikliping-dikdasmen.kemdikbud.go.id/index.php,kliping.dikdasmen
4378,Repositori Obert UdL,http://repositori.udl.cat/oai/request,""
4379,Repositori UJI,http://repositori.uji.es/oai/request,repositori.uji.es
4380,Repositori Universitas Andalas,http://repo.unand.ac.id/cgi/oai2,repo.unand.ac.id
4381,Repositori Universitas Dinamika,http://repository.dinamika.ac.id/cgi/oai2,repository.dinamika.ac.id
4382,Repositori UOC,http://openaccess.uoc.edu/webapps/dspace_rei_oai/request,""
4383,Repositorio - Fundación Universitaria Konrad Lorenz,https://repositorio.konradlorenz.edu.co/oai/request,repositorio.konradlorenz.edu.co
4384,Repositorio - Universidad de Ciencias Aplicadas y Ambientales UDCA.,https://repository.udca.edu.co/oai/request,repository.udca.edu.co
4385,Repositorio Abierto de Entomología Aplicada de la SEEA,http://repositorioseea.es/oai/request,www.repositorioseea.es
4386,Repositorio BdNupill,http://alecrim.inf.ufsc.br/bdnupill/oailib/oai/oai2.php,bdnupill.inf.ufsc.br
4387,Repositorio Biblioteca virtual de Andalucía,http://www.bibliotecavirtualdeandalucia.es/catalogo/oai/oai_bibliotecavirtualandalucia.juntadeandalucia.es.cmd,bibliotecavirtualandalucia.juntadeandalucia.es
4388,Repositorio Biblioteca virtual de Andalucía,http://www.juntadeandalucia.es/cultura/bibliotecavirtualandalucia/catalogo/oai/oai.cmd,bibliotecavirtualandalucia.juntadeandalucia.es
4389,Repositorio BICU,http://repositorio.bicu.edu.ni/cgi/oai2,repositorio.bicu.edu.ni
4390,Repositorio Comunidad Politecnico Grancolombiano,http://alejandria.poligran.edu.co/oai/request,alejandria.poligran.edu.co
4391,Repositorio CONCYTEC,http://repositorio.concytec.gob.pe/oai/request,""
4392,Repositorio DAR Escuela de Graduados en Educación del Sistema Tecnológico de Monterrey,http://catedra.ruv.itesm.mx/oai/request,""
4507,Repository Fakultas Ekonomi UNJ,http://repository.fe.unj.ac.id/cgi/oai2,repository.fe.unj.ac.id
4393,Repositorio de la Facultad de Filosofia y Letras de la Universidad de Buenos Aires (FFyL-UBA),http://repositorio.filo.uba.ar/oai/request,dspace5.filo.uba.ar
4394,Repositorio de la Fundación Universitaria del Área Andina,https://digitk.areandina.edu.co/oai/request,digitk.areandina.edu.co
4395,Repositorio de la UNED,http://62.204.194.45:8080/oaiprovider/,""
4396,Repositorio de la Universidad de Cuenca,http://dspace.ucuenca.edu.ec/oai/request,""
4397,Repositorio de la Universidad Estatal a Distancia de Costa Rica,http://repositorio.uned.ac.cr/oai/request,""
4398,Repositorio de la Universidad Pedagogica y Tecnologica de Colombia,https://repositorio.uptc.edu.co/oai/request,repositorio.uptc.edu.co
4399,Repositorio de la Universidad TecnolÃ³gica de El Salvador,http://biblioteca.utec.edu.sv:8080/oai/request,""
4400,Repositorio de manuscritos de la Universidad de Valladolid,http://gaia.dcs.fi.uva.es:8080/oai/OAIHandler,oai.uva.es
4401,Repositorio de Resultados de Investigación del INIA,http://r2i2.inia.es/oai/request,r2i2.inia.es
4402,Repositorio de revistas académicas Universidad EAFIT,http://publicaciones.eafit.edu.co/index.php/index/oai,ojs.publicaciones.eafit.edu.co
4403,Repositorio de Revistas de Investigación USIL,http://revistas.usil.edu.pe/index.php/index/oai,ojs.revistas.usil.edu.pe
4404,Repositorio de Tesis Digitales de la PUCP,http://tesis.pucp.edu.pe/oai/request,""
4405,Repositorio de Tesis digitales de la Universidad Catolica de Santa Maria,http://tesis.ucsm.edu.pe/oai/request,tesis.ucsm.edu.pe
4406,Repositorio de U San Pedro,http://repositorio.usanpedro.edu.pe/oai/request,repositorio.usanpedro.edu.pe
4407,Repositorio de Universidad de La Rioja,https://investigacion.unirioja.es/oai/request,portal.dialnet.es
4408,Repositorio del IIS-UNAM,http://ru.iis.sociales.unam.mx/oai/openaire,ru.iis.sociales.unam.mx
4409,Repositorio del Instituto para la Investigación Educativa y el Desarrollo Pedagógico (IDEP),https://repositorio.idep.edu.co/oai/request,repositorio.idep.edu.co
4410,Repositorio Digital Academia Colombiana De Ciencias Exactas Fisicas Y Naturales (ACCEFYN),https://repositorio.accefyn.org.co/oai/request,repositorio.accefyn.org.co
4411,Repositorio Digital Cámara de Comercio de Cali,https://repositorio.ccc.org.co/server/oai/request,repositorio.ccc.org.co
4412,Repositorio digital de la Universidad Autónoma del Caribe,http://repositorio.uac.edu.co/oai/request,repositorio.uac.edu.co
4413,Repositorio Digital de la Universidad de Caldas,https://repositorio.ucaldas.edu.co/oai/request,repositorio.ucaldas.edu.co
4414,Repositorio Digital de la Universidad de Salamanca,http://gredos.usal.es/oai/request,""
4415,Repositorio Digital de la Universidad de Zaragoza,http://zaguan.unizar.es/oai2d,zaguan.unizar.es
4416,Repositorio Digital de la Universidad del Norte,http://manglar.uninorte.edu.co/oai/request,""
4417,Repositorio digital de pruebas,http://84.79.19.79:8080/dspace-oai/request,""
4418,Repositorio Digital Fundación Universitaria Juan N. Corpas,https://repositorio.juanncorpas.edu.co/oai/request,repositorio.juanncorpas.edu.co
4419,Repositorio Digital Institucional Facultad de Ciencias Sociales-UBA,http://repositorio.sociales.uba.ar/oai-pmh-repository/request,repositorio.sociales.uba.ar
4420,Repositorio Digital RedCLARA Document@s ,http://repositorio.redclara.net/oai/request,""
4421,Repositorio Digital UJCM,http://repositorio.ujcm.edu.pe/oai/request,repositorio.ujcm.edu.pe
4422,Repositorio Digital Universidad Autonoma de Occidente,https://red.uao.edu.co/oai/request,red.uao.edu.co
4423,Repositorio Digital Universidad ECCI,https://repositorio.ecci.edu.co/oai/request,repositorio.ecci.edu.co
4424,REPOSITORIO DIGITAL UPCT,http://repositorio.upct.es/oai/request,repositorio.upct.es
4425,Repositorio Digital Órgano Judicial,http://repositoriodigital.organojudicial.gob.pa/oai/request,repositoriodigital.organojudicial.gob.pa
4426,Repositorio Digital-UPS,http://dspace.ups.edu.ec/oai/request,dspace.ups.edu.ec
4427,Repositorio Digital. Almudi,http://195.57.119.140:8080/dspace-oai/request,""
4428,Repositorio DILA,http://www.caicyt-conicet.gov.ar/dila/oai-pmh-repository/request,dila.caicyt.gov.ar
4429,Repositorio Driver,http://hispana.mcu.es/i18n/oai/oai.cmd,hispana.mcu.es
4430,Repositorio EPN,http://dspace.epn.edu.ec/oai/request,""
4431,Repositorio Escuela Colombiana de Ingeniería Julio Garavito,https://repositorio.escuelaing.edu.co/oai/request,repositorio.escuelaing.edu.co
4432,Repositorio Fundación Universitaria Compensar,https://repositoriocrai.ucompensar.edu.co/oai/request,repositoriocrai.ucompensar.edu.co
4433,Repositorio Hipermedial UNR,http://rephip.unr.edu.ar/oai/request,""
4434,Repositorio INDICASAT,http://repositorio-indicasat.org.pa/oai/request,repositorio-indicasat.org.pa
4435,Repositorio Institucional	UTB,https://repositorio.utb.edu.co/oai/request,repositorio.utb.edu.co
4436,Repositorio Institucional - IBERO.,https://repositorio.iberoamericana.edu.co/oai/request,repositorio.ibero.edu.co
4437,Repositorio Institucional - Pontificia Universidad Javeriana,http://repository.javeriana.edu.co/oai/request,repository.javeriana.edu.co
4438,Repositorio Institucional CONACYT,http://repositorio.conacyt.gov.py/oai/request,repositorio.conacyt.gov.py
4439,Repositorio Institucional de Acceso Abierto de la FTYCA de la UNCA,https://riaa-tecno.unca.edu.ar/oai/request,riaa-tecno.unca.edu.ar
4440,Repositorio Institucional de El Colegio de México - Biblioteca Daniel Cosío Villegas,http://174.138.73.166:3000/api/oai,www.localhost
4441,Repositorio institucional de IMDEA Nanociencia,https://repositorio.imdeananociencia.org/oai/openaire,repositorio.imdeananociencia.org
4442,Repositorio Institucional de la Asociación Mutual de Protección Familiar,http://repositorio.ampf.org.ar/greenstone/oaiserver,repositorio.ampf.org.ar
4443,REPOSITORIO INSTITUCIONAL DE LA ESCUELA POLITECNICA NACIONAL,http://bibdigital.epn.edu.ec/oai/request,""
4444,Repositorio Institucional de la Fundación Universitaria de Ciencias de la Salud,https://repositorio.fucsalud.edu.co/oai/request,repositorio.fucsalud.edu.co
4445,Repositorio Institucional de la Universidad a Distancia de Madrid (UDIMA),https://udimundus.udima.es/oai/request,udimundus.udima.es
4446,Repositorio Institucional de la Universidad Autónoma del Estado de México,http://ri.uaemex.mx/oai/request,ri.uaemex.mx
4447,Repositorio Institucional de la Universidad de Cordoba :: Spain,http://helvia.uco.es/oai/request,""
4448,Repositorio Institucional de la Universidad de El Salvador,http://ri.ues.edu.sv/cgi/oai2,ri.ues.edu.sv
4449,Repositorio Institucional de la Universidad de El Salvador,https://ri.ues.edu.sv/cgi/oai2,ri.ues.edu.sv
4450,Repositorio Institucional de la Universidad de Granada,http://digibug.ugr.es/oai/request,""
4451,Repositorio Institucional de la Universidad de Huelva,http://rabida.uhu.es/oai/request,rabida.uhu.es
4452,Repositorio Institucional de la Universidad de La Guajira,http://repositoryinst.uniguajira.edu.co/oai/request,repositoryinst.uniguajira.edu.co
4453,Repositorio institucional de la Universidad de La Laguna,http://riull.ull.es/oai/request,""
4454,Repositorio Institucional de la Universidad de Málaga,http://riuma.uma.es/oai/request,""
4455,Repositorio Institucional de la Universidad del Pacífico,http://repositorio.up.edu.pe/oai/request,repositorio.up.edu.pe
4456,Repositorio Institucional de la Universidad Michoacana de San Nicolás de Hidalgo,http://bibliotecavirtual.dgb.umich.mx:8083/oai/request,bibliotecavirtual.dgb.umich.mx
4457,Repositorio Institucional de la Universidad Nacional Agraria,http://repositorio.una.edu.ni/cgi/oai2,repositorio.una.edu.ni
4458,Repositorio Institucional de UAM-Xochimilco,https://repositorio.xoc.uam.mx/oai/request,repositorio.xoc.uam.mx
4459,Repositorio Institucional del Banco de España,https://repositorio.bde.es/oai/request,repositorio.bde.es
4460,Repositorio Institucional del Banco de la República de Colombia – BanRep,http://repositorio.banrep.gov.co/oai/request,repositorio.banrep.gov.co
4461,Repositorio Institucional del CAB-IB,http://ricabib.cab.cnea.gov.ar/cgi/oai2,ricabib.cab.cnea.gov.ar
4462,Repositorio Institucional Digital del IEO,http://www.repositorio.ieo.es/oai/request,""
4463,Repositorio Institucional EdocUR,http://repository.urosario.edu.co/oai/request,repository.urosario.edu.co
4464,Repositorio institucional EdocUR,https://repository.urosario.edu.co/oai/request,repository.urosario.edu.co
4465,Repositorio Institucional Escuela de Ingenieria de Antioquia,https://repository.eia.edu.co/oai/request,repository.eia.edu.co
4466,Repositorio Institucional EUG,https://eugdspace.eug.es/oai/request,eugdspace.eug.es
4467,Repositorio Institucional FUNDE,http://www.repo.funde.org/cgi/oai2,www.repo.funde.org
4468,Repositorio Institucional Historicas-UNAM,https://ru.historicas.unam.mx/oai/request,ru.historicas.unam.mx
4469,Repositorio Institucional Pontificia Universidad Javeriana Cali,http://vitela.javerianacali.edu.co/oai/request,vitela.javerianacali.edu.co
4470,Repositorio institucional San Dámaso,https://repositorio.sandamaso.es/oai/request,repositorio.sandamaso.es
4471,Repositorio Institucional Tecnologico de Antioquia,https://dspace.tdea.edu.co/oai/request,dspace.tdea.edu.co
4472,Repositorio Institucional UCA,http://repositorio.uca.edu.sv/oai/request,repositorio.uca.edu.sv
4473,Repositorio Institucional UCASAL,http://bibliotecas.ucasal.edu.ar/ws/oai2_7,bibliotecas.ucasal.edu.ar
4474,Repositorio Institucional UCATSE,http://repositorio.ucatse.edu.ni/cgi/oai2,repositorio.ucatse.edu.ni
4475,Repositorio Institucional UESAN,https://repositorio.esan.edu.pe/oai/request,repositorio.esan.edu.pe
4476,Repositorio Institucional ULADECH CATOLICA,http://repositorio.uladech.edu.pe/oai/request,repositorio.uladech.edu.pe
4477,Repositorio Institucional UMNG,http://repository.unimilitar.edu.co/oai/request,repository.unimilitar.edu.co
4478,Repositorio Institucional UN,http://www.bdigital.unal.edu.co/cgi/oai2,www.bdigital.unal.edu.co
4479,Repositorio Institucional UNAD,http://repository.unad.edu.co/oai/request,""
4480,Repositorio Institucional UNIAV,http://repositorio.uniav.edu.ni/cgi/oai2,repositorio.uniav.edu.ni
4481,Repositorio Institucional Universidad Cat??lica de Oriente,http://repositorio.uco.edu.co/oai/request,repositorio.uco.edu.co
4482,Repositorio Institucional Universidad Católica de Colombia - RIUCaC,https://repository.ucatolica.edu.co/oai/request,repository.ucatolica.edu.co
4483,Repositorio Institucional Universidad de Medellin,http://repository.udem.edu.co/oai/request,""
4484,Repositorio Institucional Universidad Distrital - RIUD,http://repository.udistrital.edu.co/oai/request,repository.udistrital.edu.co
4485,Repositorio Institucional Universidad EAFIT,http://repository.eafit.edu.co/oai/request,""
4486,Repositorio Institucional Universidad Nacional de Colombia,https://repositorio.unal.edu.co/oai/request,repositorio.unal.edu.co
4487,Repositorio Institucional UPEA,http://repositorio.upea.bo/oai/request,repositorio.upea.bo
4488,Repositorio Institucional-Universidad Autónoma de Manizales,http://repositorio.autonoma.edu.co/oai/request,repositorio.autonoma.edu.co
4489,Repositorio ITC,http://repositorio.itc.edu.co/oai/request,repositorio.itc.edu.co
4490,Repositorio OAI,http://digibuo.sheol.uniovi.es/oai/oai2.php,""
4491,Repositorio OAI Biblioteca Digital Universidad Nacional de Cuyo,http://bdigital.uncu.edu.ar/OAI/index.php,""
4492,Repositorio UMECIT,http://repositorio.umecit.edu.pa/oai/request,repositorio.umecit.edu.pa
4493,Repositorio UNAN-Managua,http://repositorio.unan.edu.ni/cgi/oai2,repositorio.unan.edu.ni
4494,Repositorio UNCo,http://rdi.uncoma.edu.ar/oai/snrd,rdi.uncoma.edu.ar
4495,Repositorio UNDAV,http://undavdigital.undav.edu.ar/oai/request,undavdigital.undav.edu.ar
4496,Repositorio UNDAV,http://undavdigital.undav.edu.ar/oai/snrd,undavdigital.undav.edu.ar
4497,Repositorio Universidad de Córdoba,https://repositorio.unicordoba.edu.co/oai/request,repositorio.unicordoba.edu.co
4498,Repositorio Universidad de la Salle,http://repository.lasalle.edu.co/oai/request,repository.lasalle.edu.co
4499,Repositorio Universidad de los Llanos,https://repositorio.unillanos.edu.co/oai/request,repositorio.unillanos.edu.co
4500,Repositorio Universidad de Santander,https://repositorio.udes.edu.co/oai/request,repositorio.udes.edu.co
4501,Repositorio Universidad de Sucre,https://repositorio.unisucre.edu.co/oai/request,repositorio.unisucre.edu.co
4502,Repositorio Universidad Francisco de Paula Santander,https://repositorio.ufps.edu.co/oai/request,repositorio.ufps.edu.co
4503,Repositorio Universidad Santo Tomas,https://repository.usta.edu.co/oai/request,repository.usta.edu.co
4504,Repositorio Universidad Tecnologica Metropolitana,http://repositorio.utem.cl/oai/request,repositorio.utem.cl
4505,Repository,http://apo.org.au/oai2,""
4508,Repository FISIP UNSAP,https://repository.unsap.ac.id/index.php/fisipunsap/oai,ojs2.repository.unsap.ac.id
4509,Repository fuer Online Hochschulschriften,http://bib1lp1.rz.tu-bs.de/docportal/servlets/MCROAIDataProvider,diss.ub.tubs.de
4510,Repository ISS and Hivos,http://ir.iss.nl/oai.php,ir.iss.nl
4511,Repository Media - Uni Paderborn,https://media.uni-paderborn.de/api/plugin/base/oai/oai,""
4512,Repository name:Defecto Server name:deneb.hacer.ula.ve,http://deneb.hacer.ula.ve/cgi-win/be_oai.exe,""
4513,Repository of Politeknik Negeri Banjarmasin,http://repository.poliban.ac.id/cgi/oai2,repository.poliban.ac.id
4514,Repository of the Academy's Library,http://real.mtak.hu/cgi/oai2,real.mtak.hu
4515,Repository Poltekkes Kupang,http://repository.poltekeskupang.ac.id/cgi/oai2,repository.poltekeskupang.ac.id
4516,Repository Skripsi Online,https://skripsi.sttjaffray.ac.id/index.php/skripsi/oai,ojs2.skr.sttjaffray.ac.id
4517,Repository STIT Raden Wijaya Mojokerto,http://repository.stitradenwijaya.ac.id/cgi/oai2,repository.stitradenwijaya.ac.id
4518,Repository UCB Kupang,http://repository.ucb.ac.id/cgi/oai2,repository.ucb.ac.id
4519,Repository UHAMKA,http://repository.uhamka.ac.id/cgi/oai2,repository.uhamka.ac.id
4520,Repository UIN JAMBI,http://repository.uinjambi.ac.id/cgi/oai2,repository.uinjambi.ac.id
4521,Repository UIN Sumatera Utara ,http://repository.uinsu.ac.id/cgi/oai2,repository.uinsu.ac.id
4522,Repository UNISLA,http://eprints.unisla.ac.id/cgi/oai2,eprints.unisla.ac.id
4523,Repository Universitas Andalas,http://repository.unand.ac.id/cgi/oai2,generic.eprints.org
4524,Repository Universitas Islam Riau,http://repository.uir.ac.id/cgi/oai2,repository.uir.ac.id
4525,Repository Universitas Jenderal Soedirman,http://repository.unsoed.ac.id/cgi/oai2,repository.unsoed.ac.id
4526,REPOSITORY UNIVERSITAS MEDAN AREA,http://repository.uma.ac.id/oai/request,repository.uma.ac.id
4527,Repository Universitas PGRI Yogyakarta,http://repository.upy.ac.id/cgi/oai2,repository.upy.ac.id
4528,repository.stt.web.id,http://repository.stt.web.id/oai2.php,""
4529,Repository@Hull,https://hull-repository.worktribe.com/oaiprovider,hull-repository.worktribe.com
4530,Repository@Napier,http://napier-surface.worktribe.com/oaiprovider,napier-surface.worktribe.com
4531,Repository@NOAA,http://repository.wrclib.noaa.gov/cgi/oai2.cgi,repository.wrclib.noaa.gov
4532,Repository@Nottingham,https://nottingham-repository.worktribe.com/oaiprovider,nottingham-repository.worktribe.com
4533,RepositÃ³rio Aberto da Universidade do Porto,http://repositorio-aberto.up.pt/oai/request,""
4534,Repositório Digital Institucional da Universidade Federal do Paraná,http://acervodigital.ufpr.br/oai/request,dspace.c3sl.ufpr.br
4535,Repositório Digital Institucional da Universidade Federal do Paraná,https://acervodigital.ufpr.br/oai/request,dspace.c3sl.ufpr.br
4536,Repositório Eletrônico - Departamento de Ciências Agrárias,http://www.agro.unitau.br:8080/dspace-oai/request,""
4537,Repositório FAEMA,http://repositorio.faema.edu.br:8000/oai/request,repositorio.faema.edu.br
4538,Repozytorium Instytucjonalne Krakowskiej Akademii (eRIKA),https://repozytorium.ka.edu.pl/oai/request,repozytorium.ka.edu.pl
4539,Repozytorium Instytucjonalne KUL,https://repozytorium.kul.pl/oai/request,repozytorium.kul.pl
4540,Repozytorium Lectorium,http://repozytorium.lectorium.edu.pl/oai/request,""
4541,Repozytorium Uniwersytetu im. Adama Mickiewicza (AMUR),http://150.254.65.83:8080/oai/request,""
4542,Repozytorium Uniwersytetu im. Adama Mickiewicza (AMUR),http://repozytorium.amu.edu.pl:8080/oai/request,""
4543,Repozytorium Uniwersytetu Jagiellońskiego,http://ruj.uj.edu.pl/oai/request,ruj.uj.edu.pl
4544,Repozytorium UR,http://repozytorium.ur.edu.pl/oai/request,repozytorium.ur.edu.pl
4545,Repozytorium UR,https://repozytorium.ur.edu.pl/server/oai/request,repozytorium.ur.edu.pl
4546,RERO DOC,http://doc.rero.ch/oai2d.py/,doc.rero.ch
4547,res doctae - Dokumentenserver der Akademie der Wissenschaften zu Goettingen,http://rep.adw-goe.de/oai/request,""
4548,Research Ambition: An International Multidisciplinary e-Journal,http://researchambition.com/RA/index.php/ra/oai,ojs2.researchambition.com
4549,Research Centre for Social Sciences,http://www.rcssindia.org/main/abhi/index.php/index/oai,ojs.www.rcssindia.org
4550,Research Collection,https://www.research-collection.ethz.ch/oai/request,www.research-collection.ethz.ch
4551,Research Commons at Kutztown University,https://research.library.kutztown.edu/do/oai/,research.library.kutztown.edu
4552,Research Data Repository of the University of Tuebingen,http://fdat.escience.uni-tuebingen.de/portal/rest/oai,fdat.escience.uni-tuebingen.de
4553,Research Findings Register (ReFeR),http://www.refer.nhs.uk/oai-pmh/oai-pmh.asp,refer.nhs.uk
4554,Research in Urbanism Series,http://rius.tudelft.nl/index.php/rius/oai,ojs.ojs-lib.tudelft.nl
4555,Research in Urbanism Series,https://www.rius.ac/index.php/rius/oai,rius.ac
4556,Research Information Online,https://rio.tamiu.edu/do/oai/,rio.tamiu.edu
4557,Research Inspiration: An International Multidisciplinary e-Journal,http://researchinspiration.com/index.php/ri/oai,ojs2.researchinspiration.com
4558,"Research Library Olomouc, Czech Republic",http://aleph.vkol.cz/OAI,aleph.vkol.cz
4559,Research Media and Information Exchange,https://remix.berklee.edu/do/oai/,remix.berklee.edu
4560,Research Mosaic,https://researchmosaic.com/index.php/rm/oai,ojs2.researchmosaic.com
4561,Research Repository,http://eprints.kingston.ac.uk/cgi/oai2,eprints.kingston.ac.uk
4562,ResearchArchive at Victoria University of Wellington,http://researcharchive.vuw.ac.nz/oai/request,""
4563,Researches in Mathematics,https://vestnmath.dnu.dp.ua/index.php/rim/oai,ojs.vestnmath.dnu.dp.ua
4564,ResearchSpace@UKZN,http://researchspace.ukzn.ac.za/oai/request,""
4565,Reseau des Educateurs Solidaires ,https://resokamer.com/oai,resokamer.com
4566,Reseau des Educateurs Solidaires ,https://www.resokamer.com/oai,resokamer.com
4567,Reseñas CeLeHis,http://fh.mdp.edu.ar/revistas/index.php/rescelehis/oai,ojs.fh.mdp.edu.ar
4568,Resistances. Journal of the Philosophy of History,http://resistances.religacion.com/index.php/about/oai,resistances.religacion.com
4569,Resourceedings,http://press.ierek.com/index.php/Resourceedings/oai,ojs.www.ierek.com
4570,Resourceedings,https://press.ierek.com/index.php/Resourceedings/oai,ojs.www.ierek.com
4571,Resources and Environmental Economics,https://www.syncsci.com/journal/REE/oai,journal.syncsci.com
4572,Respectus Philologicus,https://www.journals.vu.lt/respectus-philologicus/oai,ojs.www4063.vu.lt
4573,Respirar,https://respirar.alatorax.org/index.php/respirar/oai,ojs2.respirar.alatorax.org
4574,Respositorio Institucional del Iteso,http://rei.iteso.mx/oai/request,""
4575,Ressi,http://www.ressi.ch/oai,""
4576,Restorica: Jurnal Ilmiah Ilmu Administrasi Negara dan Ilmu Komunikasi,http://journal.umpalangkaraya.ac.id/index.php/restorica/oai,journal.umpalangkaraya.ac.id
4577,RETEL Journal (Journal on Publication of The Research on Teaching and Language),http://ejournal.unulampung.ac.id/index.php/retel/oai,ojs2.ejournal.unulampung.ac.id
4578,Reti Medievali Rivista,http://www.rmojs.unina.it/index.php/rm/oai,serena.unina.it
4579,Retina Jurnal Fotografi,https://jurnal2.isi-dps.ac.id/index.php/retina/oai,ojs.pkp.sfu.ca
4580,Rev. de Clín. Pesq. Odontol.,http://www2.pucpr.br/reol/index.php/RCPO/oai/,rcpo.pucpr.br
4581,RevicyhLUZ,http://revistas.luz.edu.ve/index.php/index/oai,ojs.revistas.luz.edu.ve
4582,Review of Accounting and Taxation,https://jurnal.piksiinputserang.ac.id/index.php/reaction/oai,ojs2.jurnal.piksiinputserang.ac.id
4583,Review of Business Information Systems (RBIS),https://www.cluteinstitute.com/ojs/index.php/RBIS/oai,ojs.localhost
4584,Review of Economics and Institutions,http://www.rei.unipg.it/rei/oai,ojs.www.rei.unipg.it
4585,Review of International American Studies,http://www.journals.us.edu.pl/index.php/RIAS/oai,ojs.www.journals.us.edu.pl
4586,Review of Islamic Studies,https://ojs.pps-ibrahimy.ac.id/index.php/ris/oai,ojs2.ojs.pps-ibrahimy.ac.id
4587,Review of Primary Care Practice and Education (Kajian Praktik dan Pendidikan Layanan Primer),https://jurnal.ugm.ac.id/rpcpe/oai,jurnal.ugm.ac.id
4588,Revista  Institucional Universidad Tecnológica del Chocó Investigación Biodiversidad y Desarrollo,http://revistas.utch.edu.co/ojs5/index.php/revinvestigacion/oai,ojs.revistas.utch.edu.co
4589,Revista Academia & Negocios,http://ran.udec.cl/ojs/index.php/ran/oai,ran.udec.cl
4590,Revista Académica Universidad Pontifica Bolivariana,http://puente.upbbga.edu.co/index.php/sistemas_telematica/oai,ojs.localhost
4591,Revista ADGNOSIS,https://publicaciones.americana.edu.co/index.php/adgnosis/oai,ojs2.publicaciones.americana.edu.co
4592,Revista ANACEO,http://revista.anaceo.cl/index.php/anaceo/oai,revista.anaceo.cl
4593,Revista Anais Brasileiros de Estudos Turísticos - ABET,https://periodicos.ufjf.br/index.php/abet/oai,periodicos.ufjf.br
4594,Revista Andina de Estudios Políticos,http://iepa.org.pe/raep/index.php/ojs/oai,ojs.iepa.org.pe
4595,Revista Biodiversidad Neotropical,http://revistas.utch.edu.co/ojs5/index.php/Bioneotropical/oai,ojs.revistas.utch.edu.co
4596,Revista Brasileira de Ciências Policiais,https://periodicos.pf.gov.br/index.php/RBCP/oai,ojs.pkp.sfu.ca
4597,Revista Brasileira de Desenvolvimento Regional,http://proxy.furb.br/ojs/index.php/rbdr/oai,ojs.proxy.furb.br
4598,Revista Brasileira de Direito Constitucional,http://www.esdc.com.br/seer/index.php/rbdc/oai,ojs.www.esdc.com.br
4599,Revista Brasileira de Direito Processual Penal,https://revista.ibraspp.com.br/RBDPP/oai,ojs.emnuvens.com.br
4600,Revista Brasileira de Estudos Africanos,http://seer.ufrgs.br/index.php/rbea/oai,seer.ufrgs.br
4601,Revista Brasileira de Fisiologia do Exerc&iacute cio,https://convergenceseditorial.com.br/index.php/revistafisiologia/oai,ojs2.convergenceseditorial.com.br
4602,Revista Brasileira de Informática na Educação,http://br-ie.org/pub/index.php/rbie/oai,ojs.www.br-ie.org
4603,Revista Brasileira de Marketing,http://www.revistabrasileiramarketing.org/ojs-2.2.4/index.php/remark/oai,ojs.pkp.sfu.ca
4604,Revista Brasileira de Segurança Pública,https://revista.forumseguranca.org.br/index.php/rbsp/oai,ojs.revista.forumseguranca.org.br
4605,Revista Buen Gobierno,http://revistabuengobierno.org/home/OAI-PMH/,revistabuengobierno.org
4606,Revista catalana de dret públic,http://revistes.eapc.gencat.cat/index.php/rcdp/oai,revistes.eapc.gencat.cat
4607,Revista Catarinense da Ciência Contábil,https://revista.crcsc.org.br/index.php/CRCSC/oai,ojs.pkp.sfu.ca
4608,Revista CENTRA de Ciencias Sociales,https://centracs.es/revista/oai,ojs2.centracs.es
4609,Revista Centroamericana de Administración Pública,https://ojs.icap.ac.cr/index.php/RCAP/oai,ojs2.ojs.icap.ac.cr
4610,Revista CEPSUL - Biodiversidade e Conservação Marinha,http://www.icmbio.gov.br/revistaeletronica/index.php/cepsul/oai,ojs.icmbio.gov.br
4611,Revista Ciencias de la Complejidad,https://revistas.unsa.edu.pe/index.php/rcc/oai,revistas.unsa.edu.pe
4612,Revista Ciencias y Humanidades,https://revistacienciasyhumanidades.com/index.php/home/oai,ojs2.revistacienciasyhumanidades.com
4613,Revista cientifica I+D aswan science,https://www.revistascience.enterprisesadeg.org.pe/index.php/sciencie/oai,ojs2.www.revistascience.enterprisesadeg.org.pe
4614,"REVISTA CIENTÍFICA MULTIDISCIPLINARIA ARBITRADA ""YACHASUN"" - ISSN: 2697-3456",https://editorialibkn.com/index.php/Yachasun/oai,ojs2.editorialibkn.com
4615,REVISTA CIENTÍFICA UNE,http://revistas.une.edu.py/index.php/revista_une/oai,ojs2.localhost
4616,Revista Científica Arbitrada de la Fundación MenteClara | Tantra,http://fundacionmenteclara.org.ar/revista/index.php/RCA/oai,ojs.fundacionmenteclara.org.ar
4617,Revista Científica Arbitrada en Investigaciones de la Salud GESTAR,https://journalgestar.org/index.php/gestar/oai,ojs2.journalgestar.org
4618,Revista Científica Ciencia y Tecnología,http://cienciaytecnologia.uteg.edu.ec/revista/index.php/cienciaytecnologia/oai,cienciaytecnologia.uteg.edu.ec
4619,Revista Científica E-Locução,http://www.faex.edu.br/periodicos/index.php/index/oai,periodicos.faex.edu.br
4620,Revista Científica Esporte e Saúde,http://www.rces.com.br/index.php/index/oai,ojs.www.rces.com.br
4621,Revista científica estudiantil 2 de Diciembre,http://www.revdosdic.sld.cu/index.php/index/oai,www.revdosdic.sld.cu
4622,Revista Científica Multidisciplinar Núcleo do Conhecimento,http://oai.nucleodoconhecimento.com.br/,""
4623,Revista Científica Multidisciplinar Núcleo do Conhecimento,https://oai.nucleodoconhecimento.com.br/,""
4624,Revista científica Olimpia,http://revistas.udg.co.cu/index.php/olimpia/oai,new.revistas.udg.co.cu
4625,Revista Científica Profundidad Construyendo Futuro,https://revistas.ufps.edu.co/index.php/profundidad/oai,oai.revistas.ufps.edu.co
4626,Revista Científica Sinapsis,http://www.itsup.edu.ec/sinapsis/index.php/sinapsis/oai,journals.itsup.edu.ec
4627,Revista Científica Sinapsis,https://revistas.itsup.edu.ec/index.php/sinapsis/oai,journals.itsup.edu.ec
4628,Revista Ciência em Extensão,http://ojs.unesp.br/index.php/revista_proex/oai,ojs.java2.unesp.br
4629,Revista Ciência em Extensão,http://200.145.6.206/index.php/revista_proex/oai,ojsdev.unesp.br
4630,Revista Cognosis. ISSN 2588-0578,http://revistas.utm.edu.ec/index.php/Cognosis/oai,ojs2.revistas.utm.edu.ec
4631,Revista Colombiana de Ciencias Pecuarias,http://rccp.udea.edu.co/index.php/index/oai,ojs.rccp.udea.edu.co
4632,Revista Colombiana de Educación,http://revistas.pedagogica.edu.co/index.php/RCE/oai,pedagogica.edu.co-REVISTAS-UPN-CO
4633,Revista Comunicação Midiática,http://www2.faac.unesp.br/comunicacaomidiatica/index.php/comunicacaomidiatica/oai,comunicacaomidiatica.www2.faac.unesp.br
4634,Revista Crítica con Ciencia,https://uptvallesdeltuy.com/ojs/index.php/revista_criticaconciencia/oai,ojs2.uptvallesdeltuy.com
4635,Revista CS,http://www.icesi.edu.co/revistas/index.php/revista_cs/oai,ojs.icesi.edu.co
4636,Revista Cubana de Ciencias Forestales,http://cfores.upr.edu.cu/index.php/cfores/oai,cfores.upr.edu.cu
4637,Revista Cubana de Finanzas y Precios,https://www.mfp.gob.cu/revista/index.php/RCFP/oai,ojs2.www.mfp.gob.cu
4638,Revista Cubana de Finanzas y Precios,http://www.mfp.gob.cu/revista_mfp/index.php/RCFP/oai,rcfp.mfp.gob.cu
4639,Revista Cubana de Investigaciones Biomédicas,http://www.revibiomedica.sld.cu/index.php/ibi/oai,www.revibiomedica.sld.cu
4640,Revista Cubana de Medicina Militar,http://revmedmilitar.sld.cu/index.php/mil/oai,www.revmedmilitar.sld.cu
4641,Revista Cubana de Medicina Militar,http://www.revmedmilitar.sld.cu/index.php/mil/oai,www.revmedmilitar.sld.cu
4642,Revista Cubana de Neurología y Neurocirugía,http://www.revneuro.sld.cu/index.php/neu/oai,www.revneuro.sld.cu
4643,Revista Cubana de Tecnología de la Salud,https://revtecnologia.sld.cu/index.php/tec/oai,revtecnologia.sld.cu
4644,Revista Cultura & Religión,http://www.revistaculturayreligion.cl/index.php/culturayreligion/oai,revistaculturayreligion.cl
4645,Revista da EMERJ,https://ojs.emerj.com.br/index.php/revistadaemerj/oai,ojs2.emerj.com.br
4646,Revista da Faculdade de Direito,http://www.seer.ufrgs.br/index.php/revfacdir/oai,seer.ufrgs.br
4647,Revista da Faculdade de Direito do Sul de Minas,https://revista.fdsm.edu.br/index.php/revistafdsm/oai,ojs.revista.fdsm.edu.br
4648,REVISTA DE ANÁLISIS ECONÓMICO Y FINANCIERO,http://contabilidadyeconomiausmp.edu.pe/OJS2020/index.php/RAEF/oai,ojs2.contabilidadyeconomiausmp.edu.pe
4649,Revista de Arqueologia,http://revista.sabnet.com.br/index.php/revista-de-arqueologia/oai,ojs.www.revista.sabnet.com.br
4650,REVISTA DE ARQUITECTURA Y URBANISMO TAYPI,http://revistas.unap.edu.pe/journal/index.php/TAYPI/oai,ojs.pkp.sfu.ca
4651,Revista de Casos Clínicos en Salud Mental,http://www.ojs.casosclinicosensaludmental.es/ojs/index.php/RCCSM/oai,ojs.ojs.casosclinicosensaludmental.es
4652,Revista de Ciencia y Tecnología,https://www.fceqyn.unam.edu.ar/recyt/index.php/recyt/oai,recytojs.fceqyn.unam.edu.ar
4653,Revista de Ciencias de la Comunicación e Información,https://revistaccinformacion.net/index.php/rcci/oai,ojs2.revistacomunicacion
4654,Revista de Ciencias Médicas de Pinar del Río,http://www.revcmpinar.sld.cu/index.php/index/oai,ojs.pkp.sfu.ca
4655,Revista de Ciencias Sociales,http://produccioncientificaluz.org/index.php/rcs/oai,ojs.produccioncientificaluz.org
4656,Revista de Comunicación y Salud,http://www.revistadecomunicacionysalud.es/index.php/rcys/oai,ojs2.revistacomunicacion
4657,Revista de Contabilidad y Tributación. CEF,https://revistas.cef.udima.es/index.php/RCyT/oai,revistas.cef.udima.es
4658,Revista de Derecho Civil,http://www.nreg.es/ojs/index.php/RDC/oai,ojs.www.nreg.es
4659,Revista de Dialectología y Tradiciones Populares,http://rdtp.revistas.csic.es/index.php/rdtp/oai,rdtp.revistas.csic.es
4660,Revista de Direito,http://www.seer.ufv.br/seer/revdireito/index.php/RevistaDireito-UFV/oai,revdireito.www.seer.ufv.br
4661,Revista de Direito Administrativo e Infraestrutura | RDAI,https://rdai.com.br/index.php/rdai/oai,ojs2.rdai.com.br
4662,Revista de Direito dos Monitores da Universidade Federal Fluminense,http://www.rdm.uff.br/index.php/rdm/oai,ojs.www.rdm.uff.br
4663,Revista de Direito Magis,https://periodico.agej.com.br/index.php/revistamagis/oai,ojs2.periodico.agej.com.br
4664,Revista de Educação do Vale do São Francisco - REVASF,http://www.periodicos.univasf.edu.br/index.php/revasf/oai,ojs.localhost
4665,Revista de Educação Matemática,http://revistasbemsp.com.br/index.php/REMat-SP/oai,ojs.revistasbemsp.com.br
4666,Revista de Enfermería Neurológica,https://revenferneurolenlinea.org.mx/index.php/enfermeria/oai,Rev.Enferm.Neurol
4667,Revista de Ensino de Bioquímica,http://bioquimica.org.br/revista/ojs/index.php/REB/oai,ojs.bioquimica.org.br
4668,Revista de Estudios Kantianos,https://ojs.uv.es/index.php/REK/oai,ojs.uv.es
4669,Revista de Filología Española,http://xn--revistadefilologiaespaola-uoc.revistas.csic.es/index.php/rfe/oai,revfilologia.revistas.csic.es
4670,Revista de Formación en Investigación,https://refi.upn.edu.pe/index.php/refi/oai.,ojs.refi.upnorte.edu.pe
4671,Revista de Gestão Ambiental e Sustentabilidade - GeAS,http://www.revistageas.org.br/ojs/index.php/geas/oai,ojs.pkp.sfu.ca
4672,Revista de Indias,http://revistadeindias.revistas.csic.es/index.php/revistadeindias/oai,revindias.revistas.csic.es
4673,Revista de Informática Teórica e Aplicada,http://seer.ufrgs.br/index.php/rita/oai,seer.ufrgs.br
4674,Revista de Informática Teórica e Aplicada,http://www.seer.ufrgs.br/index.php/rita/oai,seer.ufrgs.br
4675,"Revista de Ingeniería, Ciencias y Sociedad",https://revista.facet-unc.edu.py/facet_ojs/index.php/RICS/oai,ojs.www.facet-unc.edu.py
4676,Revista de Investigación Agraria y Ambiental,http://hemeroteca.unad.edu.co/index.php/riaa/oai,hemeroteca.hemeroteca.unad.edu.co
4677,Revista de Investigación Silogismo,http://www.cide.edu.co/ojs/index.php/silogismo/oai,ojs.cide.edu.co
4678,Revista de Investigación y Evaluación Educativa,https://revie.gob.do/index.php/revie/oai,ojs2.revie.gob.do
4679,Revista de la Asociación Española de Neuropsiquiatría.,http://revistaaen.es/index.php/aen/oai,ojs.www.revistaaen.es
4680,Revista de la Facultad de Agronomía de la Universidad del Zulia,https://www.produccioncientificaluz.org/index.php/agronomia/oai,ojs2.produccioncientificaluz.org
4681,Revista de la Facultad de Derecho,http://revistasenlinea.saber.ucab.edu.ve/temas/index.php/rfderecho/oai,ojs.ojs.ucab.edu.ve
4682,Revista de la Secretaría del Tribunal Permanente de Revisión,http://www.revistastpr.com/index.php/index/oai,ojs.www.revistastpr.com
4683,Revista de literatura,http://revistadeliteratura.revistas.csic.es/index.php/revistadeliteratura/oai,revliteratura.revistas.csic.es
4684,Revista de Llengua i Dret,http://revistes.eapc.gencat.cat/index.php/rld/oai,revistes.eapc.gencat.cat
4685,Revista de Marketing y Publicidad,https://revistas.cef.udima.es/index.php/marketing/oai,revistas.cef.udima.es
4686,Revista de Metalurgia,http://revistademetalurgia.revistas.csic.es/index.php/revistademetalurgia/oai,revmetalurgia.revistas.csic.es
4687,Revista de Nutrición Clínica y Metabolismo,https://revistanutricionclinicametabolismo.org/index.php/nutricionclinicametabolismo/oai,ojs2.revistanutricionclinicametabolismo.org
4688,Revista de Psicologia,http://www.periodicos.ufc.br/psicologiaufc/oai,periodicos.ufc
4689,Revista de Psicología Universidad de Antioquia,http://aprendeenlinea.udea.edu.co/revistas/index.php/psicologia/oai,ojs.aprendeenlinea.udea.edu.co
4690,Revista de Saúde Digital e Tecnologias Educacionais,http://periodicos.ufc.br/resdite/oai,periodicos.ufc
4691,Revista de Trabajo y Seguridad Social. CEF,https://revistas.cef.udima.es/index.php/rtss/oai,revistas.cef.udima.es
4692,Revista Debates,https://seer.ufrgs.br/debates/oai,seer.ufrgs.br
4693,Revista del CISEN Tramas/Maepova,http://ppct.caicyt.gov.ar/index.php/cisen/oai,ppct.caicyt.gov.ar
4694,Revista del Museo de La Plata,https://publicaciones.fcnym.unlp.edu.ar/rmlp/oai,ojs.fcnym.unlp.edu.ar
4695,Revista Didasc@lia: Didáctica y Educación. ISSN 2224-2643,http://revistas.ojs.es/index.php/didascalia/oai,ojs.revistas.ojs.es
4696,Revista Didasc@lia: Didáctica y Educación. ISSN 2224-2643,http://runachayecuador.com/refcale/index.php/didascalia/oai,ojs.runachayecuador.com
4697,"Revista Digital de la Facultad de Ingenierías ""Lámpsakos""",http://www.funlam.edu.co/revistas/index.php/lampsakos/oai,revistas.www.funlam.edu.co
4698,Revista do CEJUR/TJSC: Prestação Jurisdicional,https://revistadocejur.tjsc.jus.br/cejur/oai,ojs.emnuvens.com.br
4699,Revista do Instituto Adolfo Lutz,https://periodicos.saude.sp.gov.br/RIAL/oai,ojs.periodicos.saude.sp.gov.br
4700,Revista do Instituto Histórico e Geográfico do Rio Grande do Sul,http://seer.ufrgs.br/index.php/revistaihgrgs/oai,seer.ufrgs.br
4701,REVISTA DOXA DIGITAL,http://journals.sfu.ca/doxa/index.php/doxa/oai,doxa.journals.sfu.ca
4702,Revista Económica,https://revistas.unl.edu.ec/index.php/economica/oai,ojs.revistas.unl.edu.ec
4703,Revista El Higo,http://revistas.uni.edu.ni/index.php/Higo/oai,ojs.revistas.uni.edu.ni
4704,Revista Electrónica Dr. Zoilo E. Marinello Vidaurreta,http://revzoilomarinello.sld.cu/index.php/zmv/oai,www.revzoilomarinello.sld.cu
4705,Revista Electrónica Psyconex,http://aprendeenlinea.udea.edu.co/revistas/index.php/Psyconex/oai,ojs.aprendeenlinea.udea.edu.co
4706,Revista Eletrônica de Ciência Administrativa,http://revistas.facecla.com.br/index.php/recadm/oai,ojs.revistas.facecla.com.br
4707,Revista En Bomba,https://revistaenbombaalap.org/index.php/bomba/oai,revistaenbombaalap.org
4708,Revista Encuentros,http://ojs.uac.edu.co/index.php/encuentros/oai,ojs.localhost
4709,Revista Epistemologia,https://epistemologia.com.br/academico/index.php/epistemologia/oai,academico.epistemologia.com.br
4710,Revista ESPAMCIENCIA ISSN 1390-8103,http://espamciencia.espam.edu.ec/index.php/Revista_ESPAMCIENCIA/oai,espamciencia.espam.edu.ec
4711,Revista española de Documentación Científica,http://redc.revistas.csic.es/index.php/redc/oai,redc.revistas.csic.es
4712,Revista Española de Nutrición Humana y Dietética,http://www.renhyd.org/index.php/renhyd/oai,ojs.renhyd.org
4713,REVISTA ESTUDIOS PARAGUAYOS (RESPY),https://epy.dreamhosters.com/index.php/RESPY/oai,ojs2.epy.dreamhosters.com
4714,Revista Estudos Anglo-Americanos,http://reaa.ufsc.br/index.php/reaa/oai,externo5.ger.ufsc.br
4715,Revista Estudos Integrados de Psicoterapia Psicanalítica,http://www.revistaesipp.com.br/index.php/RESIPP/oai,ojs.revistaesipp.com.br
4716,Revista Eurolatinoamericana de Derecho Administrativo,http://bibliotecavirtual.unl.edu.ar/ojs/index.php/Redoeda/oai,bibliotecavirtual.unl.edu.ar
4717,Revista Facultad de Ciencias Agropecuarias -FAGROPEC,https://editorial.uniamazonia.edu.co/index.php/fagropec/oai,ojs.www.uniamazonia.edu.co
4718,Revista Facultad de Ciencias Contables Económicas y Administrativas -FACCEA,https://editorial.uniamazonia.edu.co/index.php/faccea/oai,ojs.www.uniamazonia.edu.co
4719,Revista Facultad de Ciencias de la Salud UDES,http://journalhealthsciences.com/index.php/UDES/oai,ojs.journalhealthsciences.com
4720,Revista Facultad de Ciencias de la Salud UDES,https://www.journalhealthsciences.com/index.php/UDES/oai,ojs.journalhealthsciences.com
4721,Revista Facultad de Ciencias de la Salud UDES,http://revistas.udes.edu.co/site/index.php/facultad-ciencias-salud/oai,ojs.revistas.udes.edu.co
4722,Revista Facultad de Ingeniería,http://aprendeenlinea.udea.edu.co/revistas/index.php/ingenieria/oai,ojs.aprendeenlinea.udea.edu.co
4723,Revista Facultad de Ingeniería Universidad de Antioquia,https://revistas.udea.edu.co/index.php/ingenieria/oai,ojs.pkp.sfu.ca
4724,Revista Facultad de Jurisprudencia ´,http://www.revistarfjpuce.edu.ec/index.php/rfj/oai,ojs.pkp.sfu.ca
4725,"Revista FAMECOS: mídia, cultura e tecnologia",http://revcom2.portcom.intercom.org.br/index.php/famecos/oai,ojs.portcom.intercom.org.br
4726,Revista Finanzas y Política Económica,https://revfinypolecon.ucatolica.edu.co/oai,editorial.ucatolica.edu.co
4727,Revista Fisioterapia em Movimento,http://www2.pucpr.br/reol/index.php/RFM/oai/,rfm.pucpr.br
4728,Revista GTLex,https://seer.ufu.br/index.php/GTLex/oai,ojs.www.seer.ufu.br
4729,Revista Iberoamericana,http://revista-iberoamericana.pitt.edu/ojs/index.php/Iberoamericana/oai,revista-iberoamericana.pitt.edu
4730,Revista Iberoamericana Ambiente & Sustentabilidad,https://ambiente-sustentabilidad.org/index.php/revista/oai,ojs.pkp.sfu.ca
4731,Revista Iberoamericana de Bioeconomia y Cambio Climático.,http://revista.unanleon.edu.ni/index.php/REBICAMCLI/oai,ojs.revista.unanleon.edu.ni
4732,Revista Iberoamericana de Bioeconomia y Cambio Climático.,http://revista.unanleon.edu.ni/index.php/REBICAMCLI/oai.,ojs.revista.unanleon.edu.ni
4733,Revista Iberoamericana de Bioeconomía y Cambio Climático e-ISSN 2410-7980,http://revistas.unanleon.edu.ni/index.php/REBICAMCLI/oai,ojs2.revistas.unanleon.edu.ni
4734,REVISTA IBÉRICA DO DIREITO,http://www.revistaibericadodireito.com/index.php/revistaiberica/oai,ojs.revistaibericadodireito.com
4735,Revista Ibérica do Direito,http://revistaibericadodireito.com/index.php/revistaiberica/oai,ojs.revistaibericadodireito.com
4736,Revista ICONO14. Revista científica de Comunicación y Tecnologías emergentes,http://www.icono14.net/ojs/index.php/icono14/oai,ojs.icono14.es
4737,Revista IDeAS,https://revistaideas.ufrrj.br/ojs/index.php/ideas/oai,ojs.pkp.sfu.ca
4738,Revista Impacto Nº 24,http://ojs2.utp.edu.co/index.php/impacto24/oai,ojs.ojs2.utp.edu.co
4739,Revista Información Científica,http://www.revinfcientifica.sld.cu/index.php/ric/oai,www.revinfcientifica.sld.cu
4740,"Revista Ingeniería, Desarrollo e Innovación",http://revistas.ul.edu.co/index.php/RIDEI/oai,ojs2.revistas.ul.edu.co
4741,Revista Ingenio,https://revistas.ufps.edu.co/index.php/ingenio/oai,oai.revistas.ufps.edu.co
4742,Revista InGenio,https://revistas.uteq.edu.ec/index.php/ingenio/oai,revistas.uteq.edu.ec
4743,Revista Innovación Digital y Desarrollo Sostenible - IDS,http://revistas.iudigital.edu.co/index.php/ids/oai,ojs.revistas.iudigital.edu.co
4744,Revista Inteligência Competitiva,https://iberoamericanic.org/rev/oai,ojs.emnuvens.com.br
4745,Revista Interdisciplinar de Estudos em Saúde,http://www.periodicosuniarp.com.br/ries/oai,uniarp.emnuvens.com.br
4746,Revista Interface Tecnológica,http://revista.fatectq.edu.br/index.php/interfacetecnologica/oai,ojs.pkp.sfu.ca
4747,Revista Internacional Consinter de Direito,https://revistaconsinter.com/index.php/ojs/oai,ojs2.revistaconsinter.com
4748,Revista Internacional de Investigación y Docencia,http://onlinejournal.org.uk/index.php/riid/oai,ojs.onlinejournal.org.uk
4749,Revista Internacional de Psicología,http://revistapsicologia.org/index.php/index/oai,revistapsicologia.org
4750,Revista Internacional de Psicología,http://www.revistapsicologia.org/index.php/index/oai,revistapsicologia.org
4751,Revista Internacional de Psicología,https://revistapsicologia.org/index.php/revista/oai,revistapsicologia.org
4752,Revista Internacional de Sistemas,https://ojs.uv.es/index.php/ris/oai,ojs.uv.es
4753,Revista Internacional de Sociología,http://revintsociologia.revistas.csic.es/index.php/revintsociologia/oai,ris.revistas.csic.es
4754,REVISTA ION,http://revistas.uis.edu.co/index.php/revistaion/oai,ojs.revistas.uis.edu.co
4755,Revista JRG de Estudos Acadêmicos ,http://revistajrg.com/index.php/jrg/oai,ojs2.revistajrg.top
4756,Revista JRG de Estudos Acadêmicos ,http://revistajrg.top/ojs/index.php/jrg/oai,ojs2.revistajrg.top
4757,Revista Jurídica Mario Alario D´Filippo,https://revistas.unicartagena.edu.co/index.php/marioalariodfilippo/oai,ojs.pkp.sfu.ca
4758,REVISTA JUSTICIA,http://publicaciones.unisimonbolivar.edu.co/rdigital/ojs/index.php/justicia/oai,ojs.publicaciones.unisimonbolivar.edu.co
4759,REVISTA JUSTICIA,http://revistas.unisimon.edu.co/index.php/justicia/oai,ojs.revistas.unisimon.edu.co
4760,Revista Kavilando,http://www.kavilando.org/revista/index.php/kavilando/oai,ojs.kavilando.org
4761,Revista Latino-americana de Governança,https://revistaregov.org/revista/oai,ojs.insitu.emnuvens.com.br
4762,Revista Lebret,http://revistas.ustabuca.edu.co/index.php/LEBRET/oai,revistas.ustabuca.edu.co
4763,"REVISTA LEX MERCATORIA Doctrina, Praxis, Jurisprudencia y Legislación",https://revistas.innovacionumh.es/index.php/lexmercatoria/oai,ojs.pkp.sfu.ca
4764,Revista M,http://revistas.ustabuca.edu.co/index.php/REVISTAM/oai,revistas.ustabuca.edu.co
4765,Revista Magazine de las Ciencias. ISSN en trámite,http://revista.utb.edu.ec/index.php/magazine/oai,revista.utb.edu.ec
4766,Revista Mexicana de Ciencias Pecuarias,https://cienciaspecuarias.inifap.gob.mx/index.php/Pecuarias/oai,cienciaspecuarias.inifap.gob.mx
4767,Revista Mexicana de Economía y Finanzas Nueva Época REMEF (The Mexican Journal of Economics and Finance),http://www.remef.org.mx/index.php/remef/oai,ojs.ojs.remef.org.mx
4768,Revista Mexicana de Estomatología,http://www.remexesto.com/index.php/remexesto/oai,ojs.remexesto.com
4769,Revista Mexicana de Física,https://rmf.smf.mx/ojs/rmf/oai,ojs.rmf.smf.mx
4770,Revista Miradas,https://revistas.utp.edu.co/index.php/miradas/oai,ojs2.revistasoldversion.utp.edu.co
4771,Revista Mundo Financiero,https://mundofinanciero.indecsar.org/revista/index.php/munfin/oai,ojs2.mundofinanciero.indecsar.org
4772,Revista MundoFesc,http://www.fesc.edu.co/Revistas/OJS/index.php/mundofesc/oai,fesc.localhost
4773,Revista Navarra Médica,https://journals.uninavarra.edu.co/index.php/navarramedica/oai,ojs2.journals.uninavarra.edu.co
4774,Revista Negotium,http://ojs.revistanegotium.org.ve/index.php/negotium/oai,ojs.ojs.revistanegotium.org.ve
4775,Revista nuestrAmérica,http://revistanuestramerica.cl/ojs/index.php/index/oai,ojs.www.revistanuestramerica.cl
4776,Revista Orbis,http://ojs.revistaorbis.org.ve/index.php/orbis/oai,ojs.pkp.sfu.ca
4777,"Revista Palobra, ""palabra que obra""",https://revistas.unicartagena.edu.co/index.php/palobra/oai,ojs.pkp.sfu.ca
4778,Revista Pan-Amazônica de Saúde,http://revista.iec.gov.br/submit/index.php/rpas/oai,revista.iec.gov.br
4779,Revista Panorama Económico,http://revistas.unicartagena.edu.co/index.php/panoramaeconomico/oai,ojs.pkp.sfu.ca
4780,Revista Panorama Económico,https://revistas.unicartagena.edu.co/index.php/panoramaeconomico/oai,ojs.pkp.sfu.ca
4781,Revista Paraguay desde las Ciencias Sociales,http://publicaciones.sociales.uba.ar/index.php/revistaparaguay/oai,ojs.publicaciones.sociales.uba.ar
4782,Revista Paraguaya de Reumatología,http://www.revista.spr.org.py/index.php/spr/oai,ojs.www.revista.spr.org.py
4783,Revista Perspectivas,http://revistas.ufps.edu.co/ojs/index.php/perspectivas/oai,ojs.vaie.ufps.edu.co
4784,Revista Perspectivas,http://perspectivas.espoch.edu.ec:8081/index.php/RCP_ESPOCH/oai,perspectivas.espoch.edu.ec
4840,REVUE DE LA FACULTE DE MEDECINE - Annaba,http://ojs.univ-annaba.dz/index.php/FACMED/oai,ojs.univ-annaba.dz
4785,Revista Pertinencia Académica. ISSN 2588-1019,http://revista-academica.utb.edu.ec/index.php/pertacade/oai,ojs.revista-academica.utb.edu.ec
4786,Revista Peruana de Biología,http://revistasinvestigacion.unmsm.edu.pe/index.php/rpb/oai,ojs.csi.unmsm
4787,Revista Podium,http://podium.upr.edu.cu/index.php/podium/oai,podium.upr.edu.cu
4788,Revista Política Internacional,https://rpi.isri.cu/rpi/oai,ojs2.rpi.isri.cu
4789,Revista Portuguesa de Enfermagem de Reabilitação,https://rper.aper.pt/index.php/rper/oai,ojs2.rper.aper.pt
4790,Revista Portuguesa de Medicina Geral e Familiar,http://www.rpmgf.pt/ojs/index.php/index/oai,ojs.www.rpmgf.pt
4791,Revista Principia - Divulgação Científica e  Tecnológica do IFPB,http://periodicos.ifpb.edu.br/index.php/principia/oai,ojs.ifpb.edu.br
4792,Revista Processus de Políticas Públicas e Desenvolvimento Social,http://periodicos.processus.com.br/index.php/ppds/oai,ojs2.periodicos.processus.com.br
4793,Revista Produção e Desenvolvimento - RPD,http://revistas.cefet-rj.br/index.php/producaoedesenvolvimento/oai,ojs.revista.cefet-rj.br
4794,Revista Publicando,https://revistapublicando.org/revista/index.php/crv/oai,ojs.rmlconsultores.com
4795,Revista Qualitas ,https://revistas.unibe.edu.ec/index.php/qualitas/oai,ojs2.unibe.edu.ec
4796,Revista Relegens Thréskeia,https://revistas.ufpr.br/relegens/oai,ojs.c3sl.ufpr.br
4797,Revista Respuestas,http://revistas.ufps.edu.co/ojs/index.php/respuestas/oai,ojs.vaie.ufps.edu.co
4798,Revista Sarance,https://revistasarance.ioaotavalo.com.ec/index.php/revistasarance/oai,revistasarance.ioaotavalo.com.ec
4799,REVISTA SARANCE,http://revistasarance.uotavalo.edu.ec/index.php/sarance37/oai,revistasarance.uotavalo.edu.ec
4800,Revista Scientific,http://www.indteca.com/ojs/index.php/Revista_Scientific/oai,ojs2.www.indteca.com
4801,Revista SEXTANTE,https://sextante-ensb.com/index.php/inicio/oai,ojs2.sextante-ensb.com
4802,Revista sobre la infancia y la adolescencia,http://polipapers.upv.es/index.php/reinad/oai,ojs.upv.es
4803,Revista Social Fronteriza,https://www.revistasocialfronteriza.com/ojs/index.php/rev/oai,ojs2.revistasocialfronteriza.com
4804,"Revista Tecnología, Ciencia y Educación",https://www.tecnologia-ciencia-educacion.com/index.php/TCE/oai,revistas.cef.udima.es
4805,Revista Tecnológica-Educativa Docentes 2.0,https://ojs.docentes20.com/index.php/revista-docentes20/oai,ojs2.ojs.docentes20.com
4806,Revista Temas,http://revistas.ustabuca.edu.co/index.php/TEMAS/oai,revistas.ustabuca.edu.co
4807,Revista Trabajo Social,http://aprendeenlinea.udea.edu.co/revistas/index.php/revistraso/oai,ojs.aprendeenlinea.udea.edu.co
4808,Revista UniAraguaia de Pós-Graduação,https://sipe.uniaraguaia.edu.br/index.php/revistauniaraguaiapos/oai,ojs.pkp.sfu.ca
4809,Revista UNIMAR,http://editorial.umariana.edu.co/revistas/index.php/unimar/oai,revistas.localhost
4810,Revista Universidad  Médica Pinareña,http://galeno.pri.sld.cu/index.php/galeno/oai,ojs.ojs2.pri.sld.cu
4811,Revista Universidad de Guayaquil,https://revistas.ug.edu.ec/index.php/rug/oai,ojs2.www.revistas.ug.edu.ec
4812,Revista Universitaria de Historia Militar,http://ruhm.es/index.php/RUHM/oai,ojs.ruhm.es
4813,Revista Universo Contábil,http://proxy.furb.br/ojs/index.php/universocontabil/oai,ojs.proxy.furb.br
4814,Revista Veredictum,https://veredictum.org/index.php/veredictum/oai,ojs2.veredictum.org
4815,Revista Virtual de la Sociedad Paraguaya de Medicina Interna,http://www.revista.spmi.org.py/index.php/index/oai,ojs.www.revista.spmi.org.py
4816,Revista vínculos,http://revistas.udistrital.edu.co/ojs/index.php/vinculos/oai,revistas.udistrital.edu.co
4817,Revista Ágora Filosófica,https://www1.unicap.br/ojs/index.php/agora/oai,ojs.revistas.unicap.br
4818,Revista Ánfora,http://publicaciones.autonoma.edu.co/index.php/index/oai,publicaciones.autonoma.edu.co
4819,Revista Órbita Pedagógica,http://revista.isced-hbo.ed.ao/rop/index.php/ROP/oai,ojs2.revista.isced-hbo.ed.ao
4820,Revistas CENALTES,http://revistas.cenaltes.cl/index.php/index/oai,ojs.revistas.cenaltes.cl
4821,Revistas Científicas,http://rcientificas.uninorte.edu.co/index.php/index/oai,rcientificas.uninorte.edu.co
4822,Revistas Científicas - Universidad Autónoma de Asunción,http://revistacientifica.uaa.edu.py/index.php/index/oai,ojs.ojs.uaa.edu.py
4823,Revistas Científicas Complutenses,http://revistas.ucm.es/index.php/oai/oai/,revistas.ucm.es
4824,Revistas Científicas Universidad Santo Tomás Seccional Tunja,http://revistas.ustatunja.edu.co/index.php/index/oai,revistas.ustatunja.edu.co
4825,Revistas Científicas Universidad Simón Bolívar,http://publicaciones.unisimonbolivar.edu.co/rdigital/ojs/index.php/index/oai,ojs.publicaciones.unisimonbolivar.edu.co
4826,Revistas Científicas Universidad Simón Bolívar,http://revistas.unisimon.edu.co/index.php/index/oai,ojs.revistas.unisimon.edu.co
4827,Revistas de investigación UNMSM,http://revistasinvestigacion.unmsm.edu.pe/index.php/index/oai,ojs.csi.unmsm
4828,Revistas de la Biblioteca Nacional de Colombia,http://www.bibliotecanacional.gov.co/revistas/index.php/index/oai,ojs.localhost
4829,Revistas Digitales - Universidad de Boyacá,http://revistasdigitales.uniboyaca.edu.co/index.php/index/oai,ojs.localhost
4830,Revistas Eletrônicas de Ciências da Comunicação - Coleção Revcom,http://revcom2.portcom.intercom.org.br/index.php/index/oai,ojs.portcom.intercom.org.br
4831,Revistas Eletrônicas UNITAU,http://www.ambi-agua.net/seer/index.php/index/oai,ojs.unitau
4832,Revistas Universidad de Manizales,http://revistasum.umanizales.edu.co/ojs/index.php/index/oai,ojs.revistasum.umanizales.edu.co
4833,Revistas Universidad del Bío-Bío,http://revistas.ubiobio.cl/index.php/index/oai,ojs.revistas.ubiobio.cl
4834,Revistas Universidad Pontificia Bolivariana,http://revistas.upb.edu.co/index.php/index/oai,revistas.upb.edu.co
4835,Revistas UTP,http://revistas.utp.edu.co/index.php/index/oai,ojs.utp.edu.co
4836,Revistas y Boletines - Banco de la República,https://publicaciones.banrepcultural.org/index.php/index/oai,publicaciones.banrepcultural.org
4837,Revistes Catalanes amb Accés Obert (RACO),http://www.raco.cat/index.php/index/oai/,raco.cat
4838,Revistes Científiques de la Universitat de Barcelona,http://revistes.ub.edu/index.php/index/oai,revistes.ub.edu
4839,Revolution and Romanticism,http://www.crcstudio.arts.ualberta.ca/streetprint/XML/oai/,""
4841,Revue Marocaine des Sciences Agronomiques et Vétérinaires,http://agrimaroc.org/index.php/Actes_IAVH2/oai,ojs.pkp.sfu.ca
4842,Revue Médicale Suisse,https://www.revmed.ch/oaipmh,""
4843,Revue Science Ouverte,http://florence.koumbit.net/ojs/index.php/stagesoha/oai,ojs.florence.koumbit.net
4844,Revues de l'université Constantine 1,http://revue.umc.edu.dz/index.php/index/oai,ojs.revue.umc.edu.dz
4845,Revues Scientifiques de l'université de Tlemcen,http://ojs.univ-tlemcen.dz/index.php/index/oai,ojs.ojs.univ-tlemcen.dz
4846,Rey Desnudo,http://reydesnudo.com.ar/rey-desnudo/oai,ojs.reydesnudo.com.ar
4847,Rey Desnudo,http://reydesnudo.com.ar/rey-desnudo/oai.,ojs.reydesnudo.com.ar
4848,RGC - Revista de Governança Corporativa,https://iberoamericancg.org/Journals/oai,ojs.iberoamericancg.org
4849,Rhodes eResearch Repository,http://eprints.ru.ac.za/perl/oai2,eprints.ru.ac.za
4850,Rhodes University - Hosted Journals,http://journal.ru.ac.za/index.php/index/oai,ojs.journal.ru.ac.za
4851,Rhythmos,http://rhythmos.info.tm/index.php/Rhythmos/oai,ojs.localhost
4852,Rhythmos,http://rhythmos.dyndns.org/index.php/Rhythmos/oai,ojs.rhythmos.dyndns.org
4853,Rhythmos,http://www.rhythmos.gr/index.php/Rhythmos/oai,ojs.rhythmos.gr
4854,RI UFPE,https://repositorio.ufpe.br/oai/request,repositorio.ufpe.br
4855,RIARTE,http://www.riarte.es/oai/request,www.riarte.es
4856,RIB Archive,http://earth.cs.utk.edu/OAI/test/oai.pl,earth.cs.utk.edu
4857,RIB Archive,http://rib.cs.utk.edu/OAI/test/oai.pl,rib.cs.utk.edu
4858,Riberdis - Repositorio IBERoamericano sobre DIScapacidad,http://riberdis.cedd.net/oai/request,""
4859,RIDAA Repositorio Institucional de Acceso Abierto de la Universidad Nacional de Quilmes,https://ridaa.unq.edu.ar/oai/request/,ridaa.unq.edu.ar
4860,RIEM. Revista internacional de estudios migratorios,http://ojs.ual.es/ojs/index.php/RIEM/oai,ojs.ual.es
4861,RIGGS: Journal of Artificial Intelligence and Digital Business,https://journal.ilmudata.co.id/index.php/RIGGS/oai,ojs2.journal.ilmudata.co.id
4862,Rijksdienst voor het Cultureel Erfgoed,http://cultureelerfgoed.adlibsoft.com/oaiapi/oai.ashx,""
4863,Rilce: Revista de Filología Hispánica,https://revistas.unav.edu/index.php/rilce/oai,revistas.unav.edu
4864,RILUNE Review of Literature of the European Union,http://www.rivisteclueb.it/riviste/index.php/rilune/oai,ojs.www.rivisteclueb.it
4865,RIMCIS - International and Multidisciplinary Journal of Social Sciences,http://hipatiapress.com/hpjournals/index.php/rimcis/oai,journals.hipatiapress.com
4866,Risda: Jurnal Pemikiran dan Pendidikan Islam,https://ejournal.staiarrosyid.ac.id/index.php/risda/oai,ojs2.ejournal.staiarrosyid.ac.id
4867,RISE - International Journal of Sociology of Education,http://hipatiapress.com/hpjournals/index.php/rise/oai,journals.hipatiapress.com
4868,Riset Akuntansi dan Portofolio Investasi,https://jurnal.ywnr.org/index.php/rapi/oai,ojs.pkp.sfu.ca
4869,Riset Manajemen & Akuntansi,http://ejurnal.stie-atmabhakti.ac.id/index.php/RMA/oai,ojs.ejurnal.stie-atmabhakti.ac.id
4870,RIUCV,https://riucv.ucv.es/oai/request,riucv.ucv.es
4871,RIUFLO,https://repositorio.uflo.edu.ar/server/oai/snrd,repositorio.uflo.edu.ar
4872,RIUnB,http://repositorio.bce.unb.br/oai/request,""
4873,RIUVic,http://repositori.uvic.cat/oai/request,dspace.uvic.cat
4874,Rivista Internazionale di Filosofia e Psicologia,http://www.rifp.it/ojs/index.php/rifp/oai,ojs.www.rifp.it
4875,Riviste Clueb,http://rivisteclueb.it/riviste/index.php/index/oai,ojs.www.rivisteclueb.it
4876,Riviste UNIMI,http://riviste.unimi.it/index.php/index/oai,ojs.riviste.unimi.it
4877,Rivoluzioni Molecolari,http://www.rivoluzionimolecolari.it/index.php/rivoluzionimolecolari/oai,ojs.www.rivoluzionimolecolari.it
4878,RMC Journal of Social Sciences and Humanities,https://journal.rnmconsultants.org/index.php/jssh/oai,ojs2.journal.rnmconsultants.org
4879,ROAM,http://roam.macewan.ca/oai2,roam.macewan.ca
4880,Roar Universitas Pancasakti Tegal,https://roar.upstegal.ac.id/index.php/oai,roar.upstegal.ac.id
4881,"ROAR, the University of East London repository",http://roar.uel.ac.uk/cgi/oai2,roar.uel.ac.uk
4882,Roca. Revista científico - educacional de la provincia Granma,http://revistas.udg.co.cu/index.php/roca/oai,new.revistas.udg.co.cu
4883,RocScholar,https://scholar.rochesterregional.org/do/oai/,scholar.rochesterregional.org
4884,Rocznik Filozoficzny Ignatianum,http://czasopisma.ignatianum.edu.pl/index.php/rfi/oai,czasopisma.ignatianum.edu.pl
4885,Rocznik Integracji Europejskiej,http://pressto.amu.edu.pl/index.php/rie/oai,ojs.pressto.amu.edu.pl
4886,Roderic,http://roderic.uv.es/oai/request,roderic.uv.es
4887,RODIN: Repositorio de Objetos de Docencia e Investigación de la Universidad de Cádiz,http://rodin.uca.es/oai/request,""
4888,Romanian Medical Reviews & Research,http://rmrr.ro/index.php/rmrr/oai,ojs.rmrr.ro
4889,RonPub (www.ronpub.com) OAI Repository,http://www.ronpub.com/oai/,ronpub.com
4890,Rose Repository Ibaraki,http://ir.lib.ibaraki.ac.jp/dspace-oai/request,""
4891,Rowan Digital Works,https://rdw.rowan.edu/do/oai/,rdw.rowan.edu
4892,Royal Holloway Scholarship Online,http://eprints.rhul.ac.uk/perl/oai2,RoyalHollowayScholarshipOnline.OAI2
4893,RS Global Publisher,https://rsglobal.pl/index.php/index/oai,ojs2.rsglobal.pl
4894,"RTIC - Revista de Tecnologias, Informação e Comunicação",https://revistas.ponteditora.org/index.php/rtic/oai,revistas.ponteditora.org
4895,RU-Económicas,http://ru.iiec.unam.mx/cgi/oai2,ru.iiec.unam.mx
4896,RUA,http://rua.ua.es:8080/dspace-oai/request,""
4897,Rubikon : Journal of Transnational American Studies,https://jurnal.ugm.ac.id/rubikon/oai,jurnal.ugm.ac.id
4898,RUC. Repositorio da Universidade da Coruña,http://ruc.udc.es/oai/request,ruc.udc.es
4899,RUC. Repositorio da Universidade da Coruña,https://ruc.udc.es/oai/request,ruc.udc.es
4900,"RUcore, Rutgers University Community Repository",https://rucore.libraries.rutgers.edu/api/oai-pmh/,example.org
4901,Rudarsko-geološko-naftni zbornik,http://hrcak.srce.hr/ojs/index.php/rgn/oai,hrcak.srce.hr
4902,RUDN University Open Repository (RUOR),https://repository.rudn.ru/oai2,""
4903,Ruhuna Journal of Science,http://rjs.ruh.ac.lk/index.php/rjs/oai,rjs.ruh.ac.lk
4904,Rule of Law Journal,https://ruleoflaw.lse.ac.uk/jms/index.php/up/oai/,ojs.ruleoflaw.lse.ac.uk
4905,"RUNA, archivo para las ciencias del hombre",http://revistascientificas.filo.uba.ar/index.php/runa/oai,ojs.revistascienificas.filo.uba.ar
4906,"Rural Landscapes: Society, Environment, History",https://www.rurallandscapesjournal.com/jms/index.php/up/oai/,ojs.rurallandscapesjournal.com
4907,Ryukoku University Institutional Repository,http://repo.lib.ryukoku.ac.jp/oai/request,""
4908,S O C R A T E S,http://www.socratesjournal.com/index.php/socrates/oai,ojs.socratesjournal.com
4909,S O C R A T E S,https://www.socratesjournal.com/index.php/socrates/oai,ojs.socratesjournal.com
4910,S O C R A T E S,https://www.socratesjournal.com/index.php/SOCRATES/oai,ojs2.socratesjournal.com
4911,s u b \ u r b a n. zeitschrift für kritische stadtforschung,http://zeitschrift-suburban.de/sys/index.php/suburban/oai,ojs.www.zeitschrift-suburban.de
4912,Sabanci University Research Database,http://research.sabanciuniv.edu/cgi/oai2,research.sabanciuniv.edu
4913,Saberes em Perspectiva,http://www.saberesemperspectiva.com.br/index.php/index/oai,ojs.www.saberesemperspectiva.com.br
4914,SaberULA Repositorio Institucional de la Universidad de Los Andes,http://www.saber.ula.ve/oai/request,www.saber.ula.ve
4915,SAFINA : Jurnal Pendidikan Agama Islam,http://journal.staimi-depok.ac.id/index.php/safina/oai,ojs.journal.staimi-depok.ac.id
4916,Sahafa Journal of Islamic Communication,https://ejournal.unida.gontor.ac.id/index.php/sahafa/oai,ojs.ejournal.unida.gontor.ac.id
4917,Sains dan Ekonomika,http://jurnal.primagraha.ac.id/index.php/sainsekonomika/oai,ojs2.jurnal.primagraha.ac.id
4918,Sains Manajemen,http://e-jurnal.lppmunsera.org/index.php/SM/oai,ojs.pkp.sfu.ca
4919,Sains Tanah - Journal of Soil Science and Agroclimatology,http://jurnal.fp.uns.ac.id/index.php/tanah/oai,ojs.jurnal.fp.uns.ac.id
4920,"SAINSMAT: Journal of Applied Sciences, Mathematics, and Its Education",http://jscimath.win/index.php/sainsmat/oai,ojs.jscimath.win
4921,Sainstek (e-Journal),https://ejournal.sttp-yds.ac.id/index.php/js/oai,ojs2.ejournal.sttp-yds.ac.id
4922,Saitama Prefectural University Repository,http://spu.repo.nii.ac.jp/oai,""
4923,Sakarya University of Applied Sciences Institutional Repository,http://acikerisim.subu.edu.tr/oai/request,acikerisim.subu.edu.tr
4924,Sakarya Üniversitesi,https://acikerisim.sakarya.edu.tr/oai/request,acikerisim.sakarya.edu.tr
4925,Salud Colectiva,http://revistas.unla.edu.ar/saludcolectiva/oai,revistas.unla.edu.ar
4926,"Salud, Ciencia y Tecnología",https://revista.saludcyt.ar/ojs/index.php/sct/oai,revista.saludcyt.ar
4927,SAM,http://sam.ensam.eu/oai/request,sam.ensam.eu
4928,SAMMAJIVA : Jurnal Penelitian Bisnis dan Manajemen,https://e-journal.nalanda.ac.id/index.php/SAMMAJIVA/oai,ojs2.e-journal.nalanda.ac.id
4929,Sammelpunkt. Elektronisch archivierte Theorie,http://sammelpunkt.philo.at/cgi/oai2,sammelpunkt.philo.at
4930,Sanglap: Journal of Literary and Cultural Inquiry,http://sanglap-journal.in/index.php/sanglap/oai,ojs.sanglap-journal.in.cp-in-6.webhostbox.net
4931,Sanitasi: Jurnal Kesehatan Lingkungan,http://journalsanitasi.keslingjogja.net/index.php/sanitasi/oai,ojs.journalsanitasi.keslingjogja.net
4932,Santa Clara Law Digital Commons,https://digitalcommons.law.scu.edu/do/oai/,digitalcommons.law.scu.edu
4933,Santa Clara University Library Digital Collections,http://content.scu.edu/cgi-bin/oai.exe,""
4934,Sapienza: International Journal of Interdisciplinary Studies,https://journals.sapienzaeditorial.com/index.php/SIJIS/oai,ojs2.journals.sapienzaeditorial.com
4935,Sarhad Journal of Management Sciences,http://journal.suit.edu.pk/index.php/sjms/oai,ojs.journal.suit.edu.pk
4936,SASI,https://fhukum.unpatti.ac.id/jurnal/sasi/oai,ojs.fhukum.unpatti.ac.id
4937,SATHIRI,https://revistasdigitales.upec.edu.ec/index.php/sathiri/oai,revistasdigitales.upec.edu.ec
4938,Savoirs partages,http://savoirspartages.get-telecom.fr/z_savoirs_partages_oai/oai2.php,""
4939,Sawala : Jurnal Administrasi Negara,http://e-jurnal.lppmunsera.org/index.php/Sawala/oai,ojs.pkp.sfu.ca
4940,Scandinavian Journal of Disability Research,https://www.sjdr.se/jms/index.php/up/oai/,ojs.sjdr.se
4941,Scandinavian Journal of Military Studies,https://sjms.nu/jms/index.php/up/oai/,ojs.sjms.ubiquitypress.com
4942,Scandinavian Journal of Work and Organizational Psychology,https://www.sjwop.com/jms/index.php/up/oai/,ojs.sjwop.com
4943,Scandinavistica Vilnensis,https://www.journals.vu.lt/scandinavistica/oai,ojs.www4063.vu.lt
4944,ScHOLAR - The Texas Tech University School of Law’s Institutional Repository,http://repository.law.ttu.edu/oai/request,repository.law.ttu.edu
4945,Scholar Commons,https://scholarcommons.usf.edu/do/oai/,scholarcommons.usf.edu
4946,Scholar Science Journals,https://ssjournals.com/index.php/index/oai,ojs.pkp.sfu.ca
4947,Scholar Works,https://scholarworks.umf.maine.edu/do/oai/,scholarworks.umf.maine.edu
4948,Scholar Works at Harding,https://scholarworks.harding.edu/do/oai/,scholarworks.harding.edu
4949,Scholar Works at UT Tyler,https://scholarworks.uttyler.edu/do/oai/,scholarworks.uttyler.edu
4950,Scholar: National School of Leadership,https://jconsortium.com/index.php/scholar/oai,ojs2.jconsortium.com
4951,ScholArchive: Pilot Repository Project,http://eprints.fcla.edu/perl/oai2,scholarchive.eprints.fcla.edu
4952,Scholarly and Creative Work from DePauw University,https://scholarship.depauw.edu/do/oai/,scholarship.depauw.edu
4953,Scholarly Assessment Reports,https://www.scholarlyassessmentreports.org/jms/index.php/up/oai/,ojs.www.scholarlyassessmentreports.org
4954,Scholarly Citation Index Analytics,http://hindex.org/oai/oai2.php,""
4955,Scholarly Commons,https://commons.erau.edu/do/oai/,commons.erau.edu
4956,Scholarly Commons,https://scholarship.law.gwu.edu/do/oai/,scholarship.law.gwu.edu
4957,Scholarly Commons @ Baptist Health South Florida,https://scholarlycommons.baptisthealth.net/do/oai/,scholarlycommons.baptisthealth.net
4958,Scholarly Commons @ FAMU Law,https://commons.law.famu.edu/do/oai/,commons.law.famu.edu
4959,Scholarly Commons @ IIT Chicago-Kent College of Law,https://scholarship.kentlaw.iit.edu/do/oai/,scholarship.kentlaw.iit.edu
4960,Scholarly Commons @ Ouachita,https://scholarlycommons.obu.edu/do/oai/,scholarlycommons.obu.edu
4961,Scholarly Commons at Boston University School of Law,https://scholarship.law.bu.edu/do/oai/,scholarship.law.bu.edu
4962,Scholars Archive,https://scholarsarchive.library.albany.edu/do/oai/,scholarsarchive.library.albany.edu
4963,Scholarship & Creative Works @ Digital UNC,https://digscholarship.unco.edu/do/oai/,digscholarship.unco.edu
4964,Scholarship at UWindsor,https://scholar.uwindsor.ca/do/oai/,scholar.uwindsor.ca
4965,Scholarship Repository,https://scholarship.law.umn.edu/do/oai/,scholarship.law.umn.edu
4966,Scholarship@PITT LAW,https://scholarship.law.pitt.edu/do/oai/,scholarship.law.pitt.edu
4967,Scholarship@Vanderbilt Law,https://scholarship.law.vanderbilt.edu/do/oai/,scholarship.law.vanderbilt.edu
4968,Scholarship@Western,https://ir.lib.uwo.ca/do/oai/,ir.lib.uwo.ca
4969,ScholarSpace at University of Hawaii at Manoa,http://evols.library.manoa.hawaii.edu/dspace-oai/request,""
4970,ScholarSpace at University of Hawaii at Manoa,http://scholarspace.manoa.hawaii.edu/dspace-oai/request,""
4971,ScholarWorks,https://scholarworks.waldenu.edu/do/oai/,scholarworks.waldenu.edu
4972,ScholarWorks @ Georgia State University,https://scholarworks.gsu.edu/do/oai/,scholarworks.gsu.edu
4973,ScholarWorks @ SeattleU,https://scholarworks.seattleu.edu/do/oai/,scholarworks.seattleu.edu
4974,ScholarWorks at University of Montana,https://scholarworks.umt.edu/do/oai/,scholarworks.umt.edu
4975,ScholarWorks@BGSU,https://scholarworks.bgsu.edu/do/oai/,scholarworks.bgsu.edu
4976,ScholarWorks@UARK,https://scholarworks.uark.edu/do/oai/,scholarworks.uark.edu
4977,ScholarWorks@University of Baltimore School of Law,https://scholarworks.law.ubalt.edu/do/oai/,scholarworks.law.ubalt.edu
4978,Scholedge International Journal of Business Policy & Governance ISSN 2394-3351,http://www.thescholedge.org/index.php/sijbpg/oai,schol-pub.org
4979,Scholedge International Journal of Management & Development ISSN 2394-3378,http://www.thescholedge.org/index.php/sijmd/oai,schol-pub.org
4980,Scholedge International Journal of Multidisciplinary & Allied Studies ISSN 2394-336X,http://www.thescholedge.org/index.php/sijmas/oai,schol-pub.org
4981,SCHOLEDGE R&D CENTER,http://thescholedge.org/index.php/index/oai,schol-pub.org
4982,School of Agronomy University of Uruguay Rep 1,http://biblioteca.fagro.edu.uy/cgi-bin/gateway/gateway.cgi/biblioteca.fagro.edu.uy/gateway/agro110.xml,""
4983,SCHOULID: Indonesian Journal of School Counseling,http://journal.konselor.or.id/index.php/schoulid/oai,ojs.pkp.sfu.ca
4984,Schulich Scholars,https://digitalcommons.schulichlaw.dal.ca/do/oai/,digitalcommons.schulichlaw.dal.ca
4985,Scicat Provider,https://doi.psi.ch/oaipmh/oai/,""
4986,"Science & Philosophy - Journal of Epistemology, Science and Philosophy",http://eiris.it/ojs/index.php/scienceandphilosophy/oai,ojs.eiris.it
4987,Science and Education,https://openscience.uz/index.php/sciedu/oai,ojs.openscience.uz
4988,Science Attic,http://science-attic.org/dp/oai2.php,science-attic.org
4989,Science des matériaux (Laboratoire LARHYSS),http://revues.univ-biskra.dz/index.php/sdm/oai,revues.univ-biskra.dz
4990,Science infirmière et pratiques en santé ,https://sips-snahp.ojs.umontreal.ca/index.php/sips-snahp/oai,ojs2.sips-snahp.ojs.umontreal.ca
4991,Science Mundi,https://sciencemundi.net/oai,index.ajernet.net
4992,Science Publications,http://thescipub.com/oai-pmh/oai.php,""
4993,"Science, Engineering and Technology",https://setjournal.com/SET/oai,ojs.setjournal.com
4994,SCIENCEDOMAIN international,http://www.journaljammr.com/index.php/index/oai,ojs2.journaljammr.com
4995,Sciences de l'homme et de la société,http://revues.univ-biskra.dz/index.php/fshs/oai,revues.univ-biskra.dz
4996,Scientia Agropecuaria,http://revistas.unitru.edu.pe/index.php/scientiaagrop/oai,ojs.revistas.unitru.edu.pe
4997,Scientia cum Industria,http://www.ucs.br/etc/revistas/index.php/scientiacumindustria/oai,vtriton52.ucs.br
4998,Scientia et Humanitas,http://libjournals.mtsu.edu/index.php/scientia/oai,ojs.libjournals.mtsu.edu
4999,Scientia Generalis,http://scientiageneralis.com.br/index.php/periodico/oai,ojs2.scientiageneralis.com.br
5000,Scientia Generalis,http://scientiageneralis.com.br/index.php/SG/oai,ojs2.scientiageneralis.com.br
5001,Scientia Marina,http://scientiamarina.revistas.csic.es/index.php/scientiamarina/oai,scientiamarina.revistas.csic.es
5002,Scientific Journal,https://journal.scientic.id/index.php/sciena/oai,ojs2.journal.scientic.id
5003,Scientific Journal of Astana IT University,http://ojs.astanait.edu.kz/index.php/sjaitu/oai,ojs.astanait.edu.kz
5004,Scientific Journals of University Amar Telidji - Laghouat,http://journals.lagh-univ.dz/index.php/index/oai,journals.lagh-univ.dz
5005,Scientific Letters,https://publicacoes.cespu.pt/index.php/sl/oai,publicacoes.cespu.pt
5006,"Scientific Network Journal ""Agrarian History""",http://agrarianhistory.com/archive/en/oai,""
5007,"Scientific Network Journal ""Bulletin Social-Economic and Humanitarian Research""",http://bulletensocial.com/archive/en/oai,""
5008,Scientific Paper Collections of Economic Cybernetics Institute,http://eccyb.org/index.php/index/oai,ojs.eccyb.org
5009,Scientific Publications of Lviv State University of Life Safety,https://books.ldubgd.edu.ua/index.php/m/oai,omp.books.ldubgd.edu.ua
5010,Scientific Repository,http://repository.petra.ac.id/cgi/oai2,repository.petra.ac.id
5011,Scindeks,http://oai.scindeks.ceon.rs/oai2.aspx,""
5012,sciopen of Journal of Advanced Ceramics,https://www.sciopen.com/oai_pmh/oai_pmh/joac/oai,Sciopen.JournalofAdvancedCeramics
5013,sciopen of Nano Research Energy,https://www.sciopen.com/oai_pmh/oai_pmh/nre/oai,Sciopen.NanoResearchEnergy
5014,Scire: representación y organización del conocimiento,http://ibersid.eu/ojs/index.php/scire/oai,ojs.ibersid.eu
5015,Scout Archives,http://scout.wisc.edu/archives/OAI,scout.wisc.edu
5016,Scriptura,http://puslit2.petra.ac.id/ejournal/index.php/iko/oai,puslit2.petra.ac.id
5017,SEAFDEC/AQD Institutional Repository (SAIR),http://repository.seafdec.org.ph/oai/request,""
5018,SEANOE,http://www.seanoe.org/oai/OAIHandler,seanoe.org
5019,Secularism and Nonreligion,https://secularismandnonreligion.org/jms/index.php/up/oai/,ojs.secularismandnonreligion.org
5020,SeDiCI - Universidad Nacional de La Plata,http://sedici.unlp.edu.ar/oai/request,""
5021,"SEE - Société de l'électricité, de l'électronique et des technologies de l'information et de la communication",https://www.see.asso.fr/oai,www.see.asso.fr
5022,Sefarad,http://sefarad.revistas.csic.es/index.php/sefarad/oai,sefarad.revistas.csic.es
5023,SEHATI: Jurnal Kesehatan,http://sehati.pelantarpress.co.id/index.php/Sehati/oai,sehati.pelantarpress.co.id
5024,Seinan Univ Repository,http://repository.seinan-gu.ac.jp/oai/request,""
5025,SEISA University Repository,http://seisa.repo.nii.ac.jp/oai,""
5026,SEISENSE Business Review,https://journal.seisense.com/sbr/oai,ojs2.journal.seisense.com
5027,SEISENSE Journal of Management,https://journal.seisense.com/index.php/jom/oai,ojs2.journal.seisense.com
5028,SEISENSE Journal of Management,https://journal.seisense.com/jom/oai,ojs2.journal.seisense.com
5029,Sekigen Akademi Dergileri,https://sekizgenacademy.com/journals/index.php/index/oai,ojs2.journals.sekizgenacademy.com
5030,Sekolah Dasar:Kajian Teori dan Praktik Pendidikan,http://journal2.um.ac.id/index.php/sd/oai,ojs.journal2.um.ac.id
5031,Sekolah Tinggi Theologia Jaffray,https://repository.sttjaffray.ac.id/oai,""
5032,Selcuk Universitesi Acik Erisim Sistemi,http://acikerisim.selcuk.edu.tr:8080/oai/request,acikerisim.selcuk.edu.tr
5033,Selcuk University Institutional Repository,http://acikerisim.selcuk.edu.tr/oai/request,acikerisim.selcuk.edu.tr
5034,Seminar Nasional Budaya Madura V dan Call for Papers,http://ocs.trunojoyo.ac.id/budayamadura/index/oai,ocs.trunojoyo.ac.id
5035,Semiotika,https://www.journals.vu.lt/Semiotika/oai,ojs.www4063.vu.lt
5036,Semiárida,https://cerac.unlpam.edu.ar/index.php/semiarida/oai,ojs.cerac.unlpam.edu.ar
5037,Senator H. John Heinz III Archives; Carnegie Mellon University,http://diva.library.cmu.edu/webapp/helios/oai2/OAIHandler,archive.library.cmu.edu
5038,Sentrinov,http://seminar.sentrinov.org/index.php/sentrinov/sentrinov2016/oai,ocs.seminar.sentrinov.org
5039,SEPAKAT,http://stipas.ac.id/ojs/index.php/SEPAKAT/oai,ojs.stipas.ac.id
5040,Serambi Tarbawi,http://ojs.serambimekkah.ac.id/tarbawi/oai,ojs.jurnal.serambimekkah.ac.id
5041,SERAMBI: Jurnal Ekonomi Manajemen dan Bisnis Islam,https://ejournal.imperiuminstitute.org/index.php/SERAMBI/oai,ojs2.ejournal.imperiuminstitute.org
5042,Serval Repository,http://serval.unil.ch/oaiprovider,""
5043,Serveur de Documents Science et Culture France-Japon,http://servdoc.jp.cnrs.fr/perl/oai2,Fr-Jp-servdoc.OAI2
5044,Serveur OAI du Conservatoire numérique,http://cnum.cnam.fr/oai/oai2.php,cnum.cnam.fr
5045,Serveur OAI Ifsttar Cadic Intégrale,http://www.madis-oai.ifsttar.fr/exl-php/oai/serveur/oai2.php,cadic-ifsttar-oai.fr
5046,SerWisS - Server für wissenschaftliche Schriften der Hochschule Hannover,http://serwiss.bib.hs-hannover.de/oai,serwiss.opus4
5047,Set Publisher,https://setpublisher.com/pms/index.php/index/oai,ojs.setpublisher.com
5048,Seurune : Jurnal Psikologi Unsyiah,http://jurnal.unsyiah.ac.id/seurune/oai,jurnal.unsyiah.ac.id
5049,Seurune : Jurnal Psikologi Unsyiah,http://www.jurnal.unsyiah.ac.id/seurune/oai,jurnal.unsyiah.ac.id
5050,SHARE Journal of Islamic Economics and Finance,http://jurnal.ar-raniry.ac.id/index.php/Share/oai,ojs.jurnal.ar-raniry.ac.id
5051,Shashi: the Journal of Japanese Business and Company History,http://shashi.pitt.edu/ojs/index.php/shashi/oai,ojs.shashi.pitt.edu
5052,Shiga Univ. of Medical Science Repository,http://repository.shiga-med.ac.jp/dspace-oai/request,""
5053,Shinshu University Institutional Repository,http://soar-ir.repo.nii.ac.jp/oai,""
5054,Ship Science & Technology,http://www.shipjournal.co/index.php/sst/oai,www.shipjournal.co
5055,Shizuoka University REpository,http://shizuoka.repo.nii.ac.jp/oai,""
5056,ShodhKosh: Journal of Visual and Performing Arts,https://www.granthaalayahpublication.org/Arts-Journal/ShodhKosh/oai,ojs2.www.granthaalayahpublication.org
5057,Showa University Academic Resource Repository,http://showa.repo.nii.ac.jp/oai,""
5058,SIAM International Journal,https://siamsite.com/index.php/siam/oai,ojs2.siamsite.com
5059,Siembra,http://revistadigital.uce.edu.ec/index.php/SIEMBRA/oai,revistadigital.uce.edu.ec
5060,Signifikan: Jurnal Ilmu Ekonomi,http://journal.uinjkt.ac.id/index.php/signifikan/oai,ojs.localhost
5061,Siirt University Institutional Repository,http://acikerisim.siirt.edu.tr/oai/request,acikerisim.siirt.edu.tr
5062,"Silampari Bisa: Jurnal Penelitian Pendidikan Bahasa Indonesia, Daerah, dan Asing",https://ojs.stkippgri-lubuklinggau.ac.id/index.php/SIBISA/oai,ojs2.ojs.stkippgri-lubuklinggau.ac.id
5063,Silesian University of Technology Digital Library,http://delibra.bg.polsl.pl/oai-pmh-repository.xml,delibra.bg.polsl.pl
5064,Silk Road: A Journal of Eurasian Development,https://silkroadjournal.online/jms/index.php/up/oai/,ojs.silkroadjournal.online
5065,Sillogés,http://historiasocialecomparada.org/revistas/index.php/silloges/oai,ojs.www.historiasocialecomparada.org
5066,SIMAK,http://ojs.feb.uajm.ac.id/index.php/simak/oai,ojs.feb.uajm.ac.id
5067,Simbiótica - ISSN: 2316-1620,http://periodicos.ufes.br/simbiotica/oai,ojs1.ufes.br
5068,Simple OAI 2.0 Data Provider,http://jarssh.com/oai_pmh/,""
5069,Simple OAI 2.0 Data Provider for Ediciones UBB,http://ediciones.ubiobio.cl/oai_pmh/,""
5070,Simplisia (Journal of Pharmaceutical & Biology),https://journal.jfpublisher.com/index.php/jpb/oai,ojs2.journal.jfpublisher.com
5071,Simpósio Gênero e Polí­ticas Públicas,http://anais.uel.br/portal/index.php/SGPP/oai,ojs.www.anais.uel.br
5072,Sinar Kasih: Jurnal Pendidikan Agama dan Filsafat,https://jurnal.sttarastamarngabang.ac.id/index.php/sinarkasih/oai,ojs2.jurnal.sttarastamarngabang.ac.id
5073,Sindh University Journals Online (SUJO),http://sujo.usindh.edu.pk/index.php/index/oai,ojs.sujo.usindh.edu.pk
5074,Sinergias Educativas,http://sinergiaseducativas.mx/index.php/revista/oai,ojs.pkp.sfu.ca
5075,Sinergias Educativas,https://sinergiaseducativas.mx/index.php/revista/oai,ojs.www.sinergiaseducativas.mx
5076,Sinkron : Jurnal dan Penelitian Teknik Informatika,https://jurnal.polgan.ac.id/index.php/sinkron/oai,ojs2.jurnal.polgan.ac.id
5077,Sinop University Institutional Repository,http://acikerisim.sinop.edu.tr/oai/request,acikerisim.sinop.edu.tr
5078,Sinteks : Jurnal Teknik,https://jurnal.stt.web.id/index.php/Teknik/oai,ojs2.jurnal.stt.web.id
5079,Sistem Komputer dan Teknologi Intelegensi Artifisial (SIKOMTIA),https://journal.fikom.site/sikomtia/index.php/research/oai,ojs.journal.fikom.site
5080,Sistema Eletrônico de Editoração de Revistas,http://www.repec.org.br/index.php/index/oai,ojs.repec.org.br
5081,Sistemas & Telemática,http://www.icesi.edu.co/revistas/index.php/sistemas_telematica/oai,ojs.icesi.edu.co
5082,SISTEMASI,http://sistemasi.ftik.unisi.ac.id/index.php/stmsi/oai,sistemasi.ftik.unisi.ac.id
5083,SITIO RELACES,http://www.relaces.com.ar/index.php/index/oai,ojs.www.relaces.com.ar
5084,SITUSTIKA FIKUNMA,https://ejournal.ftiunmabanten.ac.id/situstika-fikunma/oai,ojs.ejournal.ftiunmabanten.ac.id
5085,Sivas Cumhuriyet Universitesi,http://acikerisim.cumhuriyet.edu.tr/oai/request,acikerisim.cumhuriyet.edu.tr
5086,sj-economics scientific journal,http://ojs.wsa.edu.pl/index.php/sj-economics/oai,ojs2.ojs.wsa.edu.pl
5087,SkyhawksSOAR,https://soar.stonehill.edu/do/oai/,soar.stonehill.edu
5088,Slauga. Mokslas ir praktika,https://www.journals.vu.lt/slauga/oai,ojs.www4063.vu.lt
5089,SlavDok - Open-Access Repositorium für Slawistik,https://slavdok.slavistik-portal.de/servlets/OAIDataProvider,slavdok.slavistik-portal.de
5090,Slavistica Vilnensis,https://www.journals.vu.lt/slavistica-vilnensis/oai,ojs.www4063.vu.lt
5091,SLCN Repository,http://arch.slcn.ac.jp/dspace-oai/request,""
5092,Slovenian language resource repository CLARIN.SI,http://www.clarin.si/repository/oai/request,""
5093,Slověne = Словѣне. International Journal of Slavic Studies,http://slovene.ru/ojs/index.php/slovene/oai,ojs.localhost
5094,SLUB Dresden OAI Interface,http://digital.slub-dresden.de/oai/,""
5095,Small Business International Review,http://sbir.upct.es/index.php/sbir/oai,ojs.sbir.upct.es
5096,Small Business International Review,https://sbir.upct.es/index.php/sbir/oai,ojs.sbir.upct.es
5097,SMART MOVES JOURNAL IJELLH ,https://ijellh.com/OJS/index.php/OJS/oai,ojs2.www.ijellh.com
5098,SMART MOVES JOURNAL IJOSCIENCE,http://ijoscience.com/ojsscience/index.php/ojsscience/oai,ojs2.ijoscience.com
5099,SMBHC Thesis Repository,http://thesis.honors.olemiss.edu/cgi/oai2,thesis.honors.olemiss.edu
5100,Smith ScholarWorks,https://scholarworks.smith.edu/do/oai/,scholarworks.smith.edu
5101,SNHU Academic Archive,http://academicarchive.snhu.edu/oai/request,""
5102,SOAP2 - Shared Open Access Publishing Platform,https://ojs.soap2.ch/oai,ojs.soap2.ch
5103,SOAR @ USA,https://soar.usa.edu/do/oai/,soar.usa.edu
5104,SOAR at Wichita State University Libraries,http://soar.wichita.edu/dspace-oai/request,""
5105,SOAS Eprints,http://eprints.soas.ac.uk/perl/oai2,eprints.soas.ac.uk.OAI2
5106,Sobre México Temas de Economía,https://sobremexico-revista.ibero.mx/index.php/Revista_Sobre_Mexico/oai,sobremexico-revista.ibero.mx
5107,Social and Education History,http://hipatiapress.com/hpjournals/index.php/hse/oai,ojs.hipatiapress.com
5108,Social Inclusion,http://www.cogitatiopress.com/ojs/index.php/socialinclusion/oai,ojs.cogitatiopress.com
5109,Social Science Journal for Advanced Research,https://ssjar.singhpublication.com/index.php/ojs/oai,oai.ssjar.singhpublication.com
5110,Social Science Journal for Advanced Research,https://www.ssjar.org/index.php/ojs/oai,ojs2.www.ssjar.org
5111,Social Transformations: Journal of the Global South,http://journals.ateneo.edu/ojs/index.php/ST/oai,ojs.journals.ateneo.edu
5112,Social welfare : interdisciplinary approach,https://www.journals.vu.lt/social-welfare/oai,ojs.www4063.vu.lt
5113,Socialiniai tyrimai,https://www.journals.vu.lt/social-research/oai,ojs.www4063.vu.lt
5114,"Socialinė teorija, empirija, politika ir praktika",https://www.journals.vu.lt/STEPP/oai,ojs.www4063.vu.lt
5115,Socialis Series in Social Science,https://socialisjournal.org/index.php/socialis/oai,ojs2.socialisjournal.org
5116,Sociedades Precapitalistas,http://sociedadesprecapitalistas.fahce.unlp.edu.ar/index.php/SPC/oai,ojs.revistas.fahce.unlp.edu.ar
5117,Society,https://society.fisip.ubb.ac.id/index.php/society/oai,ojs.site.society.fisip.ubb.ac.id
5118,Society & Sustainability,https://riiopenjournals.com/index.php/society_sustainability/oai,ojs2.riiopenjournals.com
5119,SOCIETY. INTEGRATION. EDUCATION. Proceedings of the International Scientific Conference,http://journals.rta.lv/index.php/SIE/oai,journals.ru.lv
5120,SocioFakt Open Access,http://nainfo.nbs.bg.ac.yu/sfoa/oa/oai2.php,""
5121,Sociologias Plurais,https://revistas.ufpr.br/sclplr/oai,ojs.c3sl.ufpr.br
5122,Sociologija. Mintis ir veiksmas,https://www.journals.vu.lt/sociologija-mintis-ir-veiksmas/oai,ojs.www4063.vu.lt
5123,Sojo University Repository,http://sojo-u.repo.nii.ac.jp/oai,""
5124,Sophia,http://revistas.ugca.edu.co/index.php/sophia/oai,ojs.localhost
5125,SORER,https://sorer.somaliren.org.so/oai2d,""
5126,SOSIO DIDAKTIKA: Social Science Education Journal,http://journal.uinjkt.ac.id/index.php/SOSIO-FITK/oai,ojs.localhost
5127,Sosio Konsepsia,https://ejournal.kemsos.go.id/index.php/SosioKonsepsia/oai,ojs.localhost
5128,Sosio Konsepsia: Jurnal Penelitian dan Pengembangan Kesejahteraan Sosial,https://ejournal.kemensos.go.id/index.php/SosioKonsepsia/oai,ejournal.kemensos.go.id
5129,"Sostenibilidad, Tecnología y Humanismo",http://revistas.unitecnar.edu.co/index.php/sth/oai,ojs2.cictar.unitecnar.edu.co
5130,"SOURCE: Sheridan Scholarly Output, Research, and Creative Excellence",https://source.sheridancollege.ca/do/oai/,source.sheridancollege.ca
5131,South African Journal of Sports Medicine,http://journals.assaf.org.za/index.php/sajsm/oai,journals.assaf.org.za
5132,South East Asia Journal of Medical Sciences,http://littlebaypublishers.com/index.php/seajournalms/oai,ojs.littlebaypublishers.com
5133,South East Asia Journal of Medical Sciences,https://www.littlebaypublishers.com/index.php/seajournalms/oai,ojs.littlebaypublishers.com
5134,South East Asia Journal of Medical Sciences,http://seajournalms.com/index.php/home/oai,ojs.www.seajournalms.com
5135,South East Asia Journal of Medical Sciences,https://littlebaypublishers.com/index.php/seajournalms/oai,ojs2.littlebaypublishers.com
5136,South East European Journal of Cardiology,https://www.id-press.eu/seejca/oai,ojs.pkp.sfu.ca
5137,South East European Journal of Human Genetics,http://www.id-press.eu/seejhg/oai,ojs.id-press.eu
5138,SPARK,https://spark.siue.edu/do/oai/,spark.siue.edu
5139,SPC Coastal and Oceanic Fisheries Digital Library,http://www.spc.int/DigitalLibrary/OAI,""
5140,SPC Digital Library,http://www.spc.int/DigitalLibrary/SPC/OAI,""
5141,Specialusis ugdymas / Special education,https://www.journals.vu.lt/special-education/oai,ojs.www4063.vu.lt
5142,SPECTA Journal of Technology,https://journal.itk.ac.id/index.php/sjt/oai,ojs2.spectajournal.web.id
5143,Spectrum: Concordia University Research Repository,http://spectrum.library.concordia.ca/cgi/oai2,spectrum.library.concordia.ca
5144,"Speech and Language Data Repository (SLDR, formerly CRDO-Aix)",http://crdo.up.univ-aix.fr/oai-pmh.php,sldr.org
5145,"Speech and Language Data Repository (SLDR, formerly CRDO-Aix)",http://sldr.org/oai-pmh.php,sldr.org
5146,SPEKTA (Jurnal Pengabdian Kepada Masyarakat : Teknologi dan Aplikasi),http://journal2.uad.ac.id/index.php/spekta/oai,ojs.www.journal2.uad.ac.id
5147,Sphatika: Jurnal Teologi,http://ejournal.ihdn.ac.id/index.php/Sphatika/oai,ojs.jurnalku.ihdn.ac.id
5148,SPIRE - Sciences Po Institutional REpository,http://spire.sciencespo.fr/dissemination/oaipmh2-no-prefix-publications.xml,""
5149,SPOOL,http://spool.ac/index.php/spool/oai,spool.ac
5150,Springshare Libguides V2 OAI Repository,http://oai.libguides.com/4igj44za.oai,""
5151,Spunti e Richerche,http://www.plenumpublishing.com.au/index.php/spunti/oai,plenumpublishing.com.au
5152,Srawung (Journal Of Social Sciences And Humanites),https://journal.jfpublisher.com/index.php/jssh/oai,ojs2.journal.jfpublisher.com
5153,SSOAR - Social Science Open Access Repository,http://www.ssoar.info/OAIHandler/request,www.ssoar.info
5154,St. John's Law Scholarship Repository,https://scholarship.law.stjohns.edu/do/oai/,scholarship.law.stjohns.edu
5155,Stability: International Journal of Security and Development,https://www.stabilityjournal.org/jms/index.php/up/oai/,ojs.stabilityjournal.org
5156,Stannum : Jurnal Sains dan Terapan Kimia,https://journal.ubb.ac.id/index.php/stannum/oai,ojs2.journal.ubb.ac.id
5157,STARS,http://stars.library.ucf.edu/do/oai/,stars.library.ucf.edu
5158,"Statistics, Optimization & Information Computing",http://www.iapress.org/index.php/soic/oai,ojs.www.iapress.org
5159,Stellenbosch University SUNScholar,http://scholar.sun.ac.za/oai/request,""
5160,STIEKEN Blitar Repository,http://repository.stieken.ac.id/cgi/oai2,repository.stieken.ac.id
5161,STIKes CHMK Journal,http://cyber-chmk.net/ojs/index.php/index/oai,ojs3.cyber-chmk.net
5162,Stoa' eprints,http://eprints.stoa.it/cgi/oai2,eprints.stoa.it
5163,stoa.it,http://eprints.stoa.it/perl/oai2,eprints.stoa.it
5164,STORRE,http://dspace.stir.ac.uk/oai/request,""
5165,Strategic Management Business Journal,http://strategicmanagementbusinessjournal.com/index.php/SMBJ/oai,ojs.strategicmanagementbusinessjournal.com
5166,Strategic Management Business Journal,http://www.strategicmanagementbusinessjournal.com/index.php/index/oai,ojs.strategicmanagementbusinessjournal.com
5167,Strategic Management Business Journal,https://journal.smbjupmi.com/index.php/smbj/oai,ojs2.journal.smbjupmi.com
5168,Stritch Shares,https://digitalcommons.stritch.edu/do/oai/,digitalcommons.stritch.edu
5169,Studi di glottodidattica,https://ojs.cimedoc.uniba.it/index.php/glottodidattica/oai,ojs.ojs.cimedoc.uniba.it
5170,Studi Multidisipliner : Jurnal Kajian Keislaman,http://e-journal.perpustakaanstainpsp.net/index.php/SMD/oai,ojs.e-journal.perpustakaanstainpsp.net
5171,Studia Biologica,http://publications.lnu.edu.ua/journals/index.php/biology/oai,ojs.publications.lnu.edu.ua
5172,Studia Humaniora Tartuensia,http://sht.ut.ee/index.php/sht/oai,ojs.sht.ut.ee
5173,Studia Informatica,http://studiainformatica.polsl.pl/index.php/SI/oai,studia.informatica
5174,STUDIA ISLAMIKA,http://journal.uinjkt.ac.id/index.php/studia-islamika/oai,ojs.localhost
5175,Studia Komunika: Jurnal Ilmu Komunikasi,https://ojs.stisipolp12.ac.id/index.php/jik/oai,ojs.stisipolp12.ac.id
5176,Studia Romanica Posnaniensia,http://pressto.amu.edu.pl/index.php/srp/oai,ojs.pressto.amu.edu.pl
5177,Studia theodisca,http://riviste.unimi.it/index.php/StudiaTheodisca/oai,ojs.riviste.unimi.it
5178,Studia Ukrainica Posnaniensia,http://pressto.amu.edu.pl/index.php/sup/oai,ojs.pressto.amu.edu.pl
5179,Studia z Polityki Publicznej ,https://econjournals.sgh.waw.pl/KSzPP/oai,ojs2.econjournals.sgh.waw.pl
5180,STUDIES AND SCIENTIFIC RESEARCHES. ECONOMICS EDITION,http://sceco.ub.ro/index.php/SCECO/oai,ojs.sceco.ub.ro
5181,"Studies in Philosophy, Politics and Economics",https://sppe.lse.ac.uk/jms/index.php/up/oai/,ojs.sppe.lse.ac.uk
5182,Studies in the Maternal,https://www.mamsie.bbk.ac.uk/jms/index.php/up/oai/,ojs.www.mamsie.bbk.ac.uk
5183,Study and Scrutiny: Research on Young Adult Literature,https://journals.shareok.org/studyandscrutiny/oai,journals.shareok.org
5184,SUAR BETANG,http://suarbetang.kemdikbud.go.id/jurnal/index.php/BETANG/oai,ojs.pkp.sfu.ca
5185,Substantia,http://substantiajurnal.org/index.php/subs/oai,ojs.www.substantiajurnal.org
5186,SUCRA,http://sucra.saitama-u.ac.jp/modules/xoonips/oai.php,""
5187,Sudamérica : Revista de Ciencias Sociales,http://fh.mdp.edu.ar/revistas/index.php/sudamerica/oai,ojs.fh.mdp.edu.ar
5188,Sudarshan Publications,http://s-epub.in/ojs/index.php/index/oai,ojs.thepharmaresearch.info
5189,Sugar Industry Collection,http://www.sugarresearch.library.qut.edu.au/perl/oai2,www.sugarresearch.library.qut.edu.au
5190,Sugiyama Jogakuen University Academic Repository,http://lib.sugiyama-u.repo.nii.ac.jp/oai,""
5191,SUJANA (Education and Learning Review),https://journal.jfpublisher.com/index.php/sujana/oai,ojs2.journal.jfpublisher.com
5192,Sulthan Thaha Journal of Social and Political Studies,http://e-journal.lp2m.uinjambi.ac.id/ojp/index.php/STJSPS/oai,e-journal.lp2m.uinjambi.ac.id
5193,Suluh: Jurnal Bimbingan dan Konseling,http://journal.umpalangkaraya.ac.id/index.php/suluh/oai,journal.umpalangkaraya.ac.id
5194,"SULUK: Jurnal Bahasa, Sastra, dan Budaya",http://jurnalfahum.uinsby.ac.id/index.php/Suluk/oai,ojs3.jurnalfahum.uinsby.ac.id
5195,Supremasi Hukum: Jurnal Penelitian Hukum,https://ejournal.unib.ac.id/index.php/supremasihukum/oai,ojs.localhost
5196,SURE,http://sure.sunderland.ac.uk/cgi/oai2,sure.sunderland.ac.uk
5197,SURE: Shizuoka University REpository,http://ir.lib.shizuoka.ac.jp/dspace-oai/request,""
5198,Surgical Update: International Journal of Surgery and Orthopedics,https://surgical.medresearch.in/index.php/ijoso/oai,oai.surgical.medresearch.in
5199,Sustinere: Journal of Environment and Sustainability,https://sustinerejes.com/index.php/a/oai,sustinerejes.com
5200,Sutha Science and Technology Journal,http://jurnal.fst.uinjambi.ac.id/index.php/sstj/oai,ojs2.jurnal.fst.uinjambi.ac.id
5201,Swedish National Data Service (SND),https://snd.gu.se/oai-pmh,""
5202,SWORD - South West Open Research Deposit,https://sword.cit.ie/do/oai/,sword.cit.ie
5203,SWU eJournals System,http://ejournals.swu.ac.th/index.php/index/oai,ojs.ejournals.swu.ac.th
5204,Syiah Kuala Law Journal (SKLJ),http://jurnal.unsyiah.ac.id/SKLJ/oai,jurnal.unsyiah.ac.id
5205,Symbolae Philologorum Posnaniensium Graecae et Latinae,http://pressto.amu.edu.pl/index.php/sppgl/oai,ojs.pressto.amu.edu.pl
5206,Symmetry: Pasundan Journal of Research in Mathematics Learning and Education,http://journal.unpas.ac.id/index.php/symmetry/oai,ojs.journal.unpas.ac.id
5207,Symposia: The Journal of the Department for the Study of Religion University of Toronto,http://symposia.library.utoronto.ca/index.php/symposia/oai,jps.library.utoronto.ca
5208,SYNERGY: Jurnal Bisnis dan Manajemen,http://synergy.pelantarpress.co.id/index.php/synergy/oai,synergy.pelantarpress.co.id
5209,System for e-Reviews @ University Of Naples,http://www.sib06.unina.it/index.php/index/oai/,sib06.unina.it
5210,SYSTEMATICS,https://journal.unsika.ac.id/index.php/systematics/oai,ojs.journal.unsika.ac.id
5211,Systementwicklung,http://systementwicklung-archiv.bibliothek.informatik.uni-koeln.de/perl/oai2,systementwicklung-archiv.bibliothek.informatik.uni-koeln.de
5212,Systèmes d'Information et Management,http://www.revuesim.org/sim/oai,ojs.revusim.org
5213,SZTAKI Publication Repository,http://eprints.sztaki.hu/cgi/oai2,eprints.sztaki.hu
5214,Séneca,https://repositorio.uniandes.edu.co/oai/request,repositorio.uniandes.edu.co
5215,Süleyman Demirel Üniversitesi Elektronik Dergi Sistemi,http://edergi.sdu.edu.tr/index.php/index/oai,ojs.edergi.sdu.edu.tr
5216,T.Ã. Akademik AÃ§Ä±k EriÅim Sistemi,http://dspace.trakya.edu.tr:8080/oai/request,""
5217,Ta'allum: Jurnal Pendidikan Islam,http://ejournal.iain-tulungagung.ac.id/index.php/taalum/oai,ojs.localhost
5218,Ta'dibia: Jurnal Ilmiah Pendidikan Agama Islam,http://jurnal.stitradenwijaya.ac.id/index.php/tdb/oai,ojs2.jurnal.stitradenwijaya.ac.id
5219,Tadayun: Jurnal Hukum Ekonomi Syariah,http://tadayun.org/index.php/tadayun/oai,ojs2.tadayun.org
5220,TADBIR MUWAHHID,http://ojs.unida.ac.id/index.php/JTM/oai,ejournal.unida.ac.id
5221,Tafaqquh: Jurnal Penelitian Dan Kajian Keislaman,http://jurnal.iaibafa.ac.id/index.php/tafaqquh/oai,ojs2.jurnal.iaibafa.ac.id
5222,Tahqiq - Research Journal of Urdu Language & Literature,http://sujo.usindh.edu.pk/index.php/TAHQIQ/oai,ojs.sujo.usindh.edu.pk
5223,Taikomoji kalbotyra,https://www.journals.vu.lt/taikomojikalbotyra/oai,ojs.www4063.vu.lt
5224,Takasu database,http://www.globalfinder.net/infolib/oai_repository/repository,infocom.co.jp
5225,Tamagawa University Repository,http://libds.tamagawa.ac.jp/dspace-oai/request,""
5226,Tanzil : Jurnal Studi Al-Qur'an,http://journal.sadra.ac.id/index.php/tanzil/oai,ojs.journal.sadra.ac.id
5227,Tanzil: Jurnal Studi Al-Quran,https://journal.sadra.ac.id/ojs/index.php/tanzil/oai,ojs2.journal.sadra.ac.id
5228,TAO TRUST Repository,http://tao.truststc.org/zoai,""
5229,TAQNIN: Jurnal Syariah dan Hukum,http://jurnal.uinsu.ac.id/index.php/taqnin/oai,jurnal.uinsu.ac.id
5230,Tarbawi: Jurnal Keilmuan Manajemen Pendidikan,http://jurnal.uinbanten.ac.id/index.php/tarbawi/oai,ojs2.jurnal.uinbanten.ac.id
5231,Tarbawi: Jurnal Keilmuan Manajemen Pendidikan,https://jurnal.uinbanten.ac.id/index.php/tarbawi/oai,ojs2.jurnal.uinbanten.ac.id
5232,TARBIYA: Journal of Education in Muslim Society,http://journal.uinjkt.ac.id/index.php/tarbiya/oai,ojs.localhost
5233,Tarbiyatuna : Kajian Pendidikan Islam,http://ejournal.iaiibrahimy.ac.id/index.php/tarbiyatuna/oai,ojs2.ejournal.iaiibrahimy.ac.id
5234,Tarjih: Jurnal Tarjih dan Pengembangan Pemikiran Islam,https://jurnal.tarjih.or.id/index.php/tarjih/oai,ojs.jurnaltarjih.or.id
5235,TARO (Texas Archival Resources Online),https://txarchives.org/oai/,txarchives.org
5236,Tarsus University Institutional Repository,http://acikerisim.tarsus.edu.tr/oai/request,acikerisim.tarsus.edu.tr
5237,tasarım + kuram dergisi,http://tasarimkuram.msgsu.edu.tr/index.php/tasarimkuram/oai,ojs.ojs.msgsu.edu.tr
5238,Tatar Pasundan : Jurnal Diklat Keagamaan,https://bdkbandung.kemenag.go.id/tatarpasundan/jurnal/index.php/tp/oai,tatarpasundan.bdkbandung.kemenag.go.id
5239,TATOHI: Jurnal Ilmu Hukum,https://fhukum.unpatti.ac.id/jurnal/tatohi/oai,ojs.fhukum.unpatti.ac.id
5240,Tautosakos darbai,https://www.journals.vu.lt/td/oai,ojs.www4063.vu.lt
5241,TAZKIR: Jurnal Penelitian Ilmu-ilmu Sosial dan Keislaman,http://jurnal.iain-padangsidimpuan.ac.id/index.php/TZ/oai,jurnal.iain-padangsidimpuan.ac.id
5242,TCU Electronic Thesis and Dissertation Archive,http://etd.tcu.edu/ETD-db/NDLTD-OAI/OAI.pl,etd.tcu.edu
5243,TDX/TDR,http://www.tdx.cat/oai/request,""
5244,Teachinghistory.org,http://teachinghistory.org/oai2,teachinghistory.org
5245,TEAV Açık Erişim Sistemi,http://teav.ankara.edu.tr/services_oai2/,""
5246,Tebeosfera,https://www.tebeosfera.com/oai/,tebeosfera.com
5247,Technische Fachhochschule Wildau,https://opus4.kobv.de/opus4-th-wildau/oai,kobv.de-opus4-th-wildau
5248,Technium Social Sciences Journal,https://techniumscience.com/index.php/socialsciences/oai,ojs2.techniumscience.com
5249,Techno Dynamic,http://jurnal.unmuhjember.ac.id/index.php/tech-d/oai,ojs.localhost
5250,Technologica,https://journals.gesociety.org/index.php/technologica/oai,ojs2.journals.gesociety.org
5251,Technologies for Lightweight Structures (TLS),https://www.lightweight-structures.de/oai,ojs.www.bibliothek.tu-chemnitz.de
5252,Technomedia Journal,http://ijc.ilearning.co/index.php/TMJ/oai,ojs.journal.ilearning.co
5253,TECHSI,http://ejurnal.tif.unimal.ac.id/index.php/ejournal/oai,ojs.tif.unimal.ac.id
5254,TECNALIA Publications,http://dsp.tecnalia.com/oai/request,dsp.tecnalia.com
5255,"TED: Tecné, Episteme y Didaxis",http://revistas.pedagogica.edu.co/index.php/TED/oai,pedagogica.edu.co-REVISTAS-UPN-CO
5256,TEFLIN Journal,http://journal.teflin.org/index.php/journal/oai,teflin.ejournal.web.id
5257,Teisė,https://www.journals.vu.lt/teise/oai,ojs.www4063.vu.lt
5258,"Teka Komisji Architektury, Urbanistyki i Studiów Krajobrazowych",https://ph.pollub.pl/index.php/teka/oai,ojs2.ph.pollub.pl
5259,Tekhnê,http://revistas.udistrital.edu.co/ojs/index.php/tekhne/oai,revistas.udistrital.edu.co
5260,Teknika,http://ejournal.ikado.ac.id/index.php/teknika/oai,ojs.ejournal.ikado.ac.id
5261,Teknika : Engineering and Sains Journal,https://e-journal.umaha.ac.id/index.php/teknika/oai,ojs.e-journal.umaha.ac.id
5262,TEKNIMEDIA: Teknologi Informasi dan Multimedia,https://jurnal.stmiksznw.ac.id/index.php/teknimedia/oai,ojs2.jurnal.stmiksznw.ac.id
5263,TEKNO : Jurnal Penelitian Teknologi dan Peradilan,https://jurnal.pn-balebandung.go.id/index.php/tekno/oai,ojs2.jurnal.pn-balebandung.go.id
5264,TEKNO : Jurnal Teknologi Elektro dan Kejuruan,http://journal2.um.ac.id/index.php/tekno/oai,ojs.journal2.um.ac.id
5265,Teknodika,https://jurnal.uns.ac.id/Teknodika/oai,jurnal.uns.ac.id
5266,Teknokultura. Revista de Cultura Digital y Movimientos Sociales,http://teknokultura.net/index.php/tk/oai,teknokultura.net
5267,"TeLearn, an international Open Archive in Technology Enhanced Learning.",http://www.telearn.org/open-archive/oai,""
5268,TELL-US JOURNAL,https://ejournal.upgrisba.ac.id/index.php/tell-us/oai,ojs.ejournal.stkip-pgri-sumbar.ac.id
5269,Temaria: revistas digitales de biblioteconomía y documentación,http://temaria.net/metadatos.php,temaria.net
5270,Temas de Arquitectura,http://revistas.ustatunja.edu.co/index.php/tarquitectura/oai,revistas.ustatunja.edu.co
5271,"TEMATIKA, Journal of Informatics and Information Systems",https://tematika.uajm.ac.id/index.php/tematika/oai,ojs.tematika.uajm.ac.id
5272,Tempo Digital,https://periodicos.ufba.br/index.php/tempodigital/oai,ojs.periodicos.ufba.br
5273,TEMPUS Revista en Historia General,http://aprendeenlinea.udea.edu.co/revistas/index.php/tempus/oai,ojs.aprendeenlinea.udea.edu.co
5274,Teosofi: Jurnal Tasawuf dan Pemikiran Islam,http://teosofi.uinsby.ac.id/index.php/teosofi/oai,ojs.teosofi.uinsby.ac.id
5275,TERAPUTIK: Jurnal Bimbingan dan Konseling,https://ejournal-bk.unindra.ac.id/index.php/teraputik/oai,ojs.localhost
5276,Teras Jurnal,http://teras.unimal.ac.id/index.php/teras/oai,teras.unimal.ac.id
5277,Terkko Document Space,http://otto.terkko.helsinki.fi:8080/dspace-oai/request,""
5278,Test Install,http://repository2.poltekeskupang.ac.id/cgi/oai2,repository2.poltekeskupang.ac.id
5279,Test Repository,http://moose.myftp.biz/cgi/oai2,generic.eprints.org
5280,Test Repository,http://repository.upstegal.ac.id/cgi/oai2,repository.upstegal.ac.id
5281,Tethys RDR,https://www.tethys.at/oai,tethys.at
5282,Tetkik,https://tetkik.okuokut.org/tetkik/oai,ojs2.tetkik.okuokut.org
5283,"TEUKEN BIDIKAY. Revista Latinoamericana de Investigación en Organizaciones, Ambiente y Sociedad.",https://revistas.elpoli.edu.co/index.php/teu/oai,ojs.elpoli.edu.co
5284,Texas A&M Law Scholarship,https://scholarship.law.tamu.edu/do/oai/,scholarship.law.tamu.edu
5285,Texas Data Repository Dataverse Dataverse OAI Archive,https://dataverse.tdl.org/oai,""
5286,Texas Water Journal,http://twj-ojs-tdl.tdl.org/twj/index.php/twj/oai,twj-ojs-tdl.tdl.org
5287,Texas Water Journal,https://journals.tdl.org/twj/index.php/twj/oai,twj-ojs-tdl.tdl.org
5288,Texere,http://ojstexere.stttekstil.ac.id/index.php/texere/oai,ojs2.ojstexere.stttekstil.ac.id
5289,TextGrid Repository,https://textgridlab.org/1.0/tgoaipmh/oai,""
5290,Textos en Proceso,http://oa.edice.org/index.php/tep/oai,tep.oa.edice.org
5291,Textos y Contextos desde el sur,http://www.revistas.unp.edu.ar/index.php/textosycontextos/oai,ojs.pkp.sfu.ca
5292,Thai Agricultural Research Repository,http://anchan.lib.ku.ac.th/agnet-oai/request,""
5293,The Academic Research Community publication,http://press.ierek.com/index.php/ARChive/oai,ojs.www.ierek.com
5294,"The Achievers Journal: Journal of English Language, Literature and Culture",http://theachieversjournal.org/index.php/taj/oai,ojs.theachieversjournal.com
5295,The African journal of monitoring and evaluation,https://afrijme.org/index.php/journal/oai,ojs2.afrijme.org
5296,The All Ireland Public Health Repository - The Health Well,http://repository.thehealthwell.info/oai,""
5297,The Aquila Digital Community,https://aquila.usm.edu/do/oai/,aquila.usm.edu
5298,The Authentic Knowledge: African Journal of Pure and Applied Sceince Research,https://serek.or.ke/conferencejournals/index.php/AJPASR/oai,journal.serek.or.ke
5299,The Carl Beck Papers in Russian and East European Studies,http://carlbeckpapers.pitt.edu/ojs/index.php/cbp/oai,ojs.carlbeckpapers.pitt.edu
5300,The College of Physicians of Philadelphia Digital Library,http://www.cppdigitallibrary.org/oai-pmh-repository/request,oai.cppdigitallibrary.org
5301,The Comics Grid: Journal of Comics Scholarship,https://www.comicsgrid.com/jms/index.php/up/oai/,ojs.comicsgrid.com
5302,The Cradle of Knowledge: African Journal of Educational and Social Science Research,https://serek.or.ke/conferencejournals/index.php/AJESSR/oai,journal.serek.or.ke
5303,The Creative Launcher,https://www.thecreativelauncher.com/index.php/tcl/oai,ojs2.www.thecreativelauncher.com
5304,The Cupola: Scholarship at Gettysburg College,https://cupola.gettysburg.edu/do/oai/,cupola.gettysburg.edu
5305,The Digital Library of the University of Lodz ,http://bcul.lib.uni.lodz.pl/dlibra/oai-pmh-repository.xml,bcul.lib.uni.lodz.pl
5306,The Dossier by IndraStra,https://ojs.indrastra.com/index.php/dossier/oai,ojs2.ojs.indrastra.com
5307,The Entertainment and Sports Law Journal,https://www.entsportslawjournal.com/jms/index.php/up/oai/,ojs.www.entsportslawjournal.com
5308,The EuroCALL Review,https://polipapers.upv.es/index.php/eurocall/oai,ojs.upv.es
5309,The European Journal of Psychology Applied to Legal Context,https://journals.copmadrid.org/ejpalc/oai,journals.copmadrid.org
5310,The Gateway to Oklahoma History,http://gateway.okhistory.org/oai/,""
5311,The Government - Annual Research Journal of Political Science.,http://sujo.usindh.edu.pk/index.php/THE-GOVERNMENT/oai,ojs.sujo.usindh.edu.pk
5312,The Humboldt Digital Library,http://www.avhumboldt.net/oai/oai.php,""
5313,THE INDIAN JOURNAL OF VETERINARY SCIENCES AND BIOTECHNOLOGY,http://ijvsbt.org/index.php/IJVSBT/oai,ojs.ijvsbt.org
5314,The Indonesian Biomedical Journal,http://inabj.org/index.php/index/oai,ojs.inabj.org
5315,The Indonesian Biomedical Journal,https://inabj.org/index.php/ibj/oai,ojs.inabj.org
5316,The Indonesian Journal of Dental Research,http://jurnal.ugm.ac.id/ijdr/oai,ojs.journal.ugm.ac.id
5317,"The Indonesian Journal of Gastroenterology, Hepatology, and Digestive Endoscopy",http://ina-jghe.com/journal/index.php/jghe/oai,ojs.ina-jghe.com
5318,The Indonesian Journal of Health Science,http://jurnal.unmuhjember.ac.id/index.php/TIJHS/oai,ojs.localhost
5319,The INFOMINE Scholarly Internet Resource Collection,http://infomine.ucr.edu/cgi-bin/OAI-PMH-server,infomine.ucr.edu
5320,The International Arabic Journal of Antimicrobial Agents,http://imed.pub/ojs/index.php/IAJAA/oai,www.imed.pub
5321,The International Journal of Applied Business,https://e-journal.unair.ac.id/TIJAB/oai,e-journal.unair.ac.id
5322,The International Journal of Frontier Sciences,http://publie.frontierscienceassociates.com/index.php/tijfs/oai,ojs2.publie.frontierscienceassociates.com
5323,The International Science of Health Journal,https://jurnal.stikeskesdam4dip.ac.id/index.php/ishel/oai,ojs2.jurnal.stikeskesdam4dip.ac.id
5324,The Japan Foundation Repository,http://jpf.repo.nii.ac.jp/oai,""
5325,The Japanese Red Cross Kyushu International College of Nursing Repository,http://jrckicn.repo.nii.ac.jp/oai,""
5326,THE JAS (Journal of Allied Health Sciences),https://thejas.com.pk/index.php/tjas/oai,ojs2.www.thejas.com.pk
5327,"The Journal of Economics, Finance and Innovation",https://sbtsuejournals.uz/index.php/EFI/oai,ojs2.sbtsuejournals.uz
5328,The Journal of Enterprise Risk Management,http://www.ermjournal.org/index.php/erm/oai,ojs.www.ermjournal.org
5329,The Journal of History and Social Sciences,https://jhss-uok.com/index.php/JHSS/oai,ojs2.jhss-uok.com
5330,The Journal of Quality in Education,http://journal.amaquen.com/index.php/JQE/oai,ojs.journal.amaquen.com
5331,The Journal of Quality in Education,https://journal.amaquen.org/index.php/joqie/oai,ojs2.journal.amaquen.org
5332,"The Journal of Religion, Media and Digital Culture",https://www.jrmdc.com/journal/oai,ojs.jrmdc.com
5333,The Journal of Social Media in Society,http://thejsms.org/index.php/TSMRI/oai,tsmri.journals.sfu.ca
5334,The Journal of Social Media in Society,http://www.thejsms.org/index.php/TSMRI/oai,tsmri.journals.sfu.ca
5335,"The Journal of Strategy, Operations and Economics",http://www.soejournal.com/index.php/index/oai,ojs.www.soejournal.com
5336,The KnowledgeBank at OSU,http://kb.osu.edu/dspace-oai/request,""
5337,The Learning Edge,http://www.canberra.edu.au/researchrepository/oai,""
5338,The Library of the Jewish Theological Seminary,http://sylvester.JTSA.EDU:8881/OAI-PUB,sylvester.jtsa.edu
5339,"The Maine Memory Network, a project of the Maine Historical Society, is a
		statewide digital museum that provides access to thousands of historical
		items from over 180 museums, historical societies, libraries, and other
		organizations thoughout Maine.",http://www.mainememory.net/bin/OAI,""
5340,The Mouseion at the JAXlibrary,https://mouseion.jax.org/do/oai/,mouseion.jax.org
5341,The MUA Institutional Repository,http://repository.mua.ac.ke/cgi/oai2,repository.mua.ac.ke
5342,"The National Museum of Western Art, Tokyo - Publications Repository",http://nmwa.repo.nii.ac.jp/oai,""
5343,The North Carolina Journal of Mathematics and Statistics,http://libjournal.uncg.edu/ncjms/oai,ojs.libjournal.uncg.edu
5344,The Open Repository @ Binghamton (The ORB),https://orb.binghamton.edu/do/oai/,orb.binghamton.edu
5345,The Open University Library's Eprints Archive,http://libeprints.open.ac.uk/perl/oai2,open.ac.uk.OAI2
5346,The Pakistan Journal of Medicine and Dentistry,http://ojs.zu.edu.pk/ojs/index.php/pjmd/oai,ojs.zu.edu.pk
5347,The Pertanika Journal of Scholarly Research Reviews,http://pjsrr.upm.edu.my/submission/index.php/pjsrr/oai,ojs2.pjsrr.upm.edu.my
5348,THE PRIMARY HEALTH JOURNAL,http://jurnal.poltekeskupang.ac.id/index.php/jkp/oai,ojs2.jurnal.poltekeskupang.ac.id
5349,The Psychologist: Practice & Research Journal,https://psyprjournal.com/index.php/PPRJ/oai,ojs.psyprjournal.com
5350,The Public Sphere: Journal of Public Policy,https://psj.lse.ac.uk/jms/index.php/up/oai/,ojs.psj.lse.ac.uk
5351,The Python Papers,http://ojs.pythonpapers.org/index.php/tpp/oai,ojs.pythonpapers.org
5352,The Python Papers Monograph,http://ojs.pythonpapers.org/index.php/tppm/oai,ojs.pythonpapers.org
5353,The Python Papers Source Codes,http://ojs.pythonpapers.org/index.php/tppsc/oai,ojs.pythonpapers.org
5354,The Research Repository @ WVU,https://researchrepository.wvu.edu/do/oai/,researchrepository.wvu.edu
5355,The ScholarShip at East Carolina University,http://thescholarship.ecu.edu/oai/request,""
5356,The School of Public Policy Publications,https://journalhosting.ucalgary.ca/index.php/sppp/oai,journalhosting.ucalgary.ca
5357,The Science and Information (SAI) Organization,http://thesai.org/oai/oai2.aspx,""
5358,The Shield - Research Journal of Physical Education & Sports Science.,http://sujo.usindh.edu.pk/index.php/THE-SHIELD/oai,ojs.sujo.usindh.edu.pk
5359,The Sindh University Journal of Education - SUJE,http://sujo.usindh.edu.pk/index.php/SUJE/oai,ojs.sujo.usindh.edu.pk
5360,The Social Perspective Journal,https://jurnal.jkp-bali.com/tspj/oai,ojs2.jurnal.jkp-bali.com
5361,The South East Asian Journal of Management,http://journal.ui.ac.id/index.php/tseajm/oai,journal.ui.ac.id
5362,THE THERAPIST (Journal of Physiotherapy & Rehabilitation Sciences),https://thetherapist.com.pk/index.php/tt/oai,ojs2.www.thetherapist.com.pk
5363,The Tokyo Foundation for Policy Research Repository,http://repo-tkfd.jp/oai,""
5364,the University of Brighton Repository,http://eprints.brighton.ac.uk/perl/oai2,eprints.brighton.ac.uk
5365,The University of Melbourne Digital Repository,http://dtl.unimelb.edu.au/OAI-PUB,dtl.unimelb.edu.au
5366,The University of Pittsburgh. University Library System. Digital Research Library.,http://digital.library.pitt.edu/cgi-bin/b/broker20/broker20,digital.library.pitt.edu
5367,The University of Southern California Digital Archive,http://oai.usc.edu:8085/oaidp,usc.edu
5368,The University of Texas at Austin Libraries OAI Repository,http://www.lib.utexas.edu/oai/oai2.php,""
5369,The Webster Review of International History,https://websterreview.lse.ac.uk/jms/index.php/up/oai/,ojs.websterreview.lse.ac.uk
5370,The Women - Annual Research Journal of Gender Studies,http://sujo.usindh.edu.pk/index.php/THE-WOMEN/oai,ojs.sujo.usindh.edu.pk
5371,Theological Commons,http://commons.ptsem.edu/api/oai-pmh,digital.library.ptsem.edu
5372,Theology and Philosophy of Education ,https://tape.academy/index.php/tape/oai,filosofievychovycz2.tape.academy
5373,Theoretical Roman Archaeology Journal,https://traj.openlibhums.org/jms/index.php/up/oai/,ojs.traj.openlibhums.org
5374,Theory and Applications of Mathematics & Computer Science,http://www.uav.ro/applications/se/journal/index.php/TAMCS/oai,www.uav.ro
5375,Theory and methods of e-learning,http://ccjournals.eu/ojs/index.php/e-learn/oai,ojs.ccjournals.eu
5376,Theory and methods of learning fundamental disciplines in high school,http://ccjournals.eu/ojs/index.php/fund/oai,ojs.ccjournals.eu
5377,"Theory and methods of learning mathematics, physics, informatics",http://ccjournals.eu/ojs/index.php/tmn/oai,ojs.ccjournals.eu
5378,Theory and Practice in Language Studies,http://ojs.academypublisher.com/index.php/tpls/oai,ojs.www.academypublisher.com
5379,Theory and Practice of Second Language Acquisition,http://www.journals.us.edu.pl/index.php/TAPSLA/oai,ojs.www.journals.us.edu.pl
5380,"TheScholarsRepository@LLU: Digital Archive of Research, Scholarship & Creative Works",http://scholarsrepository.llu.edu/do/oai/,scholarsrepository.llu.edu
5381,Theses database,http://arno.uvt.nl/oai/scr.uvt.nl.cgi,""
5382,thesesups,http://thesesups.ups-tlse.fr/cgi/oai2,thesesups.ups-tlse.fr
5383,ThinkIR: The University of Louisville's Institutional Repository,https://ir.library.louisville.edu/do/oai/,ir.library.louisville.edu
5384,Tierra Infinita,https://revistasdigitales.upec.edu.ec/index.php/tierrainfinita/oai,revistasdigitales.upec.edu.ec
5385,TigerPrints,https://tigerprints.clemson.edu/do/oai/,tigerprints.clemson.edu
5386,Tilburg Law Review,https://tilburglawreview.com/jms/index.php/up/oai/,ojs.tilburglawreview.com
5387,Tishreen University Journal,http://91.144.21.199/ojs2_4_8/index.php/index/oai,oai.journal.tishreen.edu.sy
5388,Tishreen University Journal -Basic Sciences Series,http://journal.tishreen.edu.sy/index.php/bassnc/oai,oai.tishreen.edu.sy
5389,Tishreen University Journal -Biological Sciences Series,http://journal.tishreen.edu.sy/index.php/bioscnc/oai,oai.tishreen.edu.sy
5390,"Tishreen University Journal -Engineering Sciences Series,",http://journal.tishreen.edu.sy/index.php/engscnc/oai,oai.tishreen.edu.sy
5391,Tishreen University Journal -Medical Sciences Series,http://journal.tishreen.edu.sy/index.php/hlthscnc/oai,oai.tishreen.edu.sy
5392,Tishreen University Journal- Arts and Humanities Sciences Series,http://journal.tishreen.edu.sy/index.php/humlitr/oai,oai.tishreen.edu.sy
5393,Tishreen University Journal- Economic and Legal Sciences Series,http://journal.tishreen.edu.sy/index.php/econlaw/oai,oai.tishreen.edu.sy
5394,"Tishreen University Journal. Scientific, Periodic, Double Blined peer review.",http://journal.tishreen.edu.sy/index.php/index/oai,oai.journal.tishreen.edu.sy
5395,TITULA,http://titula.universidadeuropea.com/oai/request,titula.universidadeuropea.com
5396,TMKarpiński Journals,http://www.journals.tmkarpinski.com/index.php/index/oai,ojs.www.journals.tmkarpinski.com
5397,TOBB ETU e-Arşiv,http://earsiv.etu.edu.tr/oai/request,earsiv.etu.edu.tr
5398,Toho University Academic Repository,http://rep.toho-u.ac.jp/modules/xoonips/oai.php,""
5399,Toho University Media Center,https://mylibrary.toho-u.ac.jp/oai/oai-pmh.do,mylibrary.toho-u.ac.jp
5400,Tokat Gaziosmanpaşa University Institutional Repository,http://earsiv.gop.edu.tr/oai/request,earsiv.gop.edu.tr
5401,Tokushima University Institutional Repository,http://repo.lib.tokushima-u.ac.jp/api/oai/request,""
5402,Tokyo Dental College,http://ir.tdc.ac.jp/dspace-oai/request,""
5403,Tokyo Medical University Repository,http://tmu.repo.nii.ac.jp/oai,""
5404,Tokyo Metropolitan University Instiutional Repository,http://www.repository.lib.tmu.ac.jp/dspace-oai/request,""
5405,Tokyo University of Agriculture and Technology,http://repo.biblio.tuat.ac.jp/dspace-oai/request,""
5406,Tokyo University of Pharmacy and Life Sciences Academic Repository,http://toyaku.repo.nii.ac.jp/oai,""
5407,Tokyo Women's Medical University - Information & Knowledge Database (Twinkle),http://ir.twmu.ac.jp/dspace-oai/request,""
5408,Total IT Solutions Pvt. Ltd.,http://122.160.76.157:8081/OAIPMHXML/SearchRecord.do,equestecontent.com
5409,Tottori University Research Result Repository,http://repository.lib.tottori-u.ac.jp/oai,""
5410,TOUR(TOhoku University Repository),http://ir.library.tohoku.ac.jp/re-oai/request,""
5411,Touro Scholar,https://touroscholar.touro.edu/do/oai/,touroscholar.touro.edu
5412,Toyama Science Museum Repository,http://repo.tsm.toyama.toyama.jp/oai,""
5413,Toyohashi University of Technology Repository,http://repo.lib.tut.ac.jp/oai,""
5414,Trabajos de Prehistoria,http://tp.revistas.csic.es/index.php/tp/oai,tp.revistas.csic.es
5415,Traffic Engineering & Communications,http://www.uiskbh.ba/ojs/index.php/journal-tec/oai,ojs.www.uiskbh.ba
5416,Trans-pasando Fronteras,http://www.icesi.edu.co/revistas/index.php/trans-pasando_fronteras/oai,ojs.icesi.edu.co
5417,Transactions of the Association of European Schools of Planning,https://transactions-journal.aesop-planning.eu/index.php/TrAESOP/oai,transactions-journal.aesop-planning.eu
5418,Transactions of the International Society for Music Information Retrieval,https://transactions.ismir.net/jms/index.php/up/oai/,ojs.transactions.ismir.net
5419,Transactions on Environment and Electrical Engineering,http://teee.eu/index.php/index/oai,eeeic.org
5420,Transactions on Environment and Electrical Engineering,http://teee.eu/index.php/TEEE/oai,eeeic.org
5421,transcript Verlag,http://repository.transcript-verlag.de:8080/oai/provider,www.repository.transcript-verlag.de
5422,Transnational Press London,http://www.tplondon.com/journal/index.php/index/oai,ojs.www.tplondon.com
5423,Trashumante. Revista Americana de Historia Social,http://aprendeenlinea.udea.edu.co/revistas/index.php/trashumante/oai,ojs.aprendeenlinea.udea.edu.co
5424,Travesía,http://travesia.mcu.es/portalnb/oai/request,""
5425,Trayectorias Humanas Trascontinentales,https://www.unilim.fr/trahs/oai.php,asl.unilim.fr
5426,Tremor and Other Hyperkinetic Movements,https://tremorjournal.org/jms/index.php/up/oai/,ojs.tremorjournal.org
5427,"Trencadis, Fons locals digitalitzats - Xarxa de Biblioteques Municipals",http://trencadis.diba.cat/OAI-PUB,""
5428,Trends in Biomaterials and Artificial Organs,http://www.biomaterials.org.in/ojs/index.php/tibao/oai,ojs.www.biomaterials.org.in
5429,Trends in Information Management (TRIM),http://ojs.uok.edu.in/ojs/index.php/crdr/oai,ojs.localhost
5430,Trends in Renewable Energy,http://futureenergysp.com/index.php/tre/oai,ojs.futureenergysp.com
5431,TRI DASA MEGA - Jurnal Teknologi Reaktor Nuklir,http://jurnal.batan.go.id/index.php/tridam/oai,ojs.jurnal.batan.go.id
5432,TRIHAYU Jurnal Pendidikan Ke-SD-an,http://jurnal.ustjogja.ac.id/index.php/trihayu/oai,ojs.jurnal.ustjogja.ac.id
5433,"TRILOGI: Jurnal Ilmu Teknologi, Kesehatan, dan Humaniora",https://ejournal.unuja.ac.id/index.php/trilogi/oai,oai.ejournal.unuja.ac.id
5434,Tropical Aquatic and Soil Pollution,https://tecnoscientifica.com/journal/tasp/oai,oai.tecnoscientifica.com
5435,Tropical Journal of Ophthalmology and Otolaryngology,https://opthalmology.medresearch.in/index.php/jooo/oai,oai.opthalmology.medresearch.in
5436,Tropical Journal of Radiology and Imaging of Siddharth Health Research and Social Welfare Society,https://radiology.medresearch.in/index.php/tjri/oai,oai.radiology.medresearch.in
5437,Tsafiqui,https://revistas.ute.edu.ec/index.php/tsafiqui/oai,ojs2.revistas.ute.edu.ec
5438,Tsaqofah,https://jurnal.uinbanten.ac.id/index.php/tsaqofah/oai,ojs2.jurnal.uinbanten.ac.id
5439,Tsaqofah dan Tarikh: Jurnal Kebudayaan dan Sejarah Islam,http://ejournal.iainbengkulu.ac.id/index.php/twt/oai,ojs.ejournal.iainbengkulu.ac.id
5440,"TSARWATICA (Islamic Economic, Accounting, and Management Journal)",https://ojs.stiesa.ac.id/index.php/tsarwatica/oai,ojs2.www.ojs.stiesa.ac.id
5441,TSEBO Journal of Humanities,https://journals.nul.ls/tsebo/oai,journals.nul.ls
5442,Tsukuba Repository (Tulips-R),http://dspace.tulips.tsukuba.ac.jp/dspace-oai/request,""
5443,Tsukuba Repository (Tulips-R),http://tsukuba.repo.nii.ac.jp/oai,""
5444,TU Delft OPEN Books,https://books.open.tudelft.nl/home/oai,books.open.tudelft.nl
5445,TU Delft Open Journals,https://journals.open.tudelft.nl/index/oai,ojs.pkp.sfu.ca
5446,TU Delft OPEN Textbooks,https://textbooks.open.tudelft.nl/textbooks/oai,textbooks.open.tudelft.nl
5447,TU Delft repository,http://oai.tudelft.nl/ir,""
5448,TU-Bibliografie,http://tubiblio.ulb.tu-darmstadt.de/cgi/oai2,generic.eprints.org
5449,TUBdok,http://tubdok.tub.tuhh.de/oai/request,tubdok.tub.tuhh.de
5450,Tufts Digital Repository,http://oaipmh01.lib.tufts.edu/oaiprovider,repository01.lib.tufts.edu
5451,TUHH Open Research (TORE),https://tore.tuhh.de/oai/request,tore.tuhh.de
5452,Tunas: Jurnal Pendidikan Guru Sekolah Dasar,http://journal.umpalangkaraya.ac.id/index.php/tunas/oai,journal.umpalangkaraya.ac.id
5453,tuprints,http://tuprints.ulb.tu-darmstadt.de/cgi/oai2,tuprints.ulb.tu-darmstadt.de
5454,TURBULEN Jurnal Teknik Mesin,http://www.univ-tridinanti.ac.id/ejournal/index.php/turbulen/oai,ojs.localhost
5455,Turismo y patrimonio,http://ojs.revistaturismoypatrimonio.com/index.php/typ/oai,ojs2.ojs.revistaturismoypatrimonio.com
5456,"Turismo, Desarrollo y buen vivir. Revista de Investigación de la Ciencia Turística - RICIT",http://revistas.udetonline.com/index.php/ricit/oai,ojs2.revistas.udetonline.com
5457,TURKISH JOURNAL OF ISLAMIC ECONOMICS,http://tujise.org/index.php/tujise/oai,ojs.tujise.beun.edu.tr
5458,Turkish Journal of Public Health,http://tjph.org/ojs/index.php/TJPH/oai,www.ojs.hasuder.org.tr
5459,TUScholarShare,http://scholarshare.temple.edu/oai/request,scholarshare.temple.edu
5460,"TUTURAN: Jurnal Ilmu Komunikasi, Sosial dan Humaniora",https://e-journal.nalanda.ac.id/index.php/TUTURAN/oai,ojs2.e-journal.nalanda.ac.id
5461,Tver State University Repository,http://eprints.tversu.ru/cgi/oai2,eprints.tversu.ru
5462,TxSpace at Texas A&M University Libraries,http://txspace.tamu.edu/dspace-oai/request,""
5463,Télé Millevaches,https://oai.telemillevaches.net/,""
5464,Türk Kütüphaneciliği,http://tk.kutuphaneci.org.tr/index.php/tk/oai,tk.kutuphaneci.org.tr
5465,Türk-Alman University Institutional Repository,http://openaccess.tau.edu.tr/oai/request,openaccess.tau.edu.tr
5466,Tạp chí Khoa học Đại học Huế,http://jos.hueuni.edu.vn/index.php/TCKHDHH/oai,ojs.hueuni.edu.vn
5467,Tạp chí Khoa học Đại học Huế,http://joshueuni.edu.vn/index.php/TCKHDHH/oai,ojs.hueuni.edu.vn
5468,UAD Journal Management System,http://www.journal.uad.ac.id/index.php/index/oai,ojs.www.journal.uad.ac.id
5469,UBIR,http://digitalcommons.bolton.ac.uk/cgi/oai2.cgi,digitalcommons.bolton.ac.uk
5470,UBM Repository,http://repository.ubm.ac.id:8080/cgi/oai2,eprints.ubm
5471,UC Law SF Scholarship Repository,https://repository.uclawsf.edu/do/oai/,repository.uclawsf.edu
5472,"UC Press E-Books Collection, 1982-2004",http://publishing.cdlib.org/ucpressebooks/oai,""
5473,UC Research Repository,http://ir.canterbury.ac.nz/dspace-oai/request,""
5474,UCF Libraries Digital Collection,http://digitalcollections.lib.ucf.edu/cgi-bin/oai.exe,""
5475,UCL Eprints,http://eprints.ucl.ac.uk/perl/oai2,eprints.ucl.ac.uk.OAI2
5476,UCLA - Biblioteca Central,http://bibcen.ucla.edu.ve/cgi-win/be_oai.exe,""
5477,UCLA - Biblioteca de Administracion y Contaduria,http://bibadm.ucla.edu.ve/cgi-win/be_oai.exe,""
5478,UCLA - Biblioteca de Agronomia,http://bibagr.ucla.edu.ve/cgi-win/be_oai.exe,""
5479,UCLA - Biblioteca de Ciencias y Tecnologia  Felix Morales Bueno,http://bibcyt.ucla.edu.ve/cgi-win/be_oai.exe,""
5480,UCLA - Biblioteca de Medicina,http://bibmed.ucla.edu.ve/cgi-win/be_oai.exe,""
5481,UCLA Biblioteca de Ingenieria Civil,http://bibciv.ucla.edu.ve/cgi-win/be_oai.exe,""
5482,UCLA Biblioteca Virtual,http://bibvirtual.ucla.edu.ve/cgi-win/be_oai.exe,""
5483,UCMaule,http://revistaucmaule.ucm.cl/oai,ojs.publicaciones.ucm.cl
5484,UCR CERT Repository,http://eprints.cert.ucr.edu/cgi/oai2,generic.eprints.org
5485,UCrea Repositorio abierto de la Universidad de Cantabria,http://repositorio.unican.es/oai/request,""
5486,UCT Libraries Repository,http://uctscholar.uct.ac.za/OAI-PUB,uctscholar.uct.ac.za
5487,UCV - Biblioteca  'Celestino Bonfanti' - Facultad de Agronomia,http://biblioagroucv.dyndns.org:8080/cgi-win/be_oai.exe,""
5488,UCV - Biblioteca  Antonio Repiso Granado  - Facultad de Ciencias Económicas y Sociales (FACES) - Escuela de Estadísticas y Ciencias Actuariales,http://bfceseecaucv.oai.alejandria.biz/cgi-win/be_oai.exe,""
5489,UCV - Biblioteca  Belarmino Lares - Facultad de Humanidades y Educación - Escuela de Psicología,http://bfheepsucv.oai.alejandria.biz/cgi-win/be_oai.exe,""
5490,UCV - Biblioteca  Boris Bunimov Parra  - Facultad de Ciencias Jurídicas y Políticas - Escuela de Estudios Políticos y Administrativos,http://bfcjeepaucv.oai.alejandria.biz/cgi-win/be_oai.exe,""
5491,UCV - Biblioteca  Centro de Estudios Integrales del Ambiente  (CENAMB)  - Vicerrectorado Académico,http://bvacenambucv.oai.alejandria.biz/cgi-win/be_oai.exe,""
5492,UCV - Biblioteca  D.F. Maza Zavala  - Facultad de Ciencias Económicas y Sociales (FACES) - Escuela de Trabajo Social,http://bfcesetsucv.oai.alejandria.biz/cgi-win/be_oai.exe,""
5493,UCV - Biblioteca  Dr. Alberto Rivero  - Facultad de Medicina - Instituto Anatomopatológico ''''Dr. José A. O´Daly'''',http://bfmiaucv.oai.alejandria.biz/cgi-win/be_oai.exe,""
5494,UCV - Biblioteca  Dr. Oswaldo Enríquez Isava  - Facultad de Farmacia,http://bffucv.oai.alejandria.biz/cgi-win/be_oai.exe,""
5495,UCV - Biblioteca  Humberto García Arocha  - Facultad de Medicina - Escuela de Medicina 'Luis Razett,http://bfmemlrucv.oai.alejandria.biz/cgi-win/be_oai.exe,""
5496,UCV - Biblioteca  Instituto de Biología Experimental (IBE)  - Facultad de Ciencias - Escuela de Bio,http://bfcibeucv.oai.alejandria.biz/cgi-win/be_oai.exe,""
5497,UCV - Biblioteca  Instituto de Ciencias Penales 'Tulio Chiossone' - Facultad de Ciencias Jurídicas y Políticas - Escuela de Derecho,http://bfcjeducv.oai.alejandria.biz/cgi-win/be_oai.exe,""
5498,UCV - Biblioteca  Instituto de Economía Agrícola y Ciencias Sociales  - Facultad de Agronomía - Escuela de Agronomía,http://bfaieaucv.oai.alejandria.biz/cgi-win/be_oai.exe,""
5499,UCV - Biblioteca  Instituto de Producción Animal  - Facultad de Agronomía - Escuela de Agronomía,http://bfaipaucv.oai.alejandria.biz/cgi-win/be_oai.exe,""
5500,UCV - Biblioteca  Instituto de Química - Facultad de Agronomía - Escuela de Agronomía,http://bfaiqucv.oai.alejandria.biz/cgi-win/be_oai.exe,""
5501,UCV - Biblioteca  Instituto de Zoología Agrícola  - Facultad de Agronomía - Escuela de Agronomía,http://bfaizaucv.oai.alejandria.biz/cgi-win/be_oai.exe,""
5502,UCV - Biblioteca  Lic. Olga Blanco de Liendo Coll  - Facultad de Medicina - Escuela de NutriciÃ³n y DietÃ©tica,http://bfmenducv.oai.alejandria.biz/cgi-win/be_oai.exe,""
5503,UCV - Biblioteca  Lic. Sara Jiménez - Facultad de Medicina - Escuela de Enfermeria,http://bfmeeucv.oai.alejandria.biz/cgi-win/be_oai.exe,""
5504,UCV - Biblioteca  Louis Pasteur  - Facultad de Medicina - Instituto de Inmunología,http://bfmiiucv.oai.alejandria.biz/cgi-win/be_oai.exe,""
5505,UCV - Biblioteca  Miguel Tinedo Gómez - Facultad de Agronomía - Escuela de Agronomía,http://bfaingucv.oai.alejandria.biz/cgi-win/be_oai.exe,""
5506,UCV - Biblioteca  Ramón Antonio Villarroel  - Escuela de Administración y Contaduría - FACES,http://beacucv.oai.alejandria.biz/cgi-win/be_oai.exe,""
5507,UCV - Biblioteca  Santos Dominicci  - Facultad de Medicina - Escuela de Medicina 'José María Vargas',http://bemvucv.oai.alejandria.biz/cgi-win/be_oai.exe,""
5508,UCV - Biblioteca  Unidad de Herbario - Facultad de Agronomía - Escuela de Agronomía,http://bfauhucv.oai.alejandria.biz/cgi-win/be_oai.exe,""
5509,"UCV - Biblioteca ""Dr. Piero Gallo""",http://mbibliotecaalejandria.veter.ucv.ve/cgi-win/be_oai.exe,""
5510,"UCV - Biblioteca ""Prof. Rafael Martín Belmonte"" - Facultad de Ingeniería",http://bibqyp.ing.ucv.ve/cgi-win/be_oai.exe,""
5511,UCV - Biblioteca '''' Willy Ossott'''' - Facultad de Arquitectura y Urbanismo,http://malaussena.fau.ucv.ve/cgi-win/be_oai.exe,""
5512,UCV - Biblioteca 'Dr. Virgil Winkler' - Facultad de Ingeniería,http://bibliogeo.ing.ucv.ve/cgi-win/be_oai.exe,""
5513,UCV - Biblioteca Alonso Gamero - Facultad de Ciencias - Coordinación Académica,http://bfcucv.oai.alejandria.biz/cgi-win/be_oai.exe,""
5514,UCV - Biblioteca Celestino Bonfanti - Facultad de Agronomía - Escuela de Agronomía,http://bcfaucv.oai.alejandria.biz/cgi-win/be_oai.exe,""
5515,UCV - Biblioteca Central,http://bcucv.oai.alejandria.biz/cgi-win/be_oai.exe,""
5516,UCV - Biblioteca Centralizada Especializada  Profesor Juan Armando Nesi - Facultad de Medicina - Es,http://bfaiaucv.oai.alejandria.biz/cgi-win/be_oai.exe,""
5517,"UCV - Biblioteca Centralizada Miguel Acosta Saignes - Fac. de Hum. y Educ. - Escuela de Artes, Bibl",http://bcfheucv.oai.alejandria.biz/cgi-win/be_oai.exe,""
5518,UCV - Biblioteca de Ciencias MorfolÃ³gicas  Guillermo PÃ©rez Bocalandro - Facultad de Medicina - Instituto AnatÃ³mico JosÃ© Izquierdo,http://bfmcmucv.oai.alejandria.biz/cgi-win/be_oai.exe,""
5519,UCV - Biblioteca de Facultad de Ingeniería - Instituto de Mecánica de Fluidos,http://bfimfucv.oai.alejandria.biz/cgi-win/be_oai.exe,""
5520,UCV - Biblioteca de Ingeniería Eléctrica - Facultad de Ingeniería,http://biblioelec.ing.ucv.ve/cgi-win/be_oai.exe,""
5521,UCV - Biblioteca de Ingeniería Sanitaria - Facultad de Ingeniería,http://bisfiucv.ing.ucv.ve/cgi-win/be_oai.exe,""
5522,UCV - Biblioteca de la Escuela de Ingeniería Mecánica,http://bfimcucv.oai.alejandria.biz/cgi-win/be_oai.exe,""
5523,UCV - Biblioteca de la Facultad de Ingeniería de la UCV-Escuela de Ingeniería Civil Sanitaria,http://bfiecsucv.oai.alejandria.biz/cgi-win/be_oai.exe,""
5524,UCV - Biblioteca de la Facultad de Ingeniería de la UCV-Instituto de Materiales y Modelos Estructurales,http://bfimmeucv.oai.alejandria.biz/cgi-win/be_oai.exe,""
5525,UCV - Biblioteca de la Facultad de Ingeniería escuela Química y Petróleo,http://bfiequcv.oai.alejandria.biz/cgi-win/be_oai.exe,""
5526,UCV - Biblioteca del Instituto de Materiales y Modelos Estructurales - Facultad de Ingeniería,http://150.185.88.140/cgi-win/be_oai.exe,""
5527,UCV - Biblioteca Dr. Francisco Urdaneta - Facultad de Medicina - Escuela de Salud Pública,http://bfmespucv.oai.alejandria.biz/cgi-win/be_oai.exe,""
5528,UCV - Biblioteca Dr. Nikita Czyhrinciex - Facultad de Ciencias - Instituto de Ciencia y Tecnología ,http://bfcictaucv.oai.alejandria.biz/cgi-win/be_oai.exe,""
5529,UCV - Biblioteca Facultad de Ingeniería,http://bfiucv.oai.alejandria.biz/cgi-win/be_oai.exe,""
5530,UCV - Biblioteca Facultad de Odontología,http://bfoucv.oai.alejandria.biz/cgi-win/be_oai.exe,""
5531,UCV - Biblioteca Fundación Instituto Botánico de Venezuela,http://jbotucv.oai.alejandria.biz/cgi-win/be_oai.exe,""
5532,UCV - Biblioteca Gustavo Leal - Facultad de Humanidades y Educación - Escuela de Comunicación Socia,http://bfheecsucv.oai.alejandria.biz/cgi-win/be_oai.exe,""
5533,UCV - Biblioteca Jesús Manuel Alfaro Zamora - Facultad de Humanidades y Educación - Escuela de Educ,http://bfheeeucv.oai.alejandria.biz/cgi-win/be_oai.exe,""
5534,UCV - Biblioteca Juan David García Bacca - Facultad de Humanidades y Educación - Escuela de Filosof,http://bfheefucv.oai.alejandria.biz/cgi-win/be_oai.exe,""
5535,UCV - Biblioteca Max Flores - Facultad de Ciencias Económicas y Sociales (FACES) - Escuela de  Economía,http://bfcesmfucv.oai.alejandria.biz/cgi-win/be_oai.exe,""
5536,UCV - Biblioteca Perez Alfonso - Facultad de Ciencias Económicas y Sociales (FACES) - Escuela de  Economía,http://bfcesspucv.oai.alejandria.biz/cgi-win/be_oai.exe,""
5537,UCV - Biblioteca Prof. José M. Forero - Facultad de Medicina - Escuela de Bioanálisis,http://bfmebucv.oai.alejandria.biz/cgi-win/be_oai.exe,""
5538,UCV - Biblioteca Salvador de la Plaza  - Facultad de Ciencias Económicas y Sociales (FACES) - Escuela de  Economía,http://bfceseecucv.oai.alejandria.biz/cgi-win/be_oai.exe,""
5539,"UCV - Biblioteca Unidad de Reumatología, diálisis y transplantes - Facultad de Medicina",http://bfmurucv.oai.alejandria.biz/cgi-win/be_oai.exe,""
5540,UCV - Biblioteca Willy Ossott - Facultad de Arquitectura y Urbanismo,http://bfaauucv.oai.alejandria.biz/cgi-win/be_oai.exe,""
5541,UCV - Biblioteca Ángel Rosenblat  - Facultad de Humanidades y Educación - Instituto de Filología 'Á,http://bfheifucv.oai.alejandria.biz/cgi-win/be_oai.exe,""
5542,UCV - Bibllioteca de Ingeniería Hidro Meteorológica - Escuela de Ingeniería Civil - Facultad de Ingeniería,http://bfiihmucv.oai.alejandria.biz/cgi-win/be_oai.exe,""
5543,UCV - Centro de Documentación  Efraín Hurtado  - Facultad de Ciencias Económicas y Sociales (FACES) - Escuela de Antropología,http://bfceseaucv.oai.alejandria.biz/cgi-win/be_oai.exe,""
5544,UCV - Centro de Documentación  Unidad de Promoción y Desarrollo de la Investig. Clínica en Medicina,http://bfaieucv.oai.alejandria.biz/cgi-win/be_oai.exe,""
5545,UCV - Centro de Documentación e Información  Centro para la Paz  - Rectorado,http://bcppucv.oai.alejandria.biz/cgi-win/be_oai.exe,""
5546,UCV - Centro de Documentación e Información Tecla Tofano - Vicerrectorado Académico - Centro de Est,http://cdvacemucv.oai.alejandria.biz/cgi-win/be_oai.exe,""
5547,"UCV - Centro de Documentación Unidad de Promoción y Desarrollo de la Investigación Clínica en Medicina, Comisión de Estudios de Postgrado Facultad de",http://bfmcepucv.oai.alejandria.biz/cgi-win/be_oai.exe,""
5548,UCV - Centro de Información y Documentación  Alejandro Calvo - Facultad de Arquitectura y Urbanismo -  Instituto de Desa. Experimental de la Construc,http://bfauucv.oai.alejandria.biz/cgi-win/be_oai.exe,""
5549,UCV - Centro de Información y Documentación  Sistema de Actualización Docente del Profesorado (SADP,http://cdvasadproucv.oai.alejandria.biz/cgi-win/be_oai.exe,""
5550,UCV - Centro de Información y Documentación de Postgrado - Vicerrectorado Académico,http://cdvapucv.oai.alejandria.biz/cgi-win/be_oai.exe,""
5551,UCV - Centro de Información y Documentación Francisco Urdaneta - Facultad de Medicina - Escuela de ,http://cdfmemlrucv.oai.alejandria.biz/cgi-win/be_oai.exe,""
5552,UCV - Hemeroteca Janis Rasceni - Facultad de Ciencias - Instituto de Zoología Tropical,http://bfciztucv.oai.alejandria.biz/cgi-win/be_oai.exe,""
5553,"UCV - Humberto García Arocha  - Facultad de Medicina - Escuela de Medicina ""Luis Razetti""",http://bfmucv.oai.alejandria.biz/cgi-win/be_oai.exe,""
5554,UCV - Sala de Lectura   Dra. Rosa del Olmo  - Facultad de Ciencias Económicas y Sociales (FACES) - Escuela de Sociología,http://bfcesesucv.oai.alejandria.biz/cgi-win/be_oai.exe,""
5555,UCV - Sala de Lectura   Escuela de Estudios Políticos y Administrativos (EEPA) - Facultad de Cienci,http://slfcjeepaucv.oai.alejandria.biz/cgi-win/be_oai.exe,""
5556,UCV - Unidad de Documentación  Instituto de Urbanismo (Postgrado)  - Facultad de Arquitectura y Urbanismo,http://bfauiuucv.oai.alejandria.biz/cgi-win/be_oai.exe,""
5557,UCV - Unidad de Información y Documentación Jorge Ahumada - Vicerrectorado Académico - Centro de Es,http://uivacendesucv.oai.alejandria.biz/cgi-win/be_oai.exe,""
5558,UCV -Biblioteca Prof. Moisés Szponka Escuela de Ingeniería Eléctrica,http://bfieeucv.oai.alejandria.biz/cgi-win/be_oai.exe,""
5559,UdeA ,http://tesis.udea.edu.co/oai/request,""
5560,UdeG: CREA,http://148.202.105.131/dspace-oai/request,""
5561,"UED Journal of Social Sciences, Humanities and Education",http://jshe.ued.udn.vn/index.php/jshe/oai,jshe.ued.udn.vn
5562,UEH Library,http://lib.ueh.edu.vn/oai.aspx,""
5563,UF Law Scholarship Repository,https://scholarship.law.ufl.edu/do/oai/,scholarship.law.ufl.edu
5564,Ufuk University Institutional Repository,http://acikerisim.ufuk.edu.tr/oai/request,acikerisim.ufuk.edu.tr
5565,"UGM Journals, OAI Repository",http://i-lib.ugm.ac.id/oai-ilib/oai21.php,""
5566,UH Digital Archive,http://uhra.herts.ac.uk/dspace-oai/request,""
5567,UIC Law Open Access Repository,https://repository.law.uic.edu/do/oai/,repository.law.uic.edu
5568,UIR LAW REVIEW,http://jurnal.uir.ac.id/index.php/MAH/oai,ojs.localhost
5569,UIR LAW REVIEW,http://journal.uir.ac.id/index.php/uirlawreview/oai,ojs2.localhost
5570,UK Data Service OAI-PMH Repository (Production),http://oai.ukdataservice.ac.uk/oai/provider,""
5571,Ukrainian Journal of Physics,https://ujp.bitp.kiev.ua/index.php/ujp/oai,ojs.pkp.sfu.ca
5572,Uktub: Journal of Arabic Studies,https://jurnal.uinbanten.ac.id/index.php/uktub/oai,ojs2.jurnal.uinbanten.ac.id
5573,ULB Duesseldorf Digital Collections,http://digital.ub.uni-duesseldorf.de/oai,""
5574,"ULB Halle, Germany, HALCoRe",http://edoc.bibliothek.uni-halle.de/servlets/MCROAIDataProvider,bibliothek.uni-halle.de
5575,Ulul Albab: Jurnal Studi dan Penelitian Hukum Islam,http://jurnal.unissula.ac.id/index.php/ua/oai,ojs.jurnal.unissula.ac.id
5576,Ulumuddin : Jurnal Ilmu-ilmu Keislaman,https://jurnal.ucy.ac.id/index.php/agama_islam/oai,ojs2.jurnal.ucy.ac.id
5577,Uluslararası Akademik Yönetim Bilimleri Dergisi,http://yonbildergi.com/index.php/YONBIL/oai,ojs.yonbildergi.com
5578,UMB International Journal,http://umb-intl-journal.com/index.php/index/oai,ojs.umb-intl-journal.com
5579,UML - Open Journal Systems,http://ojs.lib.umanitoba.ca/index.php/index/oai,ojs.ojs.lib.umanitoba.ca
5580,UMM Institutional Repository,http://eprints.umm.ac.id/cgi/oai2,eprints.umm.ac.id
5581,Ummul Qura: Jurnal Institut Pesantren Sunan Drajat (INSUD) Lamongan,https://ejournal.insud.ac.id/index.php/UQ/oai,ojs2.ejournal.insud.ac.id
5582,UMS INSTITUTIONAL REPOSITORY,https://eprints.ums.edu.my/cgi/oai2,eprints.ums.edu.my
5583,UMSIDA Preprints Server,https://archive.umsida.ac.id/index.php/archive/oai,ops.archive.umsida.ac.id
5584,Un Espacio para la Ciencia,http://www.revistas-manglareditores.com/index.php/espacio-para-la-ciencia/oai,ojs2.revistas-manglareditores.com
5831,WRAP: Warwick Research Archive Portal,http://wrap.warwick.ac.uk/cgi/oai2,wrap.warwick.ac.uk
5585,Un Espacio para la Ciencia,https://www.revistas-manglareditores.com/index.php/espacio-para-la-ciencia/oai,ojs2.revistas-manglareditores.com
5586,UNA Scholarly Repository,https://ir.una.edu/do/oai/,ir.una.edu
5587,UNAIR REPOSITORY,http://repository.unair.ac.id/cgi/oai2,repository.unair.ac.id
5588,UND Scholarly Commons,https://commons.und.edu/do/oai/,commons.und.edu
5589,Undergraduate Journal of Politics and International Relations,https://www.ujpir-journal.com/jms/index.php/up/oai/,ojs.www.ujpir-journal.com
5590,UNDIP E-JOURNAL SYSTEM PORTAL,http://ejournal.undip.ac.id/index.php/index/oai,ojs.ejournal.undip.ac.id
5591,UNECA IR,http://repository.uneca.org/oai/request,""
5592,UNESCO UNESDOC OAI-PMH Repository,https://unesdoc.unesco.org/in/rest/oai,unesdoc.unesco.org
5593,UNESUM-Ciencias. Revista Científica Multidisciplinaria. ISSN en trámite,http://ojs.unesum.edu.ec/unesum/index.php/unesumciencias/oai,ojs.ojs.unesum.edu.ec
5594,UNI ScholarWorks,https://scholarworks.uni.edu/do/oai/,scholarworks.uni.edu
5595,UniCA Eprints,http://veprints.unica.it/cgi/oai2,eprints.unica.it
5596,UniCA Open Journals,http://ojs.unica.it/index.php/index/oai,ojs.unica.it
5597,UniCA Open Journals,https://ojs.unica.it/index.php/index/oai,ojs.unica.it
5598,UnipiEprints: University of Pisa  institutional archive of e-prints,http://eprints.adm.unipi.it/perl/oai2,eprints.adm.unipi.it
5599,UnisaIR,http://uir.unisa.ac.za/oai/request,uir.unisa.ac.za
5600,UnissResearch,http://eprints.uniss.it/cgi/oai2,eprints.uniss.it
5601,Unitec ResearchBank,http://unitec.researchbank.ac.nz/oai/request,""
5602,Unitn-eprints.PhD - University of Trento,http://eprints-phd.biblio.unitn.it/cgi/oai2,eprints-phd.biblio.unitn.it
5603,Univ Provence repository,http://orioaiup.univ-provence.fr/ori-oai-repository/OAIHandler,univ-provence.fr
5604,Univem Aberto,http://aberto.univem.edu.br/oai/request,""
5605,Universidad Autonoma del Estado de Hidalgo -Biblioteca Digital-,http://dgsa.uaeh.edu.mx:8080/oai/request,""
5606,Universidad Católica San Pablo,http://repositorio.ucsp.edu.pe/oai/request,repositorio.ucsp.edu.pe
5607,"Universidad de las Americas Puebla, Electronic Thesis and Dissertation Archive",http://catarina.udlap.mx/u_dl_a/tales/oai/requestETD.jsp,ciria.udlap.mx
5608,"Universidad de las Americas, Puebla: Digital Theses",http://ict.udlap.mx:9090/Tales/Oai_tesis,thesisUDLAP
5609,Universidad de Murcia,http://www.tonosdigital.es/ojs/index.php/journal/oai,ojs.www.tonosdigital.es
5610,Universidad Externado de Colombia,http://bdigital.uexternado.edu.co/oai/request,bdigital.uexternado.edu.co
5611,Universidad Médica Pinareña,http://www.revgaleno.sld.cu/index.php/index/oai,www.revgaleno.sld.cu
5612,UNIVERSIDAD NACIONAL DE COLOMBIA Repositorio Institucional Dspace ,http://www.digital.unal.edu.co/dspace-oai/request,""
5613,Universidad Nacional de Moreno,http://repositorio.unm.edu.ar:8080/oai/request,repositorio.unm.edu.ar
5614,Universidad Nacional Mayor de San Marcos - SISBIB,http://www.cybertesis.edu.pe:80/sdx/sdx/oai/sisbib/documents,""
5615,Universidade Federal da Bahia,http://repositorio.ufba.br/oai/request,repositorio.ufba.br
5616,Universitas (León). Revista Científica de la UNAN-León.,http://revista.unanleon.edu.ni/index.php/universitas/oai,ojs.revista.unanleon.edu.ni
5617,Universitas (León): Revista Científica de la UNAN León.,http://revistasnicaragua.net.ni/index.php/universitas/oai.,ojs.www.revistasnicaragua.net.ni
5618,Universitas (León): Revista Científica de la UNAN León.,http://www.revistasnicaragua.net.ni/index.php/universitas/oai,ojs.www.revistasnicaragua.net.ni
5619,Universitas Ahmad Dahlan Journals,http://journal.uad.ac.id/index.php/index/oai,ojs.journal.uad.ac.id
5620,Universitas Gadjah Mada Online Journals,http://jurnal.ugm.ac.id/index/oai,ojs.journal.ugm.ac.id
5621,Universitas Indonesia Maju (UIMA),http://repository.uima.ac.id/oai/request,repository.uima.ac.id
5622,Universitas Islam Negeri Sultan Syarif Kasim Riau Repository,http://repository.uin-suska.ac.id/cgi/oai2,repository.uin-suska.ac.id
5623,Universitas Kadiri Riset Teknik Sipil,http://ojs.unik-kediri.ac.id/index.php/ukarst/oai,ojs.ojs.unik-kediri.ac.id
5624,Universitas Merdeka Malang Repository,http://eprints.unmer.ac.id/cgi/oai2,eprints.unmer.ac.id
5625,Universitas Pelita Harapan Institutional Repository,http://repository.uph.edu/cgi/oai2,repository.uph.edu
5626,Universitat Politècnica de Catalunya (UPC) - DSpace.E-prints,http://eprints.upc.es:8080/dspace-oai/request,""
5627,Universitat Politècnica de Catalunya (UPC) - DSpace.Revistes,http://eprints.upc.es:8080/revistes-oai/request,""
5628,Universitat Politècnica de Catlaunya(UPC) - Treballs acadèmics UPC,http://eprints.upc.es:8080/pfc-oai/request,""
5629,Universiti Teknologi Malaysia Institutional Repository,http://eprints.utm.my/cgi/oai2,eprints.utm.my
5630,University Archives Digital Image Collection,http://dla.library.upenn.edu/dla/archives/oai-pmh.xml,archives.dla.library.upenn.edu
5631,University College Dublin,http://libucd.ucd.ie/oaiprovider/,ucd.ie
5632,"University of Aachen, GERMANY, OPUS",http://darwin.bth.rwth-aachen.de/opus3/oai2/oai2.php,bth.rwth-aachen.de-opus
5633,University of Alabama Libraries,http://content.lib.ua.edu/cgi-bin/oai.exe,""
5634,"University of Applied Sciences, Muenster, Germany, Document Server",http://www.hb.fh-muenster.de/opus/fhms/phpoai/oai2.php,fh-muenster.de
5635,University of Bath Open Access Repository,https://purehost.bath.ac.uk/ws/oai,""
5636,University of Bath Research Data Archive,https://researchdata.bath.ac.uk/cgi/oai2,researchdata.bath.ac.uk
5637,University of Bedfordshire Repository,http://uobrep.openrepository.com/uobrep/oai/request,""
5638,University of Biskra Repository,http://dspace.univ-biskra.dz:8080/oai/request,""
5639,University of Biskra Theses Repository,http://thesis.univ-biskra.dz/cgi/oai2,thesis.univ-biskra.dz
5640,University of California Library Repository,http://servlet1.lib.berkeley.edu:8080/oai/provider,berkeley.edu
5641,"University of California, Irvine - UCIspace @ the Libraries",http://ucispace.lib.uci.edu/oai/request,""
5642,University of Chester Digital Repository,http://chesterrep.openrepository.com/cdr-oai/request,""
5643,University of East Anglia digital repository,http://www.repository.uea.ac.uk:80/OAI-PUB,repository.uea.ac.uk
5644,"University of Heidelberg, GERMANY, Diglit",http://diglit.ub.uni-heidelberg.de/cgi-bin/digioai.cgi,digi.ub.uni-heidelberg.de
5645,University of Idaho Digital Collections,http://contentdm.lib.uidaho.edu/cgi-bin/oai.exe,""
5646,University of Illinois Library,http://bolder.grainger.uiuc.edu/uiLibOAIProvider/2.0/oai.asp,oai.library.uiuc.edu
5647,University of Leipzig Computer Science Department,http://lips.informatik.uni-leipzig.de/oai2,""
5648,University of Limerick Institutional Repository,http://ulir.ul.ie/oai/request,""
5649,University of Liverpool Research Archive,http://research-archive.liv.ac.uk/cgi/oai2,eprints.liv.ac.uk
5650,"University of Marburg, Germany",http://archiv.ub.uni-marburg.de/oai/provider,Archiv.UB.Uni-Marburg.de
5651,University of Miami School of Law Institutional Repository,https://repository.law.miami.edu/do/oai/,repository.law.miami.edu
5652,University of Michigan Library Repository,http://quod.lib.umich.edu/cgi/o/oai/oai,quod.lib.umich.edu
5653,University of Minnesota Morris Digital Well,https://digitalcommons.morris.umn.edu/do/oai/,digitalcommons.morris.umn.edu
5654,University of Missouri at St. Louis ETD archive,http://tomsawyer.umsl.edu/webapps/weboffice/ETD/OAI/2.0/oai.cfm,""
5655,University of Mohaghegh Ardabili Scientific Repository,http://repository.uma.ac.ir/cgi/oai2,repository.uma.ac.ir
5656,"University of Muenster, Institutional Repository MIAMI",http://repositorium.uni-muenster.de/oai/miami,wwu.de
5657,"University of Nevada, Las Vegas Digital Collections",http://digital.library.unlv.edu/cgi-bin/oai.exe,""
5658,University of Newcastle Library E-Print Archives,http://rogue.ncl.ac.uk/xml/index.php,""
5659,University of Oregon Scholar's Bank,http://scholarsbank.uoregon.edu/oai/request,""
5660,University of Oulu Repository - Jultika,http://jultika.oulu.fi/OAI/Server,oulu.fi
5661,University of Pittsburgh Law Review,http://lawreview.law.pitt.edu/ojs/index.php/lawreview/oai,lawreview.law.pitt.edu
5662,University of Regina Campus Digital Archive,http://dspace.cc.uregina.ca/dspace-oai/request,""
5663,"University of Siegen, GERMANY, OPUS",http://dokumentix.ub.uni-siegen.de/opus/oai2/oai2.php,ub.uni-siegen.de-opus
5664,University of St Andrews Digital Research Repository,http://research-repository.st-andrews.ac.uk/dspace-oai/request,""
5665,"University of Sydney Library, eBot Plant Sciences Collection",http://ebot.library.usyd.edu.au/oai,""
5666,"University of Sydney Library, Fish-bone images collection",http://fish.library.usyd.edu.au/oai,""
5667,"University of Sydney Library, Visual arts collection",http://va.library.usyd.edu.au/oai,""
5668,University of the Ryukyus Repository,http://ir.lib.u-ryukyu.ac.jp/dspace-oai/request,""
5669,University of Toronto Digital Collections ,http://collections.library.utoronto.ca/oai2,collections.library.utoronto.ca
5670,University of Toyama Repository,http://toyama.repo.nii.ac.jp/oai,""
5671,University of Trento - Italy - UNITN-Eprints,http://eprints.biblio.unitn.it/perl/oai2,UNITN.Eprints
5672,"University of Ulm, GERMANY, VTS Publication Service",http://vts.uni-ulm.de/oai/oai.asp,vts.uni-ulm.de
5673,University of Veliko Turnovo Digital Repository,http://da.uni-vt.bg/oai2/oai2.aspx,""
5674,University of Waikato Research Commons,http://researchcommons.waikato.ac.nz/dspace-oai/request,researchcommons.waikato.ac.nz
5675,University of Wisconsin Digital Collections,http://oaidp.library.wisc.edu/oaicat/OAIHandler,digital.library.wisc.edu
5676,Universitätsbibliothek Freiburg,https://freidok.uni-freiburg.de/oai/oai2.php,freidok.uni-freiburg.de
5677,Université des Montagnes,https://sempiternelia.com/udm/oai,sempiternelia.com
5678,Université Numérique Ingénierie et Technologie,http://www.unit.eu/ori-oai-repository/OAIHandler,www.unit.eu
5679,Université Ouverte des Humanités,http://uoh.u-strasbg.fr/oai/provider,www.uoh.fr
5680,UNL Libraries CONTENTdm Respository,http://libtextcenter.unl.edu:2000/cgi-bin/oai.exe,""
5681,UNM Digital Repository,https://digitalrepository.unm.edu/do/oai/,digitalrepository.unm.edu
5682,UNM Online Journal Systems,https://ojs.unm.ac.id/index/oai,ojs.unm.ac.id
5683,Unnur Repository,http://repository.unnur.ac.id/cgi/oai2,repository.unnur.ac.id
5684,Unram Medical Journal,http://jku.unram.ac.id/oai,ojs.jku.unram.ac.id
5685,UNSWorks Repository,http://unsworks.unsw.edu.au/oai/provider,unsworks.library.unsw.edu.au
5686,UNT Digital Library,http://digital.library.unt.edu/oai/,""
5687,UNU Collections,http://collections.unu.edu/oai.php,collections.unu.edu
5688,UNWAHA E-Journal Systems,http://ejournal.unwaha.ac.id/index.php/index/oai,ojs.ejournal.unwaha.ac.id
5689,UOWM Repository,http://dspace.uowm.gr/oai/request,dspace.uowm.gr
5690,UOWM Repository,https://dspace.uowm.gr/oai/request,dspace.uowm.gr
5691,Uoz,http://eprints.uoz.ac.ir/cgi/oai2,eprints.uoz.ac.ir
5692,UPCommons - Videoteca UPC,http://eprints.upc.es:8080/video-oai/request,""
5693,UPCommons. Portal del coneixement obert de la UPC,http://upcommons.upc.edu/oai/request,upcommons.upc.edu
5694,Upjohn Research,https://research.upjohn.org/do/oai/,research.upjohn.org
5695,"UPLanD - Journal of Urban Planning, Landscape & environmental Design",http://upland.it/index.php/UPLanD/oai,ojs.pkp.sfu.ca
5696,"UPLanD - Journal of Urban Planning, Landscape & environmental Design",http://www.serena.unina.it/index.php/upland/oai,serena.unina.it
5697,UPLanD Open_Rep,http://upland.it/index.php/Open_Rep/oai,ojs.pkp.sfu.ca
5698,UQ eSpace,http://espace.library.uq.edu.au/oai.php,espace.library.uq.edu.au
5699,UQ eSpace,https://espace.library.uq.edu.au/v2/oai,espace.library.uq.edu.au
5700,UR Research,http://urresearch.rochester.edu/oai2.action,""
5701,Urania Jurnal Ilmiah Daur Bahan Bakar Nuklir,http://jurnal.batan.go.id/index.php/urania/oai,ojs.jurnal.batan.go.id
5702,URLib local collection sid.inpe.br/bibdigital@80/2006/04.07.15.50,http://bibdigital.sid.inpe.br/col/iconet.com.br/banon/2003/11.21.21.08/doc/oai.cgi,""
5703,USADA NUSANTARA : Jurnal Kesehatan Tradisional,https://e-journal.nalanda.ac.id/index.php/usd/oai,ojs2.e-journal.nalanda.ac.id
5704,Usak University Institutional Repository,http://acikerisim.usak.edu.tr/oai/request,acikerisim.usak.edu.tr
5705,USD RED,https://red.library.usd.edu/do/oai/,red.library.usd.edu
5706,USF Scholarship: a digital repository @ Gleeson Library | Geschke Center,https://repository.usfca.edu/do/oai/,repository.usfca.edu
5707,USRA Houston Repository,https://repository.hou.usra.edu/oai/request,repository.hou.usra.edu
5708,UstaSalud,http://revistas.ustabuca.edu.co/index.php/USTASALUD_ODONTOLOGIA/oai,revistas.ustabuca.edu.co
5709,USU Repository,http://repository.usu.ac.id/oai/request,""
5710,Utah Law Digital Commons,https://dc.law.utah.edu/do/oai/,dc.law.utah.edu
5711,UTasER,http://eprints.comp.utas.edu.au:81/perl/oai2,UTasER.comp.utas.edu.au
5712,UTCIENCIA,http://investigacion.utc.edu.ec/revistasutc/index.php/utciencia/oai,ojs.revistasutc
5713,UTHM Repository,http://eprints.uthm.edu.my/cgi/oai2,generic.eprints.org
5714,UTHSC Digital Commons,https://dc.uthsc.edu/do/oai/,dc.uthsc.edu
5715,UTokyo Repository,http://repository.dl.itc.u-tokyo.ac.jp/oai,""
5716,UTP-Ridda2,http://ridda2.utp.ac.pa/oai/request,ridda2.utp.ac.pa
5717,Utrecht Journal of International and European Law,https://utrechtjournal.org/jms/index.php/up/oai/,ojs.utrechtjournal.org
5718,Utsaha (Journal of Entrepreneurship),https://journal.jfpublisher.com/index.php/joe/oai,ojs2.journal.jfpublisher.com
5719,Utsunomiya University Academic Information Repository,http://uuair.repo.nii.ac.jp/oai,""
5720,uuiar,http://uuair.lib.utsunomiya-u.ac.jp/dspace-oai/request,""
5721,UVM ScholarWorks,https://scholarworks.uvm.edu/do/oai/,scholarworks.uvm.edu
5722,UVserva,https://uvserva.uv.mx/index.php/Uvserva/oai,uvserva.uv.mx
5723,UW Digital,https://uwdigital.uwyo.edu/oai2,uwdigital.uwyo.edu
5724,UWC  Research Repository,http://repository.uwc.ac.za/oai/request,""
5725,UWE Bristol Research Repository,https://uwe-repository.worktribe.com/oaiprovider,uwe-repository.worktribe.com
5726,UWM Digital Commons,https://dc.uwm.edu/do/oai/,dc.uwm.edu
5727,uws,https://researchdirect.westernsydney.edu.au/oai2,researchdirect.westernsydney.edu.au
5728,Uztaro OAI Provider,http://www.uztaro.eus/oai2,""
5729,"VAD. veredes, arquitectura y divulgación",http://veredes.es/vad/index.php/vad/oai,ojs2.veredes.es
5730,Vandenhoeck & Ruprecht,http://www.vr-elibrary.de/action/oai/,""
5731,VANOS Journal of Mechanical Engineering Education,http://jurnal.untirta.ac.id/index.php/vanos/oai,jurnal.untirta.ac.id
5732,VaNTH Dissemination Portal,http://repo.vanth.org/portal/zoai,""
5733,VCU Scholars Compass,https://scholarscompass.vcu.edu/do/oai/,scholarscompass.vcu.edu
5734,Vegetable Science,http://vegsci.isvs.org.in/index.php/index/oai,ojs.vegsci
5735,Verbum,https://www.journals.vu.lt/verbum/oai,ojs.www4063.vu.lt
5736,Veritas : Jurnal Teologi dan Pelayanan,https://ojs.seabs.ac.id/index.php/Veritas/oai,ojs.seabs.ac.id
5737,Verity: International Relations Journal,https://ojs.uph.edu/index.php/JHIV/oai,ojs.uph.edu
5738,Verlag Krause und Pachernegg - OAI Archive,http://www.kup.at/cgi-bin/OAI/XMLFile/kup/oai.pl,""
5739,Vertimo studijos,https://www.journals.vu.lt/vertimo-studijos/oai,ojs.www4063.vu.lt
5740,Veterinaria,http://www.veterinaria-sarajevo.com/ojs/index.php/vet/oai.,ojs.www.veterinaria-sarajevo.com
5741,VICTEC,https://istvicenteleon.edu.ec/victecvl/index.php/revista_victec/oai,ojs2.itsvicenteleon.edu.ec
5742,Victoria University Eprints Repository,http://eprints.vu.edu.au/perl/oai2,vu.edu.au
5743,Vietnam Journal of Social Sciences and Humanities,http://journal.ussh.vnu.edu.vn/index.php/vjossh/oai,ojs.pkp.sfu.ca
5744,ViFaPhys.de,http://vifaphys.tib.uni-hannover.de/oai/oai2.php,vifaphys.tib.uni-hannover.de
5745,Vigilancia Sanitaria em Debate,https://visaemdebate.incqs.fiocruz.br/index.php/visaemdebate/oai,ojs.visaemdebate.incqs.fiocruz.br
5746,Vilnius University Open Series,https://www.journals.vu.lt/open-series/oai,ojs.www4063.vu.lt
5747,Vilnius University Proceedings,https://www.journals.vu.lt/proceedings/oai,ojs.www4063.vu.lt
5748,Virginia Tech ImageBase,http://uther.dlib.vt.edu:8080/oaicat/servlet/OAIHandler,IMAGEBASE.LIB.VT.EDU
5749,Virtual Foundation for Advancement of Science and Technology,http://www.vfast.org/index.php/index/oai,vfast.org
5750,"Virtual Library of Psychology at Saarland University and State Library, GERMANY, PsyDok",http://psydok.sulb.uni-saarland.de/phpoai/oai2.php,""
5751,Visible,https://www.unilim.fr/visible/oai.php,visible.unilim.fr
5752,VISIO DEI: JURNAL TEOLOGI KRISTEN,http://jurnal.sttstarslub.ac.id/index.php/js/oai,ojs2.jurnal.sttstarslub.ac.id
5753,Vision Letters,http://openjournals.uwaterloo.ca/index.php/vsl/oai,openjournals.uwaterloo.ca
5754,Visión electrónica,http://revistas.udistrital.edu.co/ojs/index.php/visele/oai,revistas.udistrital.edu.co
5755,Visión Empresarial,https://revistasdigitales.upec.edu.ec/index.php/visionempresarial/oai,revistasdigitales.upec.edu.ec
5756,Visual Library Server,http://www.e-rara.ch/oai/,""
5757,Visual Library Server der Universitätsbibliothek Paderborn,http://digital.ub.uni-paderborn.de/oai/,""
5758,VISUALITA,https://ojs.unikom.ac.id/index.php/visualita/oai,ojs.pkp.sfu.ca
5759,VISWA DESIGN: Journal of Design,https://jurnal2.isi-dps.ac.id/index.php/viswadesign/oai,ojs.pkp.sfu.ca
5760,VLC arquitectura. Research Journal,http://polipapers.upv.es/index.php/VLC/oai,ojs.upv.es
5761,VNAU : Vinnytsya National Agrarian University,http://repository.vsau.org/oai,""
5762,VOCATECH: Vocational and Technology,http://ojs.aknacehbarat.ac.id/index.php/vocatech/oai,ojs.ojs.aknacehbarat.ac.id
5763,VOLT : Jurnal Ilmiah Pendidikan Teknik Elektro,http://jurnal.untirta.ac.id/index.php/VOLT/oai,jurnal.untirta.ac.id
5764,Voyage Journal of Educational Studies ,https://vjes.voyageams.com/index.php/vjes/oai,ojs2.vjes.voyageams.com
5765,VTC Institutional Repository,http://repository.vtc.edu.hk/do/oai/,repository.vtc.edu.hk
5766,VTechWorks,http://vtechworks.lib.vt.edu/oai/request,vtechworks.lib.vt.edu
5767,VTEI : Vinnytsia Institute of Trade and Economics of Kyiv National University of Trade and Economics,https://ir.vtei.edu.ua/oai.php,ir.vtei.edu.ua
5768,Vtext Digital Repository,http://vtext.valdosta.edu/oai/request,""
5769,VTT Publications Register,http://cgi.vtt.fi/progs/inf/OAI,vtt.fi
5770,VTT Research System,https://cris.vtt.fi/ws/oai,""
5771,VUBIS OAI-PMH 2.0 référentiel de Montpellier,https://oai-sigb.montpellier3m.fr/oai/oai2.CSP,oai-sigb.montpellier3m.fr
5772,VUBIS OAI-PMH 2.0 référentiel de Quimper,http://oai.quimper-bretagne-occidentale.bzh/quimper/oai2.CSP,oai.quimper-bretagne-occidentale.bzh
5773,Vygotsky : Jurnal Pendidikan Matematika dan Matematika,https://jurnalpendidikan.unisla.ac.id/index.php/VoJ/oai,ojs.jurnalpendidikan.unisla.ac.id
5774,W&M ScholarWorks,https://scholarworks.wm.edu/do/oai/,scholarworks.wm.edu
5775,Wacana Teologi,http://ukdw.ac.id/journal-theo/index.php/wacana/oai,ojs.ukdw.ac.id
5776,Wageningen University and Researchcenter Publications,http://library.wur.nl/oai,library.wur.nl
5777,Wahana Journal of Action Research,http://jurnal.sman1parung.sch.id/index.php/jar/oai,ojs2.jurnal.sman1parung.sch.id
5778,Wahana Sekolah Dasar,http://journal2.um.ac.id/index.php/wsd/oai,ojs.journal2.um.ac.id
5779,Wakayama University Academic Repository,http://repository.center.wakayama-u.ac.jp/oai/request,""
5780,Wake Forest University Digital Library,http://dspace.zsr.wfu.edu/oai/request,""
5781,Walasuji : Jurnal Sejarah dan Budaya,https://jurnalwalasuji.kemdikbud.go.id/index.php/walasuji/oai,ojs.jurnalwalasuji.kemdikbud.go.id
5782,WAP,http://www.academicpub.org/wapoai/OAI.aspx,""
5783,Warsaw University of Technology Digital Library,http://bcpw.bg.pw.edu.pl/dlibra/oai-pmh-repository.xml,bcpw.bg.pw.edu.pl
5784,Warta Penelitian Perhubungan,http://ojs.balitbanghub.dephub.go.id/index.php/warlit/oai,ojs.balitbanghub.dephub.go.id
5785,Warta Pengabdian Andalas,http://wartaandalas.lppm.unand.ac.id/index.php/jwa/oai,ojs2.wartaandalas.lppm.unand.ac.id
5786,Warwick Computer Science Repository,http://eprints.dcs.warwick.ac.uk/cgi/oai2,generic.eprints.org
5787,Waseda University Repository,http://waseda.repo.nii.ac.jp/oai,""
5788,Wash U Law Repository,https://digitalcommons.law.wustl.edu/do/oai/,digitalcommons.law.wustl.edu
5789,Washington State Library Digital Collections,http://www.washingtonruralheritage.org:2012/cgi-bin/oai.exe,""
5790,Washington University Open Scholarship,https://openscholarship.wustl.edu/do/oai/,openscholarship.wustl.edu
5791,Waste Technology,http://www.waste.web.id/index.php/wt/oai,ojs.waste.web.id
5792,Wayne State University Digital Projects,http://dlxs.lib.wayne.edu/cgi/o/oai/oai,dlxs.lib.wayne.edu
5793,Ways to Improve Construction Efficiency,http://ways.knuba.edu.ua/index.php/2707-501X/oai,ojs.journals.uran.ua
5794,WBI Studies Repository,https://www.wellbeingintlstudiesrepository.org/do/oai/,www.wellbeingintlstudiesrepository.org
5795,wbv Media Repository,http://dspace.wbv.de:8888/oai/request,dspace.wbv.de
5796,Webbased Archive of RIVM Publications,http://rivm.openrepository.com/rivm-oai/request,""
5797,webLyzard Publications,http://eprints.weblyzard.com/cgi/oai2,eprints.weblyzard.com
5798,WebmedCentral,http://archives.webmedcentral.com/oai/request,""
5799,Welcome to Annals of Current Research,http://www.annalscr.com/index.php/journal/oai,ojs.www.annalscr.com
5800,Welcome to openjournals@Deakin!,https://ojs.deakin.edu.au/index.php/index/oai,ojs.deakin.edu.au
5801,wellcomeimages.org,http://wellcomeimages.org/wellcome_oai,wellcomeimages.org
5802,Wellesley College Digital Scholarship and Archive,https://repository.wellesley.edu/do/oai/,repository.wellesley.edu
5803,WELLNESS AND HEALTHY MAGAZINE,https://wellness.journalpress.id/index.php/wellness/oai,ojs.journalpress.id
5804,Wellness And Healthy Magazine,https://wellness.journalpress.id/wellness/oai,ojs.wellness.journalpress.id
5805,WestCollections/Western Connecticut State University,https://westcollections.wcsu.edu/oai/request,westcollections.wcsu.edu
5806,Western CEDAR,https://cedar.wwu.edu/do/oai/,cedar.wwu.edu
5807,Western Theological Seminary Journals,http://repository.westernsem.edu/pkp/index.php/index/oai,ojs.repository.westernsem.edu
5808,Western Waters Digital Library OAI data provider.,http://wwdl-mss.lib.utah.edu/cgi-bin/oai.exe,""
5809,Westminster Papers in Communication and Culture,https://www.westminsterpapers.org/jms/index.php/up/oai/,ojs.www.westminsterpapers.org
5810,WestminsterResearch,https://westminsterresearch.westminster.ac.uk/oai2,research.westminster.ac.uk
5811,White Rose Etheses Online,http://etheses.whiterose.ac.uk/cgi/oai2,etheses.whiterose.ac.uk
5812,White Rose Research Online,http://eprints.whiterose.ac.uk/cgi/oai2,eprints.whiterose.ac.uk
5813,Whitworth University,https://digitalcommons.whitworth.edu/do/oai/,digitalcommons.whitworth.edu
5814,WHOAS at MBLWHOI Library,http://darchive.mblwhoilibrary.org/oai/request,darchive.mblwhoilibrary.org
5815,Widya Teknika,http://publishing-widyagama.ac.id/ejournal-v2/index.php/widyateknika/oai,ojs.publishing-widyagama.ac.id
5816,Widya Yuridika,http://publishing-widyagama.ac.id/ejournal-v2/index.php/yuridika/oai,ojs.publishing-widyagama.ac.id
5817,Widyagogik : Jurnal Pendidikan dan Pembelajaran Sekolah Dasar,https://journal.trunojoyo.ac.id/widyagogik/oai,ojs.journal.trunojoyo.ac.id
5818,Widyariset,http://widyariset.pusbindiklat.lipi.go.id/index.php/widyariset/oai,widyariset.pusbindiklat.lipi.go.id
5819,Widyatama Repository,http://repository.widyatama.ac.id:8080/oai/request,""
5820,Widyatama University Repository,http://repository.widyatama.ac.id/oai/request,""
5821,Wielkopolska Biblioteka Cyfrowa,http://www.wbc.poznan.pl/dlibra/oai-pmh-repository.xml,www.wbc.poznan.pl
5822,Wiga : Jurnal Penelitian Ilmu Ekonomi,https://ejournal.stiewidyagamalumajang.ac.id/index.php/wiga/oai,ojs2.ejournal.stiewidyagamalumajang.ac.id
5823,Wildlife Biology Practice,http://www.socpvs.org/journals/index.php/wbp/oai,wbp.socpvs.org
5824,WildRepositorium,http://wildrep.socpvs.org/perl/oai2,wildrep.socpvs.org
5825,Wood and Fiber Science,http://wfs.swst.org/index.php/wfs/oai,ojs.wfs.swst.org
5826,Works,https://works.swarthmore.edu/do/oai/,works.swarthmore.edu
5827,World Journal of Applied Environmental Chemistry,https://wjoaec.com/index.php/wjaec/oai,ojs.www.wjoaec.com
5828,World Journal of Biotechnology,http://sciplatform.com/journals/index.php/wjb/oai,ojs.sciplatform.com
5829,Worldwide Waste: Journal of Interdisciplinary Studies,https://www.worldwidewastejournal.com/jms/index.php/up/oai/,wwwj.ubiquitypress.com
5830,WPOM- Working Papers on Operations Management,http://ocsdoe.webs.upv.es/ojs/ojs-2.3.0/Index.php/WPOMP/oai,ojs.ocsdoe.webs.upv.es
5832,WSU Libraries CONTENTdm Repository,http://content.wsulibs.wsu.edu/cgi-bin/oai.exe,""
5833,www.dipp.nrw.de,http://www.dipp.nrw.de/repository/oai,dipp.nrw.de
5834,www.physik-multimedial.de,http://www.physik-multimedial.de/OAI/phpoai2-1.5/oai2.php,""
5835,Wydawnictwo Academicon,https://omp.academicon.pl/wa/oai,omp.academicon.pl
5836,XXI Century Research Foundation,http://21bs.ru/index.php/index/oai,ojs21bs.ru
5837,Yachana Revista Científica,http://revistas.ulvr.edu.ec/index.php/yachana/oai,revistas.ulvr.edu.ec
5838,Yamagata University Academic Repository,http://yamagata.repo.nii.ac.jp/oai,""
5839,Yamaguchi University Navigator for Open access Collection and Archives,http://petit.lib.yamaguchi-u.ac.jp/infolib/oai_repository/repository,""
5840,Yareta,https://yareta.unige.ch/oai,""
5841,YARSI ACADEMIC JOURNALS,http://academicjournal.yarsi.ac.id/index.php/index/oai,ojs.localhost
5842,Yarsi Journal of Pharmacology,http://academicjournal.yarsi.ac.id/index.php/yjp/oai,ojs.localhost
5843,YASIN,https://ejournal.yasin-alsys.org/index.php/yasin/oai,ojs2.ejournal.yasin-alsys.org
5844,Yaşadıkça Eğitim,http://journals.iku.edu.tr/yed/index.php/yed/oai,ikujournals.iku
5845,Yaşadıkça Eğitim Dergisi,http://journals.iku.edu.tr/index.php/yed/oai,ikujournals.iku
5846,Yaşar Üniversitesi Açık Erişim Sistemi,http://yasar.mitosweb.com/services_oai2/,""
5847,Yearbook of Swiss Administrative Sciences,https://ssas.ubiquitypress.com/jms/index.php/up/oai/,ojs.ssas-yearbook.com
5848,Yeditepe University Institutional Repository,http://openaccess.yeditepe.edu.tr/oai/request,openaccess.yeditepe.edu.tr
5849,Yeshiva Academic Institutional Repository,http://repository.yu.edu/oai/request,repository.yu.edu
5850,Yokohama National University Repository,http://ynu.repo.nii.ac.jp/oai,""
5851,Yordam Kütüphanesi Açık Erişimi,http://81.213.79.71:89/medaspro/oai/request,yordamdestek.com
5852,Yordam Kütüphanesi Açık Erişimi,https://yordamdestek.com/yordam/oai/request,yordamdestek.com
5853,YOU Campus Repository - University consortium Yamagata,http://repo.lib.yamagata-u.ac.jp/dspace-oai/request,""
5854,Yupa: Historical Studies Journal,http://jurnal.fkip.unmul.ac.id/index.php/yupa/oai,ojs2.localhost
5855,Yuridika,https://e-journal.unair.ac.id/YDK/oai,e-journal.unair.ac.id
5856,Yuris (Journal of Court and Justice),https://journal.jfpublisher.com/index.php/jcj/oai,ojs2.journal.jfpublisher.com
5857,Yurisdiksi : Jurnal Wacana Hukum dan Sains,http://yurisdiksi.scientific-work.org/index.php/yrd/oai,ojs2.yurisdiksi.scientific-work.org
5858,YURISDIKSI : Jurnal Wacana Hukum dan Sains,https://yurisdiksi.scientific-work.org/index.php/yrd/oai,ojs2.yurisdiksi.scientific-work.org
5859,YURISDIKSI : Jurnal Wacana Hukum dan Sains,http://yrd.scientific-work.org/index.php/yrd/oai,yrd.scientific-work.org
5860,Yurispruden,http://riset.unisma.ac.id/index.php/yur/oai,ojs.riset.unisma.ac.id
5861,"YUYAY: Estrategias, metodologías & didácticas educativas",https://jlacolectivo.com/revistas/index.php/YUYAY/oai,ojs2.jlacolectivo.com
5862,ZEFIR-Publikationen,http://omp.ub.rub.de/index.php/ZEFIR/oai,omp.ub.rub.de
5863,Zeitschrift für Didaktik der Biologie (ZDB) - Biologie Lehren und Lernen,http://zdb.uni-bielefeld.de/index.php/zdb/oai,zdb.uni-bielefeld.de
5864,Zeitschrift für Parteienwissenschaften,https://mip.pruf.hhu.de/oai,ojs.ulb.hhu.de
5865,Zeitschrift für Soziologie,http://www.zfs-online.org/index.php/zfs/oai,ojs.zfs-online.org
5866,Zeitschriftenserver von Hamburg University Press  Verlag der Staats- und Universitätsbibliothek Hamburg,http://journals.sub.uni-hamburg.de/index.php/index/oai,ojs.journals.sub.uni-hamburg.de
5867,"ZERO : Jurnal Sains, Matematika dan Terapan",http://jurnal.uinsu.ac.id/index.php/zero/oai,jurnal.uinsu.ac.id
5868,Zeszyty Naukowe Centrum Badań im. Edyty Stein,http://pressto.amu.edu.pl/index.php/cbes/oai,ojs.pressto.amu.edu.pl
5869,Zonguldak Bülent Ecevit University Institutional Repository,http://acikarsiv.beun.edu.tr/oai/request,acikarsiv.beun.edu.tr
5870,Zootecnia Tropical,http://www.publicaciones.inia.gob.ve/index.php/zootecniatropical/oai,bdojs.publicaciones.inia.gob.ve
5871,Zurich Open Repository and Archive,http://www.zora.uzh.ch/cgi/oai2,www.zora.uzh.ch
5872,Zwingliana,http://www.zwingliana.ch/index.php/zwa/oai,ojs.www.zwingliana.ch
5873,«Системный анализ и прикладная информатика»,http://sapi.bntu.by/jour/oai,ojs.sapi.elpub.ru
5874,Áltera Revista de Antropologia,http://www.periodicos.ufpb.br/index.php/altera/oai,periodicos.ufpb.br
5875,Åìµþ³Ø·ÝÂç³Ø¥ê¥Ý¥¸¥È¥ê,http://ir.u-gakugei.ac.jp/dspace-oai/request,""
5876,Çanakkale Onsekiz Mart University Institutional Repository,http://acikerisim.comu.edu.tr/oai/request,acikerisim.comu.edu.tr
5877,Çukurova Üniversitesi Açık Erişim Sistemi,http://cu.mitosweb.com/services_oai2/,""
5878,Études Angevines,https://angevine-europe.huma-num.fr/ea/oaipmhcp,""
5879,Études Ricoeuriennes / Ricoeur Studies,http://ricoeur.pitt.edu/ojs/index.php/ricoeur/oai,ricoeur.pitt.edu
5880,Íconos - Revista de Ciencias Sociales,http://revistas.flacsoandes.edu.ec/iconos/oai,revistas.flacsoandes.edu.ec
5881,Íkala,http://aprendeenlinea.udea.edu.co/revistas/index.php/ikala/oai,ojs.aprendeenlinea.udea.edu.co
5882,Özgür Yayınları,https://www.ozguryayinlari.com/site/oai,omp.ozguryayinlari.com
5883,æ¸ä½äººæ,http://140.119.25.194:10780/oai/request,""
5884,æ¨ªæµå½ç«å¤§å­¦å­¦è¡æå ±ãªãã¸ããª ,http://kamome.lib.ynu.ac.jp/dspace-oai/request,""
5885,İbn Haldun Çalışmaları Dergisi = Journal of Ibn Haldun Studies,http://journal.ihu.edu.tr/index.php/index/oai,ojs.journal.ihu.edu.tr
5886,İlköğretim Online,http://ilkogretim-online.org.tr/index.php/io/oai,ojs.www.ilkogretim-online.org.tr
5887,İstanbul Atlas University Institutional Repository,http://acikerisim.atlas.edu.tr/oai/request,acikerisim.atlas.edu.tr
5888,İstanbul Galata University Institutional Repository,http://openaccess.galata.edu.tr/oai/request,openaccess.galta.edu.tr
5889,İstanbul Topkapı Üniversitesi Kurumsal Akademik Arşiv ,http://kutuphane.ayvansaray.edu.tr/yordam/oai/request,kutuphane.ayvansaray.edu.tr
5890,İstanbul University Cerrahpaşa Institutional Repository,http://acikerisim.istanbulc.edu.tr/oai/request,acikerisim.istanbulc.edu.tr
5891,İstinye University Institutional Repository,http://acikerisim.istinye.edu.tr/oai/request,acikerisim.istinye.edu.tr
5892,İTÜ Polen,https://polen.itu.edu.tr:8443/server/oai/request,polen.itu.edu.tr
5893,İzmir Yüksek Teknoloji Enstitüsü Açık Erişim Sistemi,http://iyte.mitosweb.com/services_oai2/,""
5894,İzmir Üniversitesi Açık Erişim Sistemi,http://acikarsiv.izmir.edu.tr/services_oai2/,""
5895,Śląska Biblioteka Cyfrowa,http://www.sbc.org.pl/dlibra/oai-pmh-repository.xml,www.sbc.org.pl
5896,ΒΚΠ ΕΚΠΑ :: Σύστημα Ηλεκτρονικής Εκδοτικής (e-Pub),http://epub.lib.uoa.gr/index.php/index/oai,ojs.epub.lib.uoa.gr
5897,Δεξαμένη,http://xantho.lis.upatras.gr/dexameni/index.php/index/oai,ojs.xantho.lis.upatras.gr
5898,Καταθετήριο της Βιβλιοθήκης του ΤΗΜΜΥ,http://vivliothmmy.ee.auth.gr/cgi/oai2,vivliothmmy.ee.auth.gr
5899,Κοσμόπολις,http://xantho.lis.upatras.gr/kosmopolis/index.php/index/oai,ojs.xantho.lis.upatras.gr
5900,Πλειας,http://pleias.lis.upatras.gr/index.php/index/oai,ojs.xantho.lis.upatras.gr
5901,"Ψηφιακή Βιβλιοθήκη ""Θεόφραστος""",http://geolib.geo.auth.gr/digeo/index.php/index/oai,ojs.geolib.geo.auth.gr
5902,πολύφιλος / poliphilos,http://ejournals.lib.auth.gr/poliphilos/oai,ejournals.lib.auth.gr
5903,Інновації молоді в машинобудуванні,http://imm-mmi.kpi.ua/proc/index.php/wissn087/oai,ojs.journals.uran.ua
5904,Інституційний репозиторій Київського університету імені Бориса Грінченка,http://elibrary.kmpu.edu.ua/cgi/oai2,elibrary.kmpu.edu.ua
5905,Інституційний репозиторій Київського університету імені Бориса Грінченка,http://elibrary.kubg.edu.ua/cgi/oai2,elibrary.kubg.edu.ua
5906,АНАЛИТИКА и КОНТРОЛЬ,http://journals.urfu.ru/index.php/analitika/oai,journals.urfu.ru
5907,Актуальні проблеми автоматизації та інформаційних технологій,http://actualproblems.dp.ua/index.php/index/oai,ojs.www.actualproblems.dp.ua
5908,Актуальні проблеми психології в закладах освіти,https://journal.kdpu.edu.ua/psychology/oai,journal.kdpu.edu.ua
5909,Актуальні проблеми фізкультурної освіти,http://www.tmfv.org/apfo/oai,ojs.tmfv.org
5910,"Альманах ""Культура і Сучасність""",http://journals.uran.ua/index.php/2226-0285/oai,ojs.journals.uran.ua
5911,Альманах клинической медицины,http://www.almclinmed.ru/jour/oai,ojs.opskoro.elpub.ru
5912,Альтернативная энергетика и экология (ISJAEE),http://www.isjaee.com/jour/oai,ojs.alternative.elpub.ru
5913,Архив научных исследований ,https://journal.tsue.uz/index.php/archive/oai,ojs2.journal.tsue.uz
5914,Архивъ внутренней медицины,http://www.medarhive.ru/jour/oai,ojs.avk.elpub.ru
5915,Атеротромбоз,http://www.aterotromboz.ru/jour/oai,ojs.aterotromb.elpub.ru
5916,Аэрокосмический научный журнал,http://aerospace.elpub.ru/jour/oai,ojs.aerospace.elpub.ru
5917,"БИОпрепараты. Профилактика, диагностика, лечение",https://www.biopreparations.ru/jour/oai,oai.biopreparat.elpub.ru
5918,Безопасность и риск фармакотерапии,https://www.risksafety.ru/jour/oai,oai.safetyrisk.elpub.ru
5919,Библиотековедение,http://bibliotekovedenie.rsl.ru/jour/oai,ojs.bibliotekovedenie.elpub.ru
5920,Биотехнология,http://www.biotechnology-journal.ru/jour/oai,ojs.biotechnology.elpub.ru
5921,Бюллетень инновационных технологий,http://bitjournal.ru/index.php/bit/oai,ojs.bitjournal.ru
5922,Бюллетень медицинской науки,http://newbmn.asmu.ru/index.php/bmn/oai,ojs2.newbmn.asmu.ru
5923,Бюллетень сибирской медицины,http://bulletin.tomsk.ru/jour/oai,ojs.ssmu.elpub.ru
5924,ВИЧ-инфекция и иммуносупрессии,http://hiv.bmoc-spb.ru/jour/oai,ojs.aids.elpub.ru
5925,Ведомости Научного центра экспертизы средств медицинского применения,https://www.vedomostincesmp.ru/jour/oai,oai.vedomostiregmed.elpub.ru
5926,Вестник Кемеровского государственного университета,http://vestnik.kemsu.ru/jour/oai,ojs.kemsu.elpub.ru
5927,Вестник Московского университета. Серия 16. Биология,http://vestnik-bio-msu.elpub.ru/jour/oai,ojs.vestnik-bio-msu.elpub.ru
5928,Вестник Московского университета. Серия 18. Социология и политология,http://vestnik.socio.msu.ru/jour/oai,ojs.sociolpolitol.elpub.ru
5929,Вестник НГАУ (Новосибирский государственный аграрный университет),https://vestngau.elpub.ru/jour/oai,oai.vestngau.elpub.ru
5930,Вестник Пермского университета. Геология,http://geology-vestnik.psu.ru/index.php/geology/oai,ojs.geology-vestnik.psu.ru
5931,Вестник СибГУТИ,https://vestnik.sibsutis.ru/jour/oai,oai.sibsutis.elpub.ru
5932,Вестник анестезиологии и реаниматологии,http://www.vair-journal.com/jour/oai,oai.vair.elpub.ru
5933,Вестник дерматологии и венерологии,http://www.vestnikdv.ru/jour/oai,oai.vestnikdv.elpub.ru
5934,Вестник травматологии и ортопедии имени Н.Н. Приорова,https://www.cito-vestnik.ru/jour/oai,oai.priorov.elpub.ru
5935,Вестник урологии,http://www.urovest.ru/jour/oai,ojs.urovest.elpub.ru
5936,Вопросы современной педиатрии,http://vsp.spr-journal.ru/jour/oai,ojs.vsp.elpub.ru
5937,Вопросы статистики,http://voprstat.elpub.ru/jour/oai,ojs.voprstat.elpub.ru
5938,Высшее образование в России,http://vovr.elpub.ru/jour/oai,ojs.vovr.elpub.ru
5939,Вісник ДДПУ. Серія: Соціально-філософські проблеми розвитку людини і суспільства,http://journals.uran.ua/index.php/2410-3381/oai,ojs.journals.uran.ua
5940,Вісник Донецького національного університету імені Василя Стуса. Серія політичні науки,http://jvestnik-politology.donnu.edu.ua/oai,ojs.journals.donnu.edu.ua
5941,Вісник Київського національного університету імені Тараса Шевченка. Соціологія,http://www.visnyk.soc.univ.kiev.ua/index.php/soc/oai,visnyk.soc.univ.kiev.ua
5942,Вісник Львівського державного університету безпеки життєдіяльності,https://journal.ldubgd.edu.ua/index.php/Visnuk/oai,ojs2.journal.ldubgd.edu.ua
5943,Вісник Львівського університету. Серія соціологічна.,http://publications.lnu.edu.ua/bulletins/index.php/sociology/oai,ojs.www1.lnu.edu.ua
5944,"Вісник НТУУ ""КПІ"". Серія Радіотехніка, Радіоапаратобудування",http://radap.kpi.ua/index.php/radiotechnique/oai,ojs.radap.kpi.ua
5945,Вісник Національного Авіаційного Університету,http://jrnl.nau.edu.ua/index.php/visnik/oai,ojs.jrnl.nau.edu.ua
5946,Вісник Національної академії керівних кадрів культури і мистецтв,http://journals.uran.ua/index.php/2409-0506/oai,ojs.journals.uran.ua
5947,Вісник Національної академії керівних кадрів культури і мистецтв,http://academy-journals.in.ua/index.php/herald/oai.,ojs.localhost
5948,Вісник Черкаського державного технологічного університету. Серія: Технічні науки,http://vtn.chdtu.edu.ua/index.php/2306-4412/oai,ojs.journals.uran.ua
5949,ГРААЛЬ НАУКИ,https://ojs.ukrlogos.in.ua/index.php/grail-of-science/oai,ojs2.ojs.ukrlogos.in.ua
5950,Геодинамика и тектонофизика,http://gt.crust.irk.ru/jour/oai,ojs.gtcrust.elpub.ru
5951,Гироскопия и навигация,http://gyroscopy.elpub.ru/jour/oai,ojs.gyroscopy.elpub.ru
5952,Гуманітарний інститут,http://masters.kubg.edu.ua/index.php/gi/oai,ojs.masters.kubg.edu.ua
5953,Дискурс,https://discourse.elpub.ru/jour/oai,oai.mrj.elpub.ru
5954,Доклады Национальной академии наук Беларуси,http://doklady.belnauka.by/jour/oai,ojs.dan.elpub.ru
5955,Екологічний вісник Криворіжжя,https://journal.kdpu.edu.ua/ecolog/oai,journal.kdpu.edu.ua
5956,Електронний архів КНУТД,http://er.knutd.com.ua/oai/request,er.knutd.com.ua
5957,Електронний науковий архів Івано-Франківського національного технічного університету нафти і газу,http://elar.nung.edu.ua/oai/request,elar.nung.edu.ua
5958,"Журнал ""Электричество""",http://electro.elpub.ru/jour/oai,ojs.electro.elpub.ru
5959,Журнал инфектологии,http://journal.niidi.ru/jofin/oai,ojs.jofin.elpub.ru
5960,Журнал органічної та фармацевтичної хімії,http://ophcj.nuph.edu.ua/oai,journals.nuph.edu.ua
5961,Журнальный портал УРФУ,http://journals.urfu.ru/index.php/index/oai,journals.urfu.ru
5962,Записки Горного института,http://pmi.spmi.ru/index.php/pmi/oai,pmi.srv-ojs1.spmi.ru
5963,Збірник наукових праць Черкаського державного технологічного університету. Серія: Економічні науки,http://ven.chdtu.edu.ua/index.php/2306-4420/oai,ojs.journals.uran.ua
5964,"Здоровье, спорт, реабилитация",http://sportsscience.org/index.php/health/oai,ojs.sportsscience.org
5965,Зерновое хозяйство России,https://www.zhros.ru/jour/oai,oai.zhros.elpub.ru
5966,Знание. Понимание. Умение,http://journals.mosgu.ru/zpu/oai,ojs.journals.mosgu.ru
5967,Известия Высших Учебных Заведений. Черная Металлургия,http://fermet.misis.ru/jour/oai,ojs.blackmet.elpub.ru
5968,Известия Национальной академии наук Беларуси. Серия аграрных наук,http://vestiagr.belnauka.by/jour/oai,ojs.vestiag.elpub.ru
5969,Известия Национальной академии наук Беларуси. Серия физико-математических наук,http://vestifm.belnauka.by/jour/oai,ojs.vestifm.elpub.ru
5970,Известия Национальной академии наук Беларуси. Серия физико-технических наук,http://vestift.belnauka.by/jour/oai,ojs.vestift.elpub.ru
5971,Известия Национальной академии наук Беларуси. Серия химических наук,http://vestichem.belnauka.by/jour/oai,ojs.vestich.elpub.ru
5972,Известия Российской Академии наук. Серия географическая,http://izvestia.igras.ru/jour/oai,ojs.sergeogr.elpub.ru
5973,"Известия Уральского Федерального университета. Серия 1. Проблемы образования, науки и культуры",http://journals.urfu.ru/index.php/Izvestia1/oai,journals.urfu.ru
5974,Известия Уральского федерального университета. Серия 2. Гуманитарные науки,http://journals.urfu.ru/index.php/Izvestia2/oai,journals.urfu.ru
5975,Известия Уральского федерального университета. Серия 3. Общественные науки,http://journals.urfu.ru/index.php/Izvestia3/oai,journals.urfu.ru
5976,Известия вузов. Порошковая металлургия и функциональные покрытия,http://powder.misis.ru/jour/oai,ojs.powder.elpub.ru
5977,Известия вузов. Цветная металлургия,http://cvmet.misis.ru/jour/oai,ojs.cvmet.elpub.ru
5978,Известия высших учебных заведений России. Радиоэлектроника,https://re.eltech.ru/jour/oai,oai.radioelectronics.elpub.ru
5979,Известия высших учебных заведений. Материалы электронной техники,http://met.misis.ru/jour/oai,ojs.mateltech.elpub.ru
5980,Инновационные системы,http://innovs.ru/index.php/innovs/oai,ojs.innovs.ru
5981,Информатика,http://inf.grid.by/jour/oai,ojs.inform.elpub.ru
5982,Информация и инновации,https://journal.icsti.int/jour/oai,oai.innovation.elpub.ru
5983,Ислам в современном мире,http://islamjournal.idmedina.ru/jour/oai,ojs.islam.elpub.ru
5984,Исторические Исследования,http://www.historystudies.msu.ru/ojs2/index.php/ISIS/oai,ojs.www.historystudies.msu.ru
5985,Київська Академія,http://ka.ukma.edu.ua/index.php/1995-025X/oai,ojs.journals.uran.ua
5986,Клінічна фармація,http://cphj.nuph.edu.ua/oai,journals.nuph.edu.ua
5987,Компьютерная оптика,http://www.computeroptics.ru/jour/oai,ojs.computeroptics.elpub.ru
5988,Конференции факультета ЭлИТ,http://elitconf.sumdu.edu.ua/index.php/index/index/oai,ocs.elitconf.sumdu.edu.ua
5989,Конференції Національного Авіаційного Університету,http://conference.nau.edu.ua/index.php/index/index/oai,ocs.nau.edu.ua
5990,Креативная хирургия и онкология,http://www.surgonco.ru/jour/oai,oai.surgonco.elpub.ru
5991,Культура і Сучасність,http://academy-journals.in.ua/index.php/almanac/oai,ojs.localhost
5992,"Кібербезпека: освіта, наука, техніка",http://csecurity.kubg.edu.ua/index.php/journal/oai,ojs.csecurity.kubg.edu.ua
5993,Литье и металлургия,http://lim.bntu.by/jour/oai,ojs.lim.elpub.ru
5994,Лучевая диагностика и терапия,http://radiag.bmoc-spb.ru/jour/oai,ojs.ldt.elpub.ru
5995,"Людинознавчі студії. Серія ""Педагогіка""",http://lssp.dspu.edu.ua/index.php/2313-2094/oai,ojs.journals.uran.ua
5996,"Літератури світу: поетика, ментальність і духовність",https://journal.kdpu.edu.ua/world_lit/oai,journal.kdpu.edu.ua
5997,МИР (Модернизация. Инновации. Развитие),http://www.mir-nayka.com/jour/oai,ojs.mir.elpub.ru
5998,Математика и математическое моделирование,http://mathm.elpub.ru/jour/oai,ojs.mathm.elpub.ru
5999,Математичне та комп'ютерне моделювання. Серія: Технічні науки,http://mcm-tech.kpnu.edu.ua/index.php/2308-5916/oai,ojs.journals.uran.ua
6000,Математичний вісник Наукового товариства ім. Шевченка,http://journals.iapmm.lviv.ua/ojs/index.php/MBSSS/oai,ojs.journals.iapmm.lviv.ua
6001,Материалы Международной конференции «ИнтерКарто/ИнтерГИС»,http://intercarto.msu.ru/jour/oai,ojs.intercarto.elpub.ru
6002,Мать и Дитя в Кузбассе,http://mednauki.ru/index.php/MD/oai,ojs.mednauki.ru
6003,"Машины и установки: проектирование, разработка и эксплуатация",http://maplants.elpub.ru/jour/oai,ojs.maplants.elpub.ru
6004,Медицина в Кузбассе,http://mednauki.ru/index.php/MK/oai,ojs.mednauki.ru
6005,Медицинская визуализация,http://medvis.vidar.ru/jour/oai,oai.medvis.elpub.ru
6006,Медицинская генетика,http://www.medgen-journal.ru/jour/oai,ojs.medgen.elpub.ru
6007,Медицинский Совет,http://www.med-sovet.pro/jour/oai,ojs.medsovet.elpub.ru
6008,"Менеджмент и кадры: психология управления, соционика и социология",http://publishing.socionic.info/index.php/management/oai,ojs.publishing.socionic.info
6009,Мови та літератури світу,https://journal.kdpu.edu.ua/wll/oai,journal.kdpu.edu.ua
6010,Морская медицина,http://seamed.bmoc-spb.ru/jour/oai,ojs.seamed.elpub.ru
6011,"Міжнародний науковий журнал ""Науковий огляд""",http://naukajournal.org/index.php/naukajournal/oai,ojs.naukajournal.org
6012,НАУКА и ТЕХНИКА,http://sat.bntu.by/jour/oai,ojs.sat.elpub.ru
6013,НАЦИОНАЛЬНЫЙ АГРЕГАТОР ОТКРЫТЫХ РЕПОЗИТОРИЕВ РОССИЙСКИХ УНИВЕРСИТЕТОВ,http://rour.neicon.ru/oai/request,rour.neicon.ru
6014,Навчально-методичні видання Львівського державного університету безпеки життєдіяльності,https://books.ldubgd.edu.ua/index.php/ed/oai,omp.books.ldubgd.edu.ua
6015,Наука Красноярья,http://journal-s.org/index.php/nk/oai,ojs.journal-s.org
6016,Наука и научная информация,https://www.neiconjournal.com/jour/oai,oai.neicon.elpub.ru
6017,Наука и образование: научное издание МГТУ им.Н.Э.Баумана,http://technomag.edu.ru/jour/oai,ojs.scimgtu.elpub.ru
6018,Наукова періодика України,http://journals.uran.ua/index.php/index/oai,ojs.journals.uran.ua
6019,Науковий вісник НЛТУ України,http://nv.nltu.edu.ua/index.php/journal/oai,ojs.www.nv.nltu.edu.ua
6020,Науковий вісник Ужгородського університету. Серія: Математика і інформатика,http://journals.uran.ua/index.php/wissn035/oai,ojs.journals.uran.ua
6021,Наукові видання Харківського національного університету Повітряних Сил,http://www.hups.mil.gov.ua/periodic-app/oai,periodic.hups.mil.gov.ua
6022,Наукові журнали Національного Авіаційного Університету,http://jrnl.nau.edu.ua/index.php/index/oai,ojs.jrnl.nau.edu.ua
6023,Наукові записки молодих учених,http://phm.kspu.kr.ua/ojs/index.php/SNYS/oai,ojs.phm.kspu.kr.ua
6024,Наукові записки молодих учених,https://phm.cuspu.edu.ua/ojs/index.php/SNYS/oai,ojs.phm.kspu.kr.ua
6025,Научные и образовательные основы в физической культуре и спорте,https://saebipcas.elpub.ru/jour/oai,oai.saebipcas.elpub.ru
6026,Научные и технические библиотеки,https://ntb.gpntb.ru/jour/oai,oai.mrj.elpub.ru
6027,Научные труды Московского гуманитарного университета,http://journals.mosgu.ru/trudy/oai,ojs.journals.mosgu.ru
6028,Научный вестник МГТУ ГА,http://avia.mstuca.ru/jour/oai,ojs.caht.elpub.ru
6029,Научный вестник Южного института менеджмента,https://www.uimjournal.com/jour/oai,oai.uimjour.elpub.ru
6030,Научный взгляд в будущее,https://www.scilook.eu/index.php/slif/oai,sw.www.scilook.eu
6031,Научный редактор и издатель,http://www.scieditor.ru/jour/oai,ojs.scieditor.elpub.ru
6032,Национальный журнал глаукома,http://www.glaucomajournal.ru/jour/oai,ojs.glaucoma.elpub.ru
6033,Неврологический журнал,http://nevrojournal.medlit.ru/jour/oai,ojs.nevroj.elpub.ru
6034,Нефрология,http://journal.nephrolog.ru/jour/oai,ojs.nefr.elpub.ru
6035,Новые огнеупоры,http://newogneup.elpub.ru/jour/oai,ojs.newogneup.elpub.ru
6036,Обсерватория культуры,http://observatoria.rsl.ru/jour/oai,ojs.observatoria.elpub.ru
6037,Онкопедиатрия,http://www.oncopediatria.ru/jour/oai,ojs.onco.elpub.ru
6038,Освітні ландшафти · Education Landscapes,http://journals.uran.ua/index.php/2617-5002/oai,ojs.journals.uran.ua
6039,Офтальмохирургия,https://www.ophthalmosurgery.ru/jour/oai,oai.mntk.elpub.ru
6040,ПОЛИТРАВМА,http://poly-trauma.ru/index.php/pt/oai,ojs.poly-trauma.ru
6041,Педагогічний інститут,http://masters.kubg.edu.ua/index.php/pi/oai,ojs.masters.kubg.edu.ua
6042,Педиатрическая фармакология,http://pf.spr-journal.ru/jour/oai,ojs.ppharm.elpub.ru
6043,Пищевые системы,http://www.fsjour.com/jour/oai,oai.foodsyst.elpub.ru
6044,Подільський науковий вісник,http://journals.uran.ua/index.php/2521-1390/oai,ojs.journals.uran.ua
6045,Пожежна безпека,https://journal.ldubgd.edu.ua/index.php/PB/oai,ojs2.journal.ldubgd.edu.ua
6046,Політичне життя,http://jpl.donnu.edu.ua/oai,ojs.journals.donnu.edu.ua
6047,Почвы и окружающая среда,https://soils-journal.ru/index.php/POS/oai,ojs2.soils-journal.ru
6048,Правоприменение,http://enforcement.omsu.ru/jour/oai,ojs.pravo.elpub.ru
6049,Приборы и методы измерений,http://pimi.bntu.by/jour/oai,ojs.pimi.elpub.ru
6050,Прикладні питання математичного моделювання,http://journals.kntu.net.ua/index.php/aqmm/oai,ojs.journals.kntu.net.ua
6051,Проблемы постсоветского пространства,http://www.postsovietarea.com/jour/oai,oai.postsoviet.elpub.ru
6052,Психология и соционика межличностных отношений,http://publishing.socionic.info/index.php/psychology/oai,ojs.publishing.socionic.info
6053,Радиооптика,http://radiooptics.elpub.ru/jour/oai,ojs.radiooptics.elpub.ru
6054,Радиопромышленность,http://www.radioprom.org/jour/oai,ojs.radioprom.elpub.ru
6055,Радіотехніка,http://rt.nure.ua/index.php/0485-8972/oai,ojs.journals.uran.ua
6056,Раны и раневые инфекции. Журнал имени проф. Б.М. Костючёнка,http://www.riri.su/jour/oai,ojs.riri.elpub.ru
6057,Репозиторий БГАТУ!,http://rep.bsatu.by/oai/request,rep.bsatu.by
6058,Репозиторий БГУИР,https://libeldoc.bsuir.by/oai/request,libeldoc.bsuir.by
6059,Репозиторий БНТУ,http://rep.bntu.by/oai/request,rep.bntu.by
6060,Репозиторий КарНЦ РАН,http://elibrary.krc.karelia.ru/cgi/oai2,elibrary.krc.karelia.ru
6061,Репозиторий Самарского национального исследовательского университета имени академика С.П. Королёва,http://repo.ssau.ru/oai/request,dspace.ssau.ru
6062,"Репозиторий УО ""ВГАВМ""",https://repo.vsavm.by/oai/request,repo.vsavm.by
6063,"Репозиторий УО ""Гомельский государственный университет имени Франциска Скорины""",http://elib.gsu.by/oai/request,elib.gsu.by
6064,Российская офтальмология онлайн,http://www.eyepress.ru/oai.aspx,eyepress.ru
6065,Российская офтальмология онлайн,https://eyepress.ru/oai.aspx,eyepress.ru
6066,"Российский вестник детской хирургии, анестезиологии и реаниматологии",https://www.rps-journal.ru/jour/oai,oai.ps-journal.elpub.ru
6067,Российский вестник перинатологии и педиатрии,http://www.ped-perinatology.ru/jour/oai,ojs.perinatology.elpub.ru
6068,Российский кардиологический журнал,http://russjcardiol.elpub.ru/jour/oai,ojs.russjcardiol.elpub.ru
6069,Российский паразитологический журнал,https://vniigis.elpub.ru/jour/oai,ojs.vniigis.elpub.ru
6070,Российский психологический журнал,http://rpj.sfedu.ru/index.php/rpj/oai,rpj.sfedu.ru
6071,Сельскохозяйственные машины и технологии,http://www.vimsmit.com/jour/oai,oai.vimjour.elpub.ru
6072,Сервис plus,http://www.service.plus/jour/oai,ojs.service-plus.elpub.ru
6073,Серія Технічні науки,http://visnyk.nuwm.edu.ua/index.php/tehn/oai,visnyk.nuwm.edu.ua
6074,Сибирский медицинский журнал,http://cardiotomsk.elpub.ru/jour/oai,oai.cardiotomsk.elpub.ru
6075,Сибирский онкологический журнал,http://www.siboncoj.ru/jour/oai,ojs.oncotomsk.elpub.ru
6076,Системный анализ в науке и образовании,https://sanse.ru/index.php/sanse/oai,ojs.sanse.ru
6077,Современное состояние научных исследований и технологий в промышленности,http://itssi-journal.com/index.php/ittsi/oai,ojs.itssi-journal.com
6078,Современные проблемы транспортного комплекса России,https://transcience.ru/index.php/MPRTC/oai,ojs.transcience.ru
6079,"Соционика, ментология и психология личности",http://publishing.socionic.info/index.php/socionics/oai,ojs.publishing.socionic.info
6080,Соціальна фармація в охороні здоров’я,http://sphhcj.nuph.edu.ua/oai,journals.nuph.edu.ua
6081,Стандартные  образцы,http://www.rmjournal.ru/jour/oai,oai.rmjournal.elpub.ru
6082,Статистика и Экономика,http://statecon.rea.ru/jour/oai,ojs.umovest.elpub.ru
6083,Стратегические решения и риск-менеджмент,https://www.jsdrm.ru/jour/oai,oai.ecr.elpub.ru
6084,Сучасні проблеми економіки і підприємництво,http://sb-keip.kpi.ua/index.php/2310-5534/oai,ojs.journals.uran.ua
6085,Теория и практика переработки мяса,http://www.meatjournal.ru/jour/oai,ojs.meat.elpub.ru
6086,Теория и практика судебной экспертизы,http://www.tipse.ru/jour/oai,oai.sudexpert.elpub.ru
6087,Теорія та методика фізичного виховання,http://tmfv.com.ua/journal/oai,ojs.tmfv.com.ua
6088,Тетради по консерватизму,http://www.essaysonconservatism.ru/jour/oai,ojs.connote.elpub.ru
6089,Технологія і техніка друкарства,http://ttdruk.vpi.kpi.ua/index.php/2077-7264/oai,ojs.journals.uran.ua
6090,Тонкие химические технологии,https://www.finechem-mirea.ru/jour/oai,oai.mrj.elpub.ru
6091,Травматология и ортопедия России,http://journal.rniito.org/jour/oai,ojs.tiar.elpub.ru
6092,Трансляционная медицина,http://transmed.almazovcentre.ru/jour/oai,ojs.transmed.elpub.ru
6093,Трансплантология,http://www.jtransplantologiya.ru/jour/oai,ojs.transplantologiya.elpub.ru
6094,Труды Института русского языка им. В.В. Виноградова,http://trudy.ruslang.ru/jour/oai,ojs.instdeeds.elpub.ru
6095,ТубИнформ,http://tubjournal.ru/index.php/TI/oai,ojs.tubjournal.ru
6096,Туберкулез и болезни легких,http://www.tibl-journal.com/jour/oai,ojs.ojs.tiblj.elpub.tech
6097,Український біофармацевтичний журнал,http://ubphj.nuph.edu.ua/oai,journals.nuph.edu.ua
6098,Український вісник медико-соціальної експертизи,http://mse.dnu.dp.ua:8000/index.php/medjournal/oai,ojs.mse.dnu.dp.ua
6099,Ученые записки Санкт-Петербургского государственного медицинского университета имени академика И. П. Павлова,http://www.sci-notes.ru/jour/oai,ojs.uzspbgmu.elpub.ru
6100,ФАРМАКОЭКОНОМИКА. Современная фармакоэкономика и фармакоэпидемиология,http://www.pharmacoeconomics.ru/jour/oai,ojs.farmaec.elpub.ru
6101,Фармация и фармакология,http://www.pharmpharm.ru/jour/oai,ojs.pmedpharm.elpub.ru
6102,"Физика сознания и жизни, космология и астрофизика",http://physics.socionic.info/index.php/physics/oai,ojs.physics.socionic.info
6103,Финансы: теория и практика/Finance: Theory and Practice,http://financetp.fa.ru/jour/oai,oai.finance.elpub.ru
6104,Фізична реабілітація та рекреаційно-оздоровчі технології,http://journals.uran.ua/index.php/wissn049/oai,ojs.journals.uran.ua
6105,Філологічні студії: Науковий вісник Криворізького державного педагогічного університету,https://journal.kdpu.edu.ua/filstd/oai,journal.kdpu.edu.ua
6106,Цифровая трансформация,http://dt.giac.by/jour/oai,oai.dt.elpub.ru
6107,Цифровое пространство научных исследований,http://iculture.spb.ru/index.php/index/oai,ojs.iculture.spb.ru
6108,Чебышевский сборник,http://www.chebsbornik.ru/jour/oai,ojs.cheb.elpub.ru
6109,Экономика в промышленности,http://ecoprom.misis.ru/jour/oai,ojs.economyprom.elpub.ru
6110,Экономика науки,http://ecna.elpub.ru/jour/oai,ojs.ecna.elpub.ru
6111,Электронная библиотека,http://elib.uraic.ru/oai/request,""
6112,Электронная библиотека БГТУ,http://elib.belstu.by/oai/request,elib.belstu.by
6113,Электронная библиотека БГУ,http://elib.bsu.by/oai/request,elib.bsu.by
6114,Электронная библиотека БГЭУ,http://edoc.bseu.by:8080/oai/request,edoc.bseu.by
6115,Электронная библиотека Полоцкого государственного университета,https://elib.psu.by/oai/request,elib.psu.by
6116,Электронная библиотека УРГПУ,http://elar.uspu.ru/oai/request,elar.uspu.ru
6117,Электронные библиотеки,http://ojs.kpfu.ru/index.php/elbib/oai,ojs.ojs.kpfu.ru
6118,Электронные издания философского факультета СПбГУ,http://ojs.philosophy.spbu.ru/index.php/index/oai/,ojs.ojs.philosophy.spbu.ru
6119,Электронный архив РГППУ,http://elar.rsvpu.ru/oai/request,elar.rsvpu.ru
6120,Электронный архив ТПУ,http://earchive.tpu.ru/oai/request,earchive.tpu.ru
6121,Электронный архив УГЛТУ,http://elar.usfeu.ru/oai/request,""
6122,Электронный архив УрФУ,http://elar.urfu.ru/oai/request,""
6123,Энергетика. Известия высших учебных заведений и энергетических объединений СНГ,http://energy.bntu.by/jour/oai,ojs.energy.elpub.ru
6124,Эпидемиология и Вакцинопрофилактика,http://www.epidemvac.ru/jour/oai,oai.epidemiology.elpub.ru
6125,"Юг России: экология, развитие",http://ecodag.elpub.ru/ugro/oai,ojs.ecodag.elpub.ru
6126,Юрислингвистика,http://journal.asu.ru/urisl/oai,journal.asu.ru
6127,شبكة المؤتمرات العربية,http://proceedings.sriweb.org/akn/index.php/index/oai,ojs.proceedings.sriweb.org
6128,فقه و اصول,http://jfiqh.um.ac.ir/index.php/fiqh/oai,magic.js.com
6129,فقه و اصول,http://jfiqh.um.ac.ir/index.php/fiqh/oai.,magic.js.com
6130,مؤتمرات الشبكة,http://proceedings.sriweb.org/ann/index.php/index/icecadm/oai,ocs.proceedings.sriweb.org
6131,ماشین‌های کشاورزی,http://jame.um.ac.ir/index.php/jame/oai,magic.js.com
6132,مجلة الكلية الاسلامية الجامعة,https://iu-juic.com/index.php/juic/oai,ojs2.iu-juic.com
6133,مجلة جامعة الملكة أروى العلمية المحكمة,https://journal.qau.edu.ye/index.php/srj/oai,ojs.qau.edu.ye
6134,مجلة جامعة تشرين -الاعداد القديمة 1978-1991,http://journal.tishreen.edu.sy/index.php/tujo/oai,oai.tishreen.edu.sy
6135,مجله دانشگاه علوم پزشکی کرمانشاه,http://journals.kums.ac.ir/ojs/index.php/jkums/oai,ojs.localhost
6136,پورتال کنگره های دانشگاه علوم پزشکی اردبیل,http://congress.arums.ac.ir/index.php/index/index/oai,congress.arums.ac.ir
6137,پژوهشهای زراعی ایران,http://jcesc.um.ac.ir/index.php/arable/oai,magic.js.com
6138,中国学園リポジトリ,http://cur-ren.cjc.ac.jp/oai/Request,""
6139,名古屋学院大学 機関リポジトリ,http://ngu.repo.nii.ac.jp/oai,""
6140,國立中興大學 日治時期臺灣農業史料數位典藏計畫─卒業報文,http://tahda.lib.nchu.edu.tw/cgi-bin/gs32/nchuoai.cgi,""
6141,宮崎大学学術情報リポジトリ ,http://ir.lib.miyazaki-u.ac.jp/dspace-oai/request,""
6142,就実学術成果リポジトリ,http://repository.shujitsu.ac.jp/oai/Request,""
6143,新世纪科学出版社,http://journal.newcenturyscience.com/index.php/index/oai,ojs.journal.newcenturyscience.com
6144,東洋大学学術情報リポジトリ,http://toyo.repo.nii.ac.jp/oai,""
6145,津山工業高等専門学校学術成果リポジトリ,http://repository.tsuyama-ct.ac.jp/oai/Request,""
6146,環太平洋大学研究成果リポジトリ,http://repository.ipu-japan.ac.jp/oai/Request,""
6147,神戸学院大学機関リポジトリ,http://kobegakuin.repo.nii.ac.jp/oai,""
6148,福島大学学術機関リポジトリ,http://www.lib.fukushima-u.ac.jp/repo/mmd_api/oai-pmh/,www.lib.fukushima-u.ac.jp
6149,立教大学学術リポジトリ,http://rikkyo.repo.nii.ac.jp/oai,""
6150,総合研究大学院大学機関リポジトリ,http://ir.soken.ac.jp/oai,""
6151,臺灣博碩士論文知識加值系統 National Digital Library Theses and Dissertations in Taiwan,http://ndltd.ncl.edu.tw/cgi-bin/gs32/ncloai.cgi,""
6152,近畿大学学術情報リポジトリ,http://kurepo.clib.kindai.ac.jp/modules/xoonips/oai.php,""
6153,関西学院大学リポジトリ,http://kgur.kwansei.ac.jp/dspace-oai/request,""
6154,順天堂大学学術情報リポジトリ,http://library.med.juntendo.ac.jp/il4/oai_repository/pmh/G0000002-repository,""
6155,경기대 아이템 핸들러,http://dcollection.kyonggi.ac.kr/oai/ItemHandler,""
6156,"기초학문자료센터(KRM, Korean Research Memory)",http://www.krm.or.kr/oai/oai/dp_common/OAI.jsp,krm.or.kr
